{
  "experiment_name": "r015_pure_knn_atlasv2_public_event_disjoint_seed21",
  "dataset_dir": "data/atlasv2_public",
  "model": {
    "type": "pure_knn",
    "top_k": 5
  },
  "dev": {
    "AUPRC": 0.5408163265306123,
    "AUROC": 0.925496688741722,
    "Brier": 0.02451612874384852,
    "LogLoss": 0.09737434326349918,
    "ECE@10": 0.055484555665483784,
    "BestF1": 0.6666666666666666,
    "LeadTime@P80": 7.5,
    "Precision@P80": 1.0,
    "Recall@P80": 0.5,
    "LeadTimeDetail": {
      "threshold": 0.4000000059604645,
      "precision": 1.0,
      "recall": 0.5,
      "lead_time": 7.5
    },
    "Analog-Fidelity@5": 74.70967741935483,
    "TTE-Err@1": 31.25
  },
  "test": {
    "AUPRC": 0.29602621010357216,
    "AUROC": 0.752164502164502,
    "Brier": 0.05879518078752312,
    "LogLoss": 0.4424438656761911,
    "ECE@10": 0.038553446357635135,
    "BestF1": 0.32,
    "LeadTime@P80": 10.0,
    "Precision@P80": 1.0,
    "Recall@P80": 0.16666666666666666,
    "LeadTimeDetail": {
      "threshold": 0.4000000059604645,
      "precision": 1.0,
      "recall": 0.16666666666666666,
      "lead_time": 10.0
    },
    "Analog-Fidelity@5": 71.80722891566265,
    "TTE-Err@1": 27.5
  }
}