{
  "completed_rows": 240,
  "n_cases": 80,
  "row_level_by_dataset": {
    "OVERALL": {
      "rows": 240,
      "dims": {
        "relevance": {
          "tracer_mean": 4.245833333333334,
          "prefix_mean": 4.225,
          "delta": 0.020833333333333332,
          "ci95": [
            -0.10833333333333334,
            0.15
          ]
        },
        "supportiveness": {
          "tracer_mean": 4.341666666666667,
          "prefix_mean": 4.316666666666666,
          "delta": 0.025,
          "ci95": [
            -0.075,
            0.12916666666666668
          ]
        },
        "actionability": {
          "tracer_mean": 3.8208333333333333,
          "prefix_mean": 3.6958333333333333,
          "delta": 0.125,
          "ci95": [
            0.029166666666666667,
            0.21666666666666667
          ]
        },
        "explanation_quality": {
          "tracer_mean": 4.25,
          "prefix_mean": 4.141666666666667,
          "delta": 0.10833333333333334,
          "ci95": [
            0.03333333333333333,
            0.18333333333333332
          ]
        },
        "misleading_safety": {
          "tracer_mean": 4.295833333333333,
          "prefix_mean": 4.225,
          "delta": 0.07083333333333333,
          "ci95": [
            -0.05416666666666667,
            0.19166666666666668
          ]
        }
      },
      "preference": {
        "TRACER route": 80,
        "Tie": 106,
        "Prefix-Only": 54
      }
    },
    "AIT-ADS chronology": {
      "rows": 120,
      "dims": {
        "relevance": {
          "tracer_mean": 4.258333333333334,
          "prefix_mean": 3.908333333333333,
          "delta": 0.35,
          "ci95": [
            0.14166666666666666,
            0.5583333333333333
          ]
        },
        "supportiveness": {
          "tracer_mean": 4.416666666666667,
          "prefix_mean": 4.141666666666667,
          "delta": 0.275,
          "ci95": [
            0.10833333333333334,
            0.45
          ]
        },
        "actionability": {
          "tracer_mean": 4.066666666666666,
          "prefix_mean": 3.691666666666667,
          "delta": 0.375,
          "ci95": [
            0.225,
            0.5333333333333333
          ]
        },
        "explanation_quality": {
          "tracer_mean": 4.483333333333333,
          "prefix_mean": 4.208333333333333,
          "delta": 0.275,
          "ci95": [
            0.14166666666666666,
            0.4083333333333333
          ]
        },
        "misleading_safety": {
          "tracer_mean": 4.266666666666667,
          "prefix_mean": 3.933333333333333,
          "delta": 0.3333333333333333,
          "ci95": [
            0.11666666666666667,
            0.5416666666666666
          ]
        }
      },
      "preference": {
        "TRACER route": 63,
        "Tie": 41,
        "Prefix-Only": 16
      }
    },
    "ATLASv2 held-out-family": {
      "rows": 120,
      "dims": {
        "relevance": {
          "tracer_mean": 4.233333333333333,
          "prefix_mean": 4.541666666666667,
          "delta": -0.30833333333333335,
          "ci95": [
            -0.44166666666666665,
            -0.18333333333333332
          ]
        },
        "supportiveness": {
          "tracer_mean": 4.266666666666667,
          "prefix_mean": 4.491666666666666,
          "delta": -0.225,
          "ci95": [
            -0.3333333333333333,
            -0.125
          ]
        },
        "actionability": {
          "tracer_mean": 3.575,
          "prefix_mean": 3.7,
          "delta": -0.125,
          "ci95": [
            -0.21666666666666667,
            -0.041666666666666664
          ]
        },
        "explanation_quality": {
          "tracer_mean": 4.016666666666667,
          "prefix_mean": 4.075,
          "delta": -0.058333333333333334,
          "ci95": [
            -0.11666666666666667,
            0.0
          ]
        },
        "misleading_safety": {
          "tracer_mean": 4.325,
          "prefix_mean": 4.516666666666667,
          "delta": -0.19166666666666668,
          "ci95": [
            -0.31666666666666665,
            -0.06666666666666667
          ]
        }
      },
      "preference": {
        "TRACER route": 17,
        "Tie": 65,
        "Prefix-Only": 38
      }
    }
  },
  "case_averaged": {
    "OVERALL": {
      "relevance": {
        "n_cases": 80,
        "mean_delta": 0.020833333333333332,
        "ci95": [
          -0.19583333333333336,
          0.24166666666666664
        ]
      },
      "supportiveness": {
        "n_cases": 80,
        "mean_delta": 0.025,
        "ci95": [
          -0.1375,
          0.2
        ]
      },
      "actionability": {
        "n_cases": 80,
        "mean_delta": 0.125,
        "ci95": [
          -0.016666666666666663,
          0.2791666666666666
        ]
      },
      "explanation_quality": {
        "n_cases": 80,
        "mean_delta": 0.10833333333333332,
        "ci95": [
          -0.004166666666666674,
          0.225
        ]
      },
      "misleading_safety": {
        "n_cases": 80,
        "mean_delta": 0.07083333333333333,
        "ci95": [
          -0.1334375,
          0.275
        ]
      }
    },
    "AIT-ADS chronology": {
      "relevance": {
        "n_cases": 40,
        "mean_delta": 0.35,
        "ci95": [
          -0.03333333333333335,
          0.6833333333333333
        ]
      },
      "supportiveness": {
        "n_cases": 40,
        "mean_delta": 0.275,
        "ci95": [
          -0.016666666666666673,
          0.55
        ]
      },
      "actionability": {
        "n_cases": 40,
        "mean_delta": 0.375,
        "ci95": [
          0.11666666666666663,
          0.6083333333333334
        ]
      },
      "explanation_quality": {
        "n_cases": 40,
        "mean_delta": 0.275,
        "ci95": [
          0.05833333333333333,
          0.475
        ]
      },
      "misleading_safety": {
        "n_cases": 40,
        "mean_delta": 0.3333333333333333,
        "ci95": [
          -0.05000000000000001,
          0.6583333333333332
        ]
      }
    },
    "ATLASv2 held-out-family": {
      "relevance": {
        "n_cases": 40,
        "mean_delta": -0.30833333333333335,
        "ci95": [
          -0.525,
          -0.1
        ]
      },
      "supportiveness": {
        "n_cases": 40,
        "mean_delta": -0.225,
        "ci95": [
          -0.3833333333333333,
          -0.07479166666666968
        ]
      },
      "actionability": {
        "n_cases": 40,
        "mean_delta": -0.125,
        "ci95": [
          -0.25,
          -5.481726184087721e-18
        ]
      },
      "explanation_quality": {
        "n_cases": 40,
        "mean_delta": -0.05833333333333333,
        "ci95": [
          -0.125,
          0.00833333333333333
        ]
      },
      "misleading_safety": {
        "n_cases": 40,
        "mean_delta": -0.19166666666666665,
        "ci95": [
          -0.3666666666666667,
          -0.016666666666666666
        ]
      }
    }
  },
  "majority_preference_by_case": {
    "TRACER route": 25,
    "Tie": 38,
    "Prefix-Only": 17
  },
  "all_three_same_cases": 62,
  "majority_cases": 80
}