{
  "seeds": [
    7,
    13,
    21
  ],
  "rows": [
    {
      "label": "Full TRACER core",
      "change": "all mechanisms on",
      "experiment": "r215_campaign_mem_decomp_modular_patch_atlasv2_public",
      "seeds": [
        7,
        13,
        21
      ],
      "chronology_auprc": {
        "mean": 0.5745159602302459,
        "std": 0.06493661032167473,
        "values": [
          0.6326530612244898,
          0.4838827838827839,
          0.6070120355834641
        ]
      },
      "heldout_family_auprc": {
        "mean": 0.7666666666666666,
        "std": 0.0,
        "values": [
          0.7666666666666666,
          0.7666666666666666,
          0.7666666666666666
        ]
      },
      "heldout_family_af5": {
        "mean": 69.47791164658635,
        "std": 2.5677698575334587,
        "values": [
          73.01204819277109,
          66.98795180722892,
          68.43373493975903
        ]
      },
      "heldout_family_tte1": {
        "mean": 25.277777353922527,
        "std": 1.571348702347695,
        "values": [
          24.16666603088379,
          24.16666603088379,
          27.5
        ]
      },
      "delta_heldout_family_auprc": 0.0,
      "delta_chronology_auprc": 0.0
    },
    {
      "label": "No auxiliary horizon",
      "change": "auxiliary loss off",
      "experiment": "r218_campaign_mem_decomp_modular_patch_noaux_atlasv2_public",
      "seeds": [
        7,
        13,
        21
      ],
      "chronology_auprc": {
        "mean": 0.6048049989226459,
        "std": 0.022621444961759756,
        "values": [
          0.6315018315018315,
          0.6067226890756302,
          0.5761904761904761
        ]
      },
      "heldout_family_auprc": {
        "mean": 0.7424948240165631,
        "std": 0.045379237442443786,
        "values": [
          0.7916666666666666,
          0.6821946169772256,
          0.753623188405797
        ]
      },
      "heldout_family_af5": {
        "mean": 73.25301204819277,
        "std": 1.2901508758400768,
        "values": [
          74.69879518072288,
          71.56626506024097,
          73.49397590361446
        ]
      },
      "heldout_family_tte1": {
        "mean": 26.11111068725586,
        "std": 2.7498600043252743,
        "values": [
          30.0,
          24.16666603088379,
          24.16666603088379
        ]
      },
      "delta_heldout_family_auprc": -0.024171842650103526,
      "delta_chronology_auprc": 0.030289038692400072
    },
    {
      "label": "No hard negatives",
      "change": "contrastive hard weighting off",
      "experiment": "r268_tracer_clean_no_hardneg_atlasv2_public",
      "seeds": [
        7,
        13,
        21
      ],
      "chronology_auprc": {
        "mean": 0.6067155067155066,
        "std": 0.05450399558553568,
        "values": [
          0.5934065934065933,
          0.5476190476190476,
          0.6791208791208789
        ]
      },
      "heldout_family_auprc": {
        "mean": 0.7666666666666666,
        "std": 0.0,
        "values": [
          0.7666666666666666,
          0.7666666666666666,
          0.7666666666666666
        ]
      },
      "heldout_family_af5": {
        "mean": 71.96787148594377,
        "std": 3.6930325887783586,
        "values": [
          74.4578313253012,
          66.74698795180723,
          74.69879518072288
        ]
      },
      "heldout_family_tte1": {
        "mean": 24.16666603088379,
        "std": 0.0,
        "values": [
          24.16666603088379,
          24.16666603088379,
          24.16666603088379
        ]
      },
      "delta_heldout_family_auprc": 0.0,
      "delta_chronology_auprc": 0.03219954648526069
    },
    {
      "label": "No contrastive loss",
      "change": "contrastive objective off",
      "experiment": "r269_tracer_clean_no_contrastive_atlasv2_public",
      "seeds": [
        7,
        13,
        21
      ],
      "chronology_auprc": {
        "mean": 0.6891912320483748,
        "std": 0.13327551737959475,
        "values": [
          0.5612244897959184,
          0.6333333333333333,
          0.8730158730158728
        ]
      },
      "heldout_family_auprc": {
        "mean": 0.7221884840305892,
        "std": 0.11923726826448947,
        "values": [
          0.7916666666666666,
          0.8205128205128205,
          0.5543859649122806
        ]
      },
      "heldout_family_af5": {
        "mean": 73.89558232931726,
        "std": 1.5780628678223663,
        "values": [
          75.90361445783132,
          72.04819277108435,
          73.73493975903614
        ]
      },
      "heldout_family_tte1": {
        "mean": 25.833333333333332,
        "std": 1.3608278944368906,
        "values": [
          24.16666603088379,
          25.83333396911621,
          27.5
        ]
      },
      "delta_heldout_family_auprc": -0.04447818263607739,
      "delta_chronology_auprc": 0.11467527181812898
    },
    {
      "label": "No correction",
      "change": "final score is base fusion",
      "experiment": "r270_tracer_clean_no_correction_atlasv2_public",
      "seeds": [
        7,
        13,
        21
      ],
      "chronology_auprc": {
        "mean": 0.5713564213564213,
        "std": 0.019352096602226643,
        "values": [
          0.595021645021645,
          0.5476190476190476,
          0.5714285714285714
        ]
      },
      "heldout_family_auprc": {
        "mean": 0.7666666666666666,
        "std": 0.0,
        "values": [
          0.7666666666666666,
          0.7666666666666666,
          0.7666666666666666
        ]
      },
      "heldout_family_af5": {
        "mean": 71.56626506024097,
        "std": 4.774896047454405,
        "values": [
          64.81927710843374,
          75.18072289156626,
          74.69879518072288
        ]
      },
      "heldout_family_tte1": {
        "mean": 26.11111068725586,
        "std": 2.7498600043252743,
        "values": [
          30.0,
          24.16666603088379,
          24.16666603088379
        ]
      },
      "delta_heldout_family_auprc": 0.0,
      "delta_chronology_auprc": -0.0031595388738245855
    },
    {
      "label": "Linear correction",
      "change": "unbounded linear logit gap",
      "experiment": "r271_tracer_clean_linear_correction_atlasv2_public",
      "seeds": [
        7,
        13,
        21
      ],
      "chronology_auprc": {
        "mean": 0.5519405197976626,
        "std": 0.06570894569466589,
        "values": [
          0.48983516483516476,
          0.5231292517006803,
          0.6428571428571428
        ]
      },
      "heldout_family_auprc": {
        "mean": 0.7833333333333333,
        "std": 0.011785113019775802,
        "values": [
          0.7916666666666666,
          0.7666666666666666,
          0.7916666666666666
        ]
      },
      "heldout_family_af5": {
        "mean": 71.40562248995984,
        "std": 3.4659355839986157,
        "values": [
          66.50602409638554,
          73.97590361445782,
          73.73493975903614
        ]
      },
      "heldout_family_tte1": {
        "mean": 27.777777353922527,
        "std": 2.5760053204596556,
        "values": [
          30.0,
          24.16666603088379,
          29.16666603088379
        ]
      },
      "delta_heldout_family_auprc": 0.01666666666666672,
      "delta_chronology_auprc": -0.022575440432583305
    },
    {
      "label": "Forecast-only base gate",
      "change": "base gate fixed to 1",
      "experiment": "r272_tracer_clean_forecast_gate_atlasv2_public",
      "seeds": [
        7,
        13,
        21
      ],
      "chronology_auprc": {
        "mean": 0.5733821733821733,
        "std": 0.07549777465794766,
        "values": [
          0.5076923076923077,
          0.5333333333333333,
          0.6791208791208789
        ]
      },
      "heldout_family_auprc": {
        "mean": 0.7734126984126983,
        "std": 0.013053082701109947,