{
  "settings": [
    {
      "key": "atlasv2_chrono",
      "header": "ATLASv2-C\\,(3s)",
      "caption_name": "ATLASv2 chronology",
      "means": {
        "TRACER": 0.6771236699808129,
        "DLinear-Forecaster": 0.4902579213503583,
        "Small-Transformer-Forecaster": 0.5380516309087737,
        "Prefix-Only-Retrieval + Fusion": 0.273669471476489
      },
      "stds": {
        "TRACER": 0.080509477698165,
        "DLinear-Forecaster": 0.016600512219271567,
        "Small-Transformer-Forecaster": 0.04923648165090529,
        "Prefix-Only-Retrieval + Fusion": 0.05470010348230541
      },
      "ranks": {
        "TRACER": 1.0,
        "Small-Transformer-Forecaster": 2.0,
        "DLinear-Forecaster": 3.0,
        "Prefix-Only-Retrieval + Fusion": 4.0
      },
      "best_value": 0.6771236699808129,
      "second_value": 0.5380516309087737,
      "evidence": "seeded_3"
    },
    {
      "key": "atlas_raw_chrono",
      "header": "Raw-C\\,(3s)",
      "caption_name": "ATLAS-Raw chronology",
      "means": {
        "TRACER": 0.4612469659832803,
        "DLinear-Forecaster": 0.004194605587768066,
        "Small-Transformer-Forecaster": 0.34999889071515145,
        "Prefix-Only-Retrieval + Fusion": 0.32055341378540186
      },
      "stds": {
        "TRACER": 0.0781842511782788,
        "DLinear-Forecaster": 5.982389525506869e-07,
        "Small-Transformer-Forecaster": 0.03214564905311284,
        "Prefix-Only-Retrieval + Fusion": 0.08412495663724141
      },
      "ranks": {
        "TRACER": 1.0,
        "Small-Transformer-Forecaster": 2.0,
        "Prefix-Only-Retrieval + Fusion": 3.0,
        "DLinear-Forecaster": 4.0
      },
      "best_value": 0.4612469659832803,
      "second_value": 0.34999889071515145,
      "evidence": "seeded_3"
    },
    {
      "key": "atlas_raw_event",
      "header": "Raw-E\\,(3s)",
      "caption_name": "ATLAS-Raw event-disjoint",
      "means": {
        "TRACER": 0.4027130511943035,
        "DLinear-Forecaster": 0.0024635495241298495,
        "Small-Transformer-Forecaster": 0.029919578680417863,
        "Prefix-Only-Retrieval + Fusion": 0.25871790683489365
      },
      "stds": {
        "TRACER": 0.0965168095346932,
        "DLinear-Forecaster": 4.8387502867722e-08,
        "Small-Transformer-Forecaster": 0.01991168991990827,
        "Prefix-Only-Retrieval + Fusion": 0.3073495981107372
      },
      "ranks": {
        "TRACER": 1.0,
        "Prefix-Only-Retrieval + Fusion": 2.0,
        "Small-Transformer-Forecaster": 3.0,
        "DLinear-Forecaster": 4.0
      },
      "best_value": 0.4027130511943035,
      "second_value": 0.25871790683489365,
      "evidence": "seeded_3"
    },
    {
      "key": "atlasv2_event_20seed",
      "header": "ATLASv2-HF\\,(20s)",
      "caption_name": "ATLASv2 held-out-family",
      "means": {
        "TRACER": 0.7631337535014006,
        "DLinear-Forecaster": 0.7233954451345754,
        "Small-Transformer-Forecaster": 0.7134021942110177,
        "Prefix-Only-Retrieval + Fusion": 0.6694049510512022
      },
      "stds": {
        "TRACER": 0.041260207514560075,
        "DLinear-Forecaster": 0.03680935838962411,
        "Small-Transformer-Forecaster": 0.0750028199838592,
        "Prefix-Only-Retrieval + Fusion": 0.12099260571894131
      },
      "ranks": {
        "TRACER": 1.0,
        "DLinear-Forecaster": 2.0,
        "Small-Transformer-Forecaster": 3.0,
        "Prefix-Only-Retrieval + Fusion": 4.0
      },
      "best_value": 0.7631337535014006,
      "second_value": 0.7233954451345754,
      "evidence": "seeded_20"
    },
    {
      "key": "ait_ads_chrono_20seed",
      "header": "AIT-C\\,(20s)",
      "caption_name": "AIT-ADS chronology",
      "means": {
        "TRACER": 0.5323961984857847,
        "DLinear-Forecaster": 0.5124020573131669,
        "Small-Transformer-Forecaster": 0.5361587851934377,
        "Prefix-Only-Retrieval + Fusion": 0.5299438859155711
      },
      "stds": {
        "TRACER": 0.020804806394762607,
        "DLinear-Forecaster": 0.014305608590723912,
        "Small-Transformer-Forecaster": 0.01987072941493034,
        "Prefix-Only-Retrieval + Fusion": 0.021942854797912494
      },
      "ranks": {
        "Small-Transformer-Forecaster": 1.0,
        "TRACER": 2.0,
        "Prefix-Only-Retrieval + Fusion": 3.0,
        "DLinear-Forecaster": 4.0
      },
      "best_value": 0.5361587851934377,
      "second_value": 0.5323961984857847,
      "evidence": "seeded_20"
    },
    {
      "key": "ait_ads_event_20seed",
      "header": "AIT-HO\\,(20s)",
      "caption_name": "AIT-ADS held-out-scenario",
      "means": {
        "TRACER": 0.4498491174786052,
        "DLinear-Forecaster": 0.4498491174786052,
        "Small-Transformer-Forecaster": 0.427094055867683,
        "Prefix-Only-Retrieval + Fusion": 0.4162526476636314
      },
      "stds": {
        "TRACER": 0.012990145568365755,
        "DLinear-Forecaster": 0.012990145568365755,
        "Small-Transformer-Forecaster": 0.013589072593142515,
        "Prefix-Only-Retrieval + Fusion": 0.018582823801268626
      },
      "ranks": {
        "TRACER": 1.5,
        "DLinear-Forecaster": 1.5,
        "Small-Transformer-Forecaster": 3.0,
        "Prefix-Only-Retrieval + Fusion": 4.0
      },
      "best_value": 0.4498491174786052,
      "second_value": 0.427094055867683,
      "evidence": "seeded_20"
    }
  ],
  "methods": [
    {
      "method": "TRACER",
      "best_or_tie_best": 5,
      "top_two": 6,
      "mean_rank": 1.25
    },
    {
      "method": "Small-Transformer-Forecaster",
      "best_or_tie_best": 1,
      "top_two": 3,
      "mean_rank": 2.3333333333333335
    },
    {
      "method": "DLinear-Forecaster",
      "best_or_tie_best": 1,
      "top_two": 2,
      "mean_rank": 3.0833333333333335
    },
    {
      "method": "Prefix-Only-Retrieval + Fusion",
      "best_or_tie_best": 0,
      "top_two": 1,
      "mean_rank": 3.3333333333333335
    }
  ],
  "note": "Workbook probe excluded from this audit because it is a weaker chronological-only cold-start probe with a different candidate family set and no held-out-family split."
}