{
  "split": "test_event_disjoint",
  "seeds": [
    7,
    13,
    21
  ],
  "bootstrap_samples": 5000,
  "methods": [
    {
      "display_name": "Pure-kNN-Retrieval",
      "mean": {
        "PosHit@1": 0.0,
        "PosHit@5": 66.66666666666666,
        "PosPrec@5": 16.666666666666664,
        "AlertedPosPrec@5": 40.0,
        "NegContam@5": 3.8961038961038974,
        "AlertRate": 1.2048192771084338
      },
      "std": {
        "PosHit@1": 0.0,
        "PosHit@5": 0.0,
        "PosPrec@5": 0.0,
        "AlertedPosPrec@5": 0.0,
        "NegContam@5": 0.0,
        "AlertRate": 0.0
      },
      "per_seed": {
        "7": {
          "PosHit@1": 0.0,
          "PosHit@5": 66.66666666666666,
          "PosPrec@5": 16.666666666666664,
          "AlertedPosPrec@5": 40.0,
          "NegContam@5": 3.8961038961038974,
          "AlertRate": 1.2048192771084338
        },
        "13": {
          "PosHit@1": 0.0,
          "PosHit@5": 66.66666666666666,
          "PosPrec@5": 16.666666666666664,
          "AlertedPosPrec@5": 40.0,
          "NegContam@5": 3.8961038961038974,
          "AlertRate": 1.2048192771084338
        },
        "21": {
          "PosHit@1": 0.0,
          "PosHit@5": 66.66666666666666,
          "PosPrec@5": 16.666666666666664,
          "AlertedPosPrec@5": 40.0,
          "NegContam@5": 3.8961038961038974,
          "AlertRate": 1.2048192771084338
        }
      }
    },
    {
      "display_name": "Prefix-Only-Retrieval + Fusion",
      "mean": {
        "PosHit@1": 5.5555555555555545,
        "PosHit@5": 44.44444444444444,
        "PosPrec@5": 12.222222222222225,
        "AlertedPosPrec@5": 20.0,
        "NegContam@5": 0.08658008658008658,
        "AlertRate": 2.4096385542168677
      },
      "std": {
        "PosHit@1": 7.85674201318386,
        "PosHit@5": 7.8567420131838634,
        "PosPrec@5": 5.6655772373253175,
        "AlertedPosPrec@5": 16.32993161855452,
        "NegContam@5": 0.12244273267299523,
        "AlertRate": 1.9674616407897014
      },
      "per_seed": {
        "7": {
          "PosHit@1": 0.0,
          "PosHit@5": 50.0,
          "PosPrec@5": 10.000000000000002,
          "AlertedPosPrec@5": 20.0,
          "NegContam@5": 0.2597402597402597,
          "AlertRate": 4.819277108433735
        },
        "13": {
          "PosHit@1": 16.666666666666664,
          "PosHit@5": 50.0,
          "PosPrec@5": 20.000000000000004,
          "AlertedPosPrec@5": 40.0,
          "NegContam@5": 0.0,
          "AlertRate": 2.4096385542168677
        },
        "21": {
          "PosHit@1": 0.0,
          "PosHit@5": 33.33333333333333,
          "PosPrec@5": 6.666666666666667,
          "AlertedPosPrec@5": 0.0,
          "NegContam@5": 0.0,
          "AlertRate": 0.0
        }
      }
    },
    {
      "display_name": "Shared-Encoder TRACER",
      "mean": {
        "PosHit@1": 33.333333333333336,
        "PosHit@5": 83.33333333333333,
        "PosPrec@5": 18.88888888888889,
        "AlertedPosPrec@5": 6.666666666666667,
        "NegContam@5": 2.2510822510822512,
        "AlertRate": 0.8032128514056226
      },
      "std": {
        "PosHit@1": 23.570226039551585,
        "PosHit@5": 13.608276348795437,
        "PosPrec@5": 5.6655772373253175,
        "AlertedPosPrec@5": 9.428090415820634,
        "NegContam@5": 1.0882948129849814,
        "AlertRate": 1.1359145079301969
      },
      "per_seed": {
        "7": {
          "PosHit@1": 50.0,
          "PosHit@5": 83.33333333333334,
          "PosPrec@5": 16.666666666666664,
          "AlertedPosPrec@5": 0.0,
          "NegContam@5": 2.5974025974025974,
          "AlertRate": 0.0
        },
        "13": {
          "PosHit@1": 0.0,
          "PosHit@5": 66.66666666666666,
          "PosPrec@5": 13.333333333333334,
          "AlertedPosPrec@5": 0.0,
          "NegContam@5": 0.7792207792207793,
          "AlertRate": 0.0
        },
        "21": {
          "PosHit@1": 50.0,
          "PosHit@5": 100.0,
          "PosPrec@5": 26.666666666666668,
          "AlertedPosPrec@5": 20.0,
          "NegContam@5": 3.376623376623377,
          "AlertRate": 2.4096385542168677
        }
      }
    },
    {
      "display_name": "TRACER",
      "mean": {
        "PosHit@1": 16.666666666666664,
        "PosHit@5": 49.99999999999999,
        "PosPrec@5": 14.444444444444445,
        "AlertedPosPrec@5": 26.666666666666668,
        "NegContam@5": 0.6060606060606061,
        "AlertRate": 0.8032128514056226
      },
      "std": {
        "PosHit@1": 13.608276348795432,
        "PosHit@5": 13.608276348795432,
        "PosPrec@5": 5.6655772373253175,
        "AlertedPosPrec@5": 24.94438257849294,
        "NegContam@5": 0.44147355096041424,
        "AlertRate": 0.5679572539650984
      },
      "per_seed": {
        "7": {
          "PosHit@1": 0.0,
          "PosHit@5": 33.33333333333333,
          "PosPrec@5": 6.666666666666667,
          "AlertedPosPrec@5": 0.0,
          "NegContam@5": 0.0,
          "AlertRate": 0.0
        },
        "13": {
          "PosHit@1": 33.33333333333333,
          "PosHit@5": 66.66666666666666,
          "PosPrec@5": 16.666666666666664,
          "AlertedPosPrec@5": 20.0,
          "NegContam@5": 0.7792207792207793,
          "AlertRate": 1.2048192771084338
        },
        "21": {
          "PosHit@1": 16.666666666666664,
          "PosHit@5": 50.0,
          "PosPrec@5": 20.000000000000004,
          "AlertedPosPrec@5": 60.0,
          "NegContam@5": 1.0389610389610389,
          "AlertRate": 1.2048192771084338
        }
      }
    }
  ],
  "pairwise": [
    {
      "baseline": "Prefix-Only-Retrieval + Fusion",
      "mean_delta": {
        "PosHit@5": 5.555555555555553,
        "AlertedPosPrec@5": 6.666666666666667,
        "CleanNeg@5": -0.5194805194805194
      },
      "bootstrap": {
        "PosHit@5": {
          "mean": 3.699999999999997,
          "std": 2.6202205165893093,
          "ci95_low": 0.0,
          "ci95_high": 5.555555555555553,
          "positive_mass": 0.666
        },
        "AlertedPosPrec@5": {
          "mean": 4.44,
          "std": 3.1442646199071733,
          "ci95_low": 0.0,
          "ci95_high": 6.666666666666667,
          "positive_mass": 0.666
        },
        "CleanNeg@5": {
          "mean": -0.6412975230064075,
          "std": 0.6297878327797676,
          "ci95_low": -2.4137931034482762,
          "ci95_high": 0.0,
          "positive_mass": 0.0
        }
      }
    },
    {
      "baseline": "Shared-Encoder TRACER",
      "mean_delta": {
        "PosHit@5": -33.333333333333336,
        "AlertedPosPrec@5": 20.0,
        "CleanNeg@5": 1.645021645021645
      },
      "bootstrap": {
        "PosHit@5": {
          "mean": -21.92,
          "std": 15.817087806124954,
          "ci95_low": -33.333333333333336,
          "ci95_high": 0.0,
          "positive_mass": 0.0
        },
        "AlertedPosPrec@5": {
          "mean": 13.152,
          "std": 9.490252683674973,
          "ci95_low": 0.0,
          "ci95_high": 20.0,
          "positive_mass": 0.6576
        },
        "CleanNeg@5": {
          "mean": 1.9353182945353962,
          "std": 1.5809204529504721,
          "ci95_low": -0.07843137254901944,
          "ci95_high": 5.835227272727246,
          "positive_mass": 0.9524
        }
      }
    }
  ]
}