{
  "experiment_name": "r007_pure_knn_smoke",
  "dataset_dir": "data/synthetic_cam_lds",
  "model": {
    "type": "pure_knn",
    "top_k": 5
  },
  "dev": {
    "AUPRC": 0.9035625786297804,
    "Brier": 0.1433333360527953,
    "LeadTime@P80": 19.17174530029297,
    "LeadTimeDetail": {
      "threshold": 1.0,
      "precision": 0.9098360655737705,
      "recall": 0.9568965517241379,
      "lead_time": 19.17174530029297
    },
    "Analog-Fidelity@5": 88.75,
    "TTE-Err@1": 3.6929564476013184
  },
  "test": {
    "AUPRC": 0.8416503745315873,
    "Brier": 0.1477083340100944,
    "LeadTime@P80": 18.106618881225586,
    "LeadTimeDetail": {
      "threshold": 0.800000011920929,
      "precision": 0.8291139240506329,
      "recall": 1.0,
      "lead_time": 18.106618881225586
    },
    "Analog-Fidelity@5": 70.72916666666667,
    "TTE-Err@1": 4.937267780303955
  },
  "test_event_disjoint": {
    "AUPRC": 0.9108813686867554,
    "Brier": 0.14770833655570947,
    "LeadTime@P80": 18.744083404541016,
    "LeadTimeDetail": {
      "threshold": 1.0,
      "precision": 0.9147286821705426,
      "recall": 0.9672131147540983,
      "lead_time": 18.744083404541016
    },
    "Analog-Fidelity@5": 72.1875,
    "TTE-Err@1": 5.568858623504639
  }
}