{
  "experiment_name": "r007_pure_knn_atlasv2_public_seed7",
  "dataset_dir": "data/atlasv2_public",
  "model": {
    "type": "pure_knn",
    "top_k": 5
  },
  "dev": {
    "AUPRC": 0.7222222222222222,
    "Brier": 0.014193548271732947,
    "LeadTime@P80": 7.5,
    "LeadTimeDetail": {
      "threshold": 0.4000000059604645,
      "precision": 1.0,
      "recall": 0.5,
      "lead_time": 7.5
    },
    "Analog-Fidelity@5": 79.87096774193549,
    "TTE-Err@1": 31.25
  },
  "test": {
    "AUPRC": 0.046283128636069815,
    "Brier": 0.044000000119209286,
    "LeadTime@P80": 0.0,
    "LeadTimeDetail": {
      "threshold": 0.0,
      "precision": 0.0,
      "recall": 0.0,
      "lead_time": 0.0
    },
    "Analog-Fidelity@5": 69.88235294117648,
    "TTE-Err@1": 29.285715103149414
  },
  "test_event_disjoint": {
    "AUPRC": 0.27041499330655955,
    "Brier": 0.06216867461261979,
    "LeadTime@P80": 10.0,
    "LeadTimeDetail": {
      "threshold": 0.4000000059604645,
      "precision": 1.0,
      "recall": 0.16666666666666666,
      "lead_time": 10.0
    },
    "Analog-Fidelity@5": 78.3132530120482,
    "TTE-Err@1": 30.0
  }
}