{
  "LR-TailRisk": {
    "chrono": {
      "AUPRC": {
        "mean": 0.059720024321395386,
        "std": 0.03926176474652452
      },
      "LeadTime@P80": {
        "mean": 1.6666666666666667,
        "std": 2.3570226039551585
      },
      "Brier": {
        "mean": 0.013093253896378762,
        "std": 0.0016784802690113616
      },
      "Analog-Fidelity@5": null,
      "TTE-Err@1": null
    },
    "event": {
      "AUPRC": {
        "mean": 0.002467434803408423,
        "std": 0.0
      },
      "LeadTime@P80": {
        "mean": 0.0,
        "std": 0.0
      },
      "Brier": {
        "mean": 0.003202918117735872,
        "std": 0.00042584637496249813
      },
      "Analog-Fidelity@5": null,
      "TTE-Err@1": null
    }
  },
  "DLinear-Forecaster": {
    "chrono": {
      "AUPRC": {
        "mean": 0.004194605587768066,
        "std": 5.982389525506869e-07
      },
      "LeadTime@P80": {
        "mean": 0.0,
        "std": 0.0
      },
      "Brier": {
        "mean": 0.7048469210555931,
        "std": 0.06820825519155291
      },
      "Analog-Fidelity@5": null,
      "TTE-Err@1": null
    },
    "event": {
      "AUPRC": {
        "mean": 0.0024635495241298495,
        "std": 4.8387502867722e-08
      },
      "LeadTime@P80": {
        "mean": 0.0,
        "std": 0.0
      },
      "Brier": {
        "mean": 0.1683803235510106,
        "std": 0.016302597631878777
      },
      "Analog-Fidelity@5": null,
      "TTE-Err@1": null
    }
  },
  "TCN-Forecaster": {
    "chrono": {
      "AUPRC": {
        "mean": 0.12445909056115631,
        "std": 0.026146154986316034
      },
      "LeadTime@P80": {
        "mean": 5.0,
        "std": 0.0
      },
      "Brier": {
        "mean": 0.00622664374812648,
        "std": 0.00013472537015406813
      },
      "Analog-Fidelity@5": null,
      "TTE-Err@1": null
    },
    "event": {
      "AUPRC": {
        "mean": 0.002467434803408423,
        "std": 0.0
      },
      "LeadTime@P80": {
        "mean": 0.0,
        "std": 0.0
      },
      "Brier": {
        "mean": 0.0015874232667647458,
        "std": 1.618841504585948e-05
      },
      "Analog-Fidelity@5": null,
      "TTE-Err@1": null
    }
  },
  "Small-Transformer-Forecaster": {
    "chrono": {
      "AUPRC": {
        "mean": 0.34999889071515145,
        "std": 0.03214564905311284
      },
      "LeadTime@P80": {
        "mean": 3.3333333333333335,
        "std": 2.3570226039551585
      },
      "Brier": {
        "mean": 0.005597645351814313,
        "std": 0.00030213870647722234
      },
      "Analog-Fidelity@5": null,
      "TTE-Err@1": null
    },
    "event": {
      "AUPRC": {
        "mean": 0.029919578680417863,
        "std": 0.01991168991990827
      },
      "LeadTime@P80": {
        "mean": 0.0,
        "std": 0.0
      },
      "Brier": {
        "mean": 0.0015678500703240443,
        "std": 7.004054692678076e-07
      },
      "Analog-Fidelity@5": null,
      "TTE-Err@1": null
    }
  },
  "Prefix-Only-Retrieval + Fusion": {
    "chrono": {
      "AUPRC": {
        "mean": 0.32055341378540186,
        "std": 0.08412495663724141
      },
      "LeadTime@P80": {
        "mean": 3.3333333333333335,
        "std": 2.3570226039551585
      },
      "Brier": {
        "mean": 0.00644407074980423,
        "std": 0.0013167647954912475
      },
      "Analog-Fidelity@5": {
        "mean": 97.76950354609929,
        "std": 0.19135797962030993
      },
      "TTE-Err@1": {
        "mean": 182.63888549804688,
        "std": 220.30237927996495
      }
    },
    "event": {
      "AUPRC": {
        "mean": 0.25871790683489365,
        "std": 0.3073495981107372
      },
      "LeadTime@P80": {
        "mean": 4.166666666666667,
        "std": 5.892556509887896
      },
      "Brier": {
        "mean": 0.001822666732948895,
        "std": 0.000340291922486101
      },
      "Analog-Fidelity@5": {
        "mean": 84.28808091376754,
        "std": 12.421553574932743
      },
      "TTE-Err@1": {
        "mean": 291.94444465637207,
        "std": 378.71024610584675
      }
    }
  },
  "Campaign-MEM w/o utility": {
    "chrono": {
      "AUPRC": {
        "mean": 0.34536508948659145,
        "std": 0.1544987777053048
      },
      "LeadTime@P80": {
        "mean": 9.333333333333334,
        "std": 7.363574011458174
      },
      "Brier": {
        "mean": 0.006411819754301212,
        "std": 0.0010187493482536744
      },
      "Analog-Fidelity@5": {
        "mean": 97.7872340425532,
        "std": 0.17087636600222375
      },
      "TTE-Err@1": {
        "mean": 1814.861063639323,
        "std": 1831.7036243433672
      }
    },
    "event": {
      "AUPRC": {
        "mean": 0.21407435015670573,
        "std": 0.12622606903587016
      },
      "LeadTime@P80": {
        "mean": 0.0,
        "std": 0.0
      },
      "Brier": {
        "mean": 0.0014189769363758917,
        "std": 0.00019994095731547915
      },
      "Analog-Fidelity@5": {
        "mean": 99.56840177870782,
        "std": 0.025894572159591137
      },
      "TTE-Err@1": {
        "mean": 557.5,
        "std": 190.91883092036784
      }
    }
  }
}