{
  "display_name": "Small-Transformer-Forecaster",
  "base_experiment_name": "r010_transformer_forecaster_atlasv2_public_event_disjoint",
  "seed": 377,
  "metrics": {
    "AUPRC": 0.6952380952380952,
    "AUROC": 0.9567099567099567,
    "Brier": 0.06312993910785022,
    "LogLoss": 0.21348078057970393,
    "ECE@10": 0.0601970454641472,
    "BestF1": 0.6666666666666666,
    "LeadTime@P80": 10.0,
    "Precision@P80": 1.0,
    "Recall@P80": 0.5,
    "LeadTimeDetail": {
      "threshold": 0.089444,
      "precision": 1.0,
      "recall": 0.5,
      "lead_time": 10.0
    }
  },
  "threshold": 0.10506299883127213,
  "policy_info": null,
  "predictions": {
    "y_true": [
      0,
      0,
      0,
      0,
      0,
      0,
      0,
      0,
      0,
      0,
      0,
      0,
      0,
      0,
      0,
      0,
      0,
      0,
      0,
      0,
      0,
      0,
      0,
      0,
      0,
      0,
      0,
      0,
      0,
      0,
      0,
      0,
      0,
      0,
      0,
      0,
      0,
      0,
      0,
      0,
      0,
      0,
      0,
      0,
      0,
      0,
      0,
      0,
      0,
      0,
      0,
      0,
      0,
      0,
      0,
      0,
      0,
      0,
      0,
      0,
      0,
      0,
      0,
      0,
      0,
      0,
      0,
      0,
      0,
      0,
      0,
      0,
      0,
      0,
      0,
      0,
      1,
      1,
      1,
      1,
      1,
      1,
      0
    ],
    "y_score": [
      0.0011464718263596296,
      0.0011389831779524684,
      0.0011005920823663473,
      0.0011000941740348935,
      0.0010839893948286772,
      0.0011003405088558793,
      0.0011075842194259167,
      0.0011158488923683763,
      0.00111853564158082,
      0.0011192257516086102,
      0.0011103483848273754,
      0.0011000941740348935,
      0.0010839893948286772,
      0.0010839893948286772,
      0.0010839893948286772,
      0.0010839893948286772,
      0.0010839893948286772,
      0.0010839893948286772,
      0.0010839893948286772,
      0.0010839893948286772,
      0.0010839893948286772,
      0.0010839893948286772,
      0.0010839893948286772,
      0.0010839893948286772,
      0.0010839893948286772,
      0.0010839893948286772,
      0.0010839893948286772,
      0.0010839893948286772,
      0.0010839893948286772,
      0.0010839893948286772,
      0.0010839893948286772,
      0.0012050868244841695,
      0.00132237677462399,
      0.0012516850838437676,
      0.0012391359778121114,
      0.0011667234357446432,
      0.001103216432966292,
      0.0010922810761258006,
      0.0010839893948286772,
      0.0010839893948286772,
      0.0010839893948286772,
      0.0012050868244841695,
      0.00112615164835006,
      0.0011271320981904864,
      0.0011261088075116277,
      0.0771186500787735,
      0.0010839893948286772,
      0.026072414591908455,
      0.0010839893948286772,
      0.026072414591908455,
      0.0010839893948286772,
      0.026072414591908455,
      0.0010839893948286772,
      0.026072414591908455,
      0.0011001203674823046,
      0.0010839893948286772,
      0.0010839893948286772,
      0.0010839893948286772,
      0.0012588838580995798,
      0.0011318366741761565,
      0.0011569721391424537,
      0.0011624896433204412,
      0.0771186500787735,
      0.0011005575070157647,
      0.026072414591908455,
      0.0011001203674823046,
      0.026072414591908455,
      0.0010839893948286772,
      0.026072414591908455,
      0.0010839893948286772,
      0.026072414591908455,
      0.0010839893948286772,
      0.026072414591908455,
      0.07711862772703171,
      0.026072414591908455,
      0.026072414591908455,
      0.026072414591908455,
      0.026072414591908455,
      0.05130881071090698,
      0.08944413810968399,
      0.10832250118255615,
      0.10945562273263931,
      0.005811101756989956
    ],
    "incident_id": [
      "atlasv2/h2-benign-seg033",
      "atlasv2/h2-benign-seg033",
      "atlasv2/h2-benign-seg033",
      "atlasv2/h2-benign-seg033",
      "atlasv2/h2-benign-seg033",
      "atlasv2/h2-benign-seg033",
      "atlasv2/h2-benign-seg033",
      "atlasv2/h2-benign-seg033",
      "atlasv2/h2-benign-seg033",
      "atlasv2/h2-benign-seg033",
      "atlasv2/h2-benign-seg033",
      "atlasv2/h2-benign-seg033",
      "atlasv2/h2-benign-seg033",
      "atlasv2/h2-benign-seg033",
      "atlasv2/h2-benign-seg033",
      "atlasv2/h2-benign-seg033",
      "atlasv2/h2-benign-seg033",
      "atlasv2/h2-benign-seg033",
      "atlasv2/h2-benign-seg033",
      "atlasv2/h2-benign-seg033",
      "atlasv2/h2-benign-seg033",
      "atlasv2/h2-benign-seg033",
      "atlasv2/h2-benign-seg033",
      "atlasv2/h2-benign-seg033",
      "atlasv2/h2-benign-seg033",
      "atlasv2/h2-benign-seg033",
      "atlasv2/h2-benign-seg033",
      "atlasv2/h2-benign-seg033",
      "atlasv2/h2-benign-seg033",
      "atlasv2/h2-benign-seg033",
      "atlasv2/h2-benign-seg033",
      "atlasv2/h2-benign-seg033",
      "atlasv2/h2-benign-seg034",
      "atlasv2/h2-benign-seg034",
      "atlasv2/h2-benign-seg034",
      "atlasv2/h2-benign-seg034",
      "atlasv2/h2-benign-seg034",
      "atlasv2/h2-benign-seg034",
      "atlasv2/h2-benign-seg034",
      "atlasv2/h2-benign-seg034",
      "atlasv2/h2-benign-seg034",
      "atlasv2/h2-benign-seg034",
      "atlasv2/h2-benign-seg034",
      "atlasv2/h2-benign-seg034",
      "atlasv2/h2-benign-seg034",
      "atlasv2/h1-benign-seg034",
      "atlasv2/h2-benign-seg034",
      "atlasv2/h1-benign-seg034",
      "atlasv2/h2-benign-seg034",
      "atlasv2/h1-benign-seg034",
      "atlasv2/h2-benign-seg034",
      "atlasv2/h1-benign-seg034",
      "atlasv2/h2-benign-seg034",
      "atlasv2/h1-benign-seg034",
      "atlasv2/h2-benign-seg035",
      "atlasv2/h2-benign-seg035",
      "atlasv2/h2-benign-seg035",
      "atlasv2/h2-benign-seg035",
      "atlasv2/h2-benign-seg035",
      "atlasv2/h2-benign-seg035",
      "atlasv2/h2-benign-seg035",
      "atlasv2/h2-benign-seg035",
      "atlasv2/h1-benign-seg035",
      "atlasv2/h2-benign-seg035",
      "atlasv2/h1-benign-seg035",
      "atlasv2/h2-benign-seg035",
      "atlasv2/h1-benign-seg035",
      "atlasv2/h2-benign-seg035",
      "atlasv2/h1-benign-seg035",
      "atlasv2/h2-benign-seg035",
      "atlasv2/h1-benign-seg035",
      "atlasv2/h2-benign-seg035",
      "atlasv2/h1-benign-seg035",
      "atlasv2/h1-s4",
      "atlasv2/h1-s4",
      "atlasv2/h1-s4",
      "atlasv2/h1-s4",
      "atlasv2/h1-s4",
      "atlasv2/h1-s4",
      "atlasv2/h1-s4",
      "atlasv2/h1-s4",
      "atlasv2/h1-s4",
      "atlasv2/h1-s4"
    ],