{
  "display_name": "Small-Transformer-Forecaster",
  "base_experiment_name": "r010_transformer_forecaster_atlasv2_public_event_disjoint",
  "seed": 7,
  "metrics": {
    "AUPRC": 0.7666666666666666,
    "AUROC": 0.9632034632034633,
    "Brier": 0.056659599447016464,
    "LogLoss": 0.17773291975014582,
    "ECE@10": 0.04526962433571378,
    "BestF1": 0.8,
    "LeadTime@P80": 12.5,
    "Precision@P80": 1.0,
    "Recall@P80": 0.6666666666666666,
    "LeadTimeDetail": {
      "threshold": 0.13391,
      "precision": 1.0,
      "recall": 0.6666666666666666,
      "lead_time": 12.5
    }
  },
  "threshold": 0.1677280068397522,
  "policy_info": null,
  "predictions": {
    "y_true": [
      0,
      0,
      0,
      0,
      0,
      0,
      0,
      0,
      0,
      0,
      0,
      0,
      0,
      0,
      0,
      0,
      0,
      0,
      0,
      0,
      0,
      0,
      0,
      0,
      0,
      0,
      0,
      0,
      0,
      0,
      0,
      0,
      0,
      0,
      0,
      0,
      0,
      0,
      0,
      0,
      0,
      0,
      0,
      0,
      0,
      0,
      0,
      0,
      0,
      0,
      0,
      0,
      0,
      0,
      0,
      0,
      0,
      0,
      0,
      0,
      0,
      0,
      0,
      0,
      0,
      0,
      0,
      0,
      0,
      0,
      0,
      0,
      0,
      0,
      0,
      0,
      1,
      1,
      1,
      1,
      1,
      1,
      0
    ],
    "y_score": [
      0.007233989425003529,
      0.006705024745315313,
      0.007006173487752676,
      0.007015554700046778,
      0.007585571613162756,
      0.007433039136230946,
      0.007194939069449902,
      0.007061230484396219,
      0.007352032233029604,
      0.006748862098902464,
      0.006840637885034084,
      0.007015554700046778,
      0.007585571613162756,
      0.007585571613162756,
      0.007585571613162756,
      0.007585571613162756,
      0.007585571613162756,
      0.007585571613162756,
      0.007585571613162756,
      0.007585571613162756,
      0.007585571613162756,
      0.007585571613162756,
      0.007585571613162756,
      0.007585571613162756,
      0.007585571613162756,
      0.007585571613162756,
      0.007585571613162756,
      0.007585571613162756,
      0.007585571613162756,
      0.007585571613162756,
      0.007585571613162756,
      0.014164560474455357,
      0.017360519617795944,
      0.012298318557441235,
      0.011520343832671642,
      0.007847612723708153,
      0.00692029157653451,
      0.007163663394749165,
      0.007585571613162756,
      0.007585571613162756,
      0.007585571613162756,
      0.014164560474455357,
      0.008032119832932949,
      0.00803742092102766,
      0.00806611031293869,
      0.11040779203176498,
      0.007585571613162756,
      0.05624660104513168,
      0.007585571613162756,
      0.05624660104513168,
      0.007585571613162756,
      0.05624660104513168,
      0.007585571613162756,
      0.05624660104513168,
      0.0070645310916006565,
      0.007585571613162756,
      0.007585571613162756,
      0.007585571613162756,
      0.0152607262134552,
      0.008397240191698074,
      0.009564647451043129,
      0.008349158801138401,
      0.11040779203176498,
      0.007053785491734743,
      0.05624660104513168,
      0.007064527831971645,
      0.05624660104513168,
      0.007585571613162756,
      0.05624660104513168,
      0.007585571613162756,
      0.05624660104513168,
      0.007585571613162756,
      0.05624660104513168,
      0.11040779203176498,
      0.05624660104513168,
      0.05624660104513168,
      0.05624660104513168,
      0.05624660104513168,
      0.13391000032424927,
      0.20403815805912018,
      0.1440095752477646,
      0.1472146213054657,
      0.044758595526218414
    ],
    "incident_id": [
      "atlasv2/h2-benign-seg033",
      "atlasv2/h2-benign-seg033",
      "atlasv2/h2-benign-seg033",
      "atlasv2/h2-benign-seg033",
      "atlasv2/h2-benign-seg033",
      "atlasv2/h2-benign-seg033",
      "atlasv2/h2-benign-seg033",
      "atlasv2/h2-benign-seg033",
      "atlasv2/h2-benign-seg033",
      "atlasv2/h2-benign-seg033",
      "atlasv2/h2-benign-seg033",
      "atlasv2/h2-benign-seg033",
      "atlasv2/h2-benign-seg033",
      "atlasv2/h2-benign-seg033",
      "atlasv2/h2-benign-seg033",
      "atlasv2/h2-benign-seg033",
      "atlasv2/h2-benign-seg033",
      "atlasv2/h2-benign-seg033",
      "atlasv2/h2-benign-seg033",
      "atlasv2/h2-benign-seg033",
      "atlasv2/h2-benign-seg033",
      "atlasv2/h2-benign-seg033",
      "atlasv2/h2-benign-seg033",
      "atlasv2/h2-benign-seg033",
      "atlasv2/h2-benign-seg033",
      "atlasv2/h2-benign-seg033",
      "atlasv2/h2-benign-seg033",
      "atlasv2/h2-benign-seg033",
      "atlasv2/h2-benign-seg033",
      "atlasv2/h2-benign-seg033",
      "atlasv2/h2-benign-seg033",
      "atlasv2/h2-benign-seg033",
      "atlasv2/h2-benign-seg034",
      "atlasv2/h2-benign-seg034",
      "atlasv2/h2-benign-seg034",
      "atlasv2/h2-benign-seg034",
      "atlasv2/h2-benign-seg034",
      "atlasv2/h2-benign-seg034",
      "atlasv2/h2-benign-seg034",
      "atlasv2/h2-benign-seg034",
      "atlasv2/h2-benign-seg034",
      "atlasv2/h2-benign-seg034",
      "atlasv2/h2-benign-seg034",
      "atlasv2/h2-benign-seg034",
      "atlasv2/h2-benign-seg034",
      "atlasv2/h1-benign-seg034",
      "atlasv2/h2-benign-seg034",
      "atlasv2/h1-benign-seg034",
      "atlasv2/h2-benign-seg034",
      "atlasv2/h1-benign-seg034",
      "atlasv2/h2-benign-seg034",
      "atlasv2/h1-benign-seg034",
      "atlasv2/h2-benign-seg034",
      "atlasv2/h1-benign-seg034",
      "atlasv2/h2-benign-seg035",
      "atlasv2/h2-benign-seg035",
      "atlasv2/h2-benign-seg035",
      "atlasv2/h2-benign-seg035",
      "atlasv2/h2-benign-seg035",
      "atlasv2/h2-benign-seg035",
      "atlasv2/h2-benign-seg035",
      "atlasv2/h2-benign-seg035",
      "atlasv2/h1-benign-seg035",
      "atlasv2/h2-benign-seg035",
      "atlasv2/h1-benign-seg035",
      "atlasv2/h2-benign-seg035",
      "atlasv2/h1-benign-seg035",
      "atlasv2/h2-benign-seg035",
      "atlasv2/h1-benign-seg035",
      "atlasv2/h2-benign-seg035",
      "atlasv2/h1-benign-seg035",
      "atlasv2/h2-benign-seg035",
      "atlasv2/h1-benign-seg035",
      "atlasv2/h1-s4",
      "atlasv2/h1-s4",
      "atlasv2/h1-s4",
      "atlasv2/h1-s4",
      "atlasv2/h1-s4",
      "atlasv2/h1-s4",
      "atlasv2/h1-s4",
      "atlasv2/h1-s4",
      "atlasv2/h1-s4",
      "atlasv2/h1-s4"
    ],