{
  "display_name": "LSTM-Forecaster",
  "base_experiment_name": "r018_lstm_forecaster_atlasv2_public_event_disjoint",
  "seed": 21,
  "metrics": {
    "AUPRC": 0.7916666666666666,
    "AUROC": 0.9718614718614719,
    "Brier": 0.05662056962258754,
    "LogLoss": 0.1737514705661601,
    "ECE@10": 0.05280741985742164,
    "BestF1": 0.8,
    "LeadTime@P80": 10.0,
    "Precision@P80": 1.0,
    "Recall@P80": 0.5,
    "LeadTimeDetail": {
      "threshold": 0.104643,
      "precision": 1.0,
      "recall": 0.5,
      "lead_time": 10.0
    }
  },
  "threshold": 0.5,
  "policy_info": null,
  "predictions": {
    "y_true": [
      0,
      0,
      0,
      0,
      0,
      0,
      0,
      0,
      0,
      0,
      0,
      0,
      0,
      0,
      0,
      0,
      0,
      0,
      0,
      0,
      0,
      0,
      0,
      0,
      0,
      0,
      0,
      0,
      0,
      0,
      0,
      0,
      0,
      0,
      0,
      0,
      0,
      0,
      0,
      0,
      0,
      0,
      0,
      0,
      0,
      0,
      0,
      0,
      0,
      0,
      0,
      0,
      0,
      0,
      0,
      0,
      0,
      0,
      0,
      0,
      0,
      0,
      0,
      0,
      0,
      0,
      0,
      0,
      0,
      0,
      0,
      0,
      0,
      0,
      0,
      0,
      1,
      1,
      1,
      1,
      1,
      1,
      0
    ],
    "y_score": [
      1.2197165233374108e-05,
      2.983916965604294e-05,
      0.00027263895026408136,
      0.0002392856840742752,
      0.00045813864562660456,
      0.00034251995384693146,
      0.00024564919294789433,
      0.0001574532361701131,
      9.330380999017507e-05,
      0.00011805342364823446,
      0.00015641383652109653,
      0.0002392856840742752,
      0.00045813864562660456,
      0.00045813864562660456,
      0.00045813864562660456,
      0.00045813864562660456,
      0.00045813864562660456,
      0.00045813864562660456,
      0.00045813864562660456,
      0.00045813864562660456,
      0.00045813864562660456,
      0.00045813864562660456,
      0.00045813864562660456,
      0.00045813864562660456,
      0.00045813864562660456,
      0.00045813864562660456,
      0.00045813864562660456,
      0.00045813864562660456,
      0.00045813864562660456,
      0.00045813864562660456,
      0.00045813864562660456,
      0.00121863663662225,
      0.0034217997454106808,
      0.0031300815753638744,
      0.0037262162659317255,
      0.0010870518162846565,
      0.0003839967539533973,
      0.0004183764976914972,
      0.00045813864562660456,
      0.00045813864562660456,
      0.00045813864562660456,
      0.00121863663662225,
      0.001201687497086823,
      0.0012863304000347853,
      0.0012733180774375796,
      0.08838335424661636,
      0.00045813864562660456,
      0.051243361085653305,
      0.00045813864562660456,
      0.051243361085653305,
      0.00045813864562660456,
      0.051243361085653305,
      0.00045813864562660456,
      0.051243361085653305,
      0.0005358080961741507,
      0.00045813864562660456,
      0.00045813864562660456,
      0.00045813864562660456,
      0.0011291018454357982,
      0.001172344433143735,
      0.0016951275756582618,
      0.0016165607376024127,
      0.08838335424661636,
      0.0005427643191069365,
      0.0512433722615242,
      0.0005358076305128634,
      0.0512433722615242,
      0.00045813864562660456,
      0.0512433722615242,
      0.00045813864562660456,
      0.0512433722615242,
      0.00045813864562660456,
      0.0512433722615242,
      0.08838336169719696,
      0.0512433722615242,
      0.0512433722615242,
      0.0512433722615242,
      0.0512433722615242,
      0.10464273393154144,
      0.23810838162899017,
      0.1542711704969406,
      0.13437198102474213,
      0.01165715791285038
    ],
    "incident_id": [
      "atlasv2/h2-benign-seg033",
      "atlasv2/h2-benign-seg033",
      "atlasv2/h2-benign-seg033",
      "atlasv2/h2-benign-seg033",
      "atlasv2/h2-benign-seg033",
      "atlasv2/h2-benign-seg033",
      "atlasv2/h2-benign-seg033",
      "atlasv2/h2-benign-seg033",
      "atlasv2/h2-benign-seg033",
      "atlasv2/h2-benign-seg033",
      "atlasv2/h2-benign-seg033",
      "atlasv2/h2-benign-seg033",
      "atlasv2/h2-benign-seg033",
      "atlasv2/h2-benign-seg033",
      "atlasv2/h2-benign-seg033",
      "atlasv2/h2-benign-seg033",
      "atlasv2/h2-benign-seg033",
      "atlasv2/h2-benign-seg033",
      "atlasv2/h2-benign-seg033",
      "atlasv2/h2-benign-seg033",
      "atlasv2/h2-benign-seg033",
      "atlasv2/h2-benign-seg033",
      "atlasv2/h2-benign-seg033",
      "atlasv2/h2-benign-seg033",
      "atlasv2/h2-benign-seg033",
      "atlasv2/h2-benign-seg033",
      "atlasv2/h2-benign-seg033",
      "atlasv2/h2-benign-seg033",
      "atlasv2/h2-benign-seg033",
      "atlasv2/h2-benign-seg033",
      "atlasv2/h2-benign-seg033",
      "atlasv2/h2-benign-seg033",
      "atlasv2/h2-benign-seg034",
      "atlasv2/h2-benign-seg034",
      "atlasv2/h2-benign-seg034",
      "atlasv2/h2-benign-seg034",
      "atlasv2/h2-benign-seg034",
      "atlasv2/h2-benign-seg034",
      "atlasv2/h2-benign-seg034",
      "atlasv2/h2-benign-seg034",
      "atlasv2/h2-benign-seg034",
      "atlasv2/h2-benign-seg034",
      "atlasv2/h2-benign-seg034",
      "atlasv2/h2-benign-seg034",
      "atlasv2/h2-benign-seg034",
      "atlasv2/h1-benign-seg034",
      "atlasv2/h2-benign-seg034",
      "atlasv2/h1-benign-seg034",
      "atlasv2/h2-benign-seg034",
      "atlasv2/h1-benign-seg034",
      "atlasv2/h2-benign-seg034",
      "atlasv2/h1-benign-seg034",
      "atlasv2/h2-benign-seg034",
      "atlasv2/h1-benign-seg034",
      "atlasv2/h2-benign-seg035",
      "atlasv2/h2-benign-seg035",
      "atlasv2/h2-benign-seg035",
      "atlasv2/h2-benign-seg035",
      "atlasv2/h2-benign-seg035",
      "atlasv2/h2-benign-seg035",
      "atlasv2/h2-benign-seg035",
      "atlasv2/h2-benign-seg035",
      "atlasv2/h1-benign-seg035",
      "atlasv2/h2-benign-seg035",
      "atlasv2/h1-benign-seg035",
      "atlasv2/h2-benign-seg035",
      "atlasv2/h1-benign-seg035",
      "atlasv2/h2-benign-seg035",
      "atlasv2/h1-benign-seg035",
      "atlasv2/h2-benign-seg035",
      "atlasv2/h1-benign-seg035",
      "atlasv2/h2-benign-seg035",
      "atlasv2/h1-benign-seg035",
      "atlasv2/h1-s4",
      "atlasv2/h1-s4",
      "atlasv2/h1-s4",
      "atlasv2/h1-s4",
      "atlasv2/h1-s4",
      "atlasv2/h1-s4",
      "atlasv2/h1-s4",
      "atlasv2/h1-s4",
      "atlasv2/h1-s4",
      "atlasv2/h1-s4"
    ],