{
  "display_name": "LSTM-Forecaster",
  "base_experiment_name": "r018_lstm_forecaster_atlasv2_public_event_disjoint",
  "seed": 7,
  "metrics": {
    "AUPRC": 0.6952380952380952,
    "AUROC": 0.948051948051948,
    "Brier": 0.05620358953269369,
    "LogLoss": 0.1742444323335385,
    "ECE@10": 0.0511692392661556,
    "BestF1": 0.6666666666666666,
    "LeadTime@P80": 10.0,
    "Precision@P80": 1.0,
    "Recall@P80": 0.5,
    "LeadTimeDetail": {
      "threshold": 0.098904,
      "precision": 1.0,
      "recall": 0.5,
      "lead_time": 10.0
    }
  },
  "threshold": 0.5,
  "policy_info": null,
  "predictions": {
    "y_true": [
      0,
      0,
      0,
      0,
      0,
      0,
      0,
      0,
      0,
      0,
      0,
      0,
      0,
      0,
      0,
      0,
      0,
      0,
      0,
      0,
      0,
      0,
      0,
      0,
      0,
      0,
      0,
      0,
      0,
      0,
      0,
      0,
      0,
      0,
      0,
      0,
      0,
      0,
      0,
      0,
      0,
      0,
      0,
      0,
      0,
      0,
      0,
      0,
      0,
      0,
      0,
      0,
      0,
      0,
      0,
      0,
      0,
      0,
      0,
      0,
      0,
      0,
      0,
      0,
      0,
      0,
      0,
      0,
      0,
      0,
      0,
      0,
      0,
      0,
      0,
      0,
      1,
      1,
      1,
      1,
      1,
      1,
      0
    ],
    "y_score": [
      0.0003808358160313219,
      0.0007039073389023542,
      0.0013803723268210888,
      0.0014019774971529841,
      0.0015754835912957788,
      0.0012580292532220483,
      0.0010832564439624548,
      0.0009390728082507849,
      0.0007800422026775777,
      0.0010286096949130297,
      0.0012067861389368773,
      0.0014019774971529841,
      0.0015754835912957788,
      0.0015754835912957788,
      0.0015754835912957788,
      0.0015754835912957788,
      0.0015754835912957788,
      0.0015754835912957788,
      0.0015754835912957788,
      0.0015754835912957788,
      0.0015754835912957788,
      0.0015754835912957788,
      0.0015754835912957788,
      0.0015754835912957788,
      0.0015754835912957788,
      0.0015754835912957788,
      0.0015754835912957788,
      0.0015754835912957788,
      0.0015754835912957788,
      0.0015754835912957788,
      0.0015754835912957788,
      0.004251565784215927,
      0.013371266424655914,
      0.013128879480063915,
      0.01364257000386715,
      0.0038843140937387943,
      0.001494013355113566,
      0.0015416133683174849,
      0.0015754835912957788,
      0.0015754835912957788,
      0.0015754835912957788,
      0.004251565784215927,
      0.004235981963574886,
      0.00446184491738677,
      0.004208472091704607,
      0.0989036113023758,
      0.0015754835912957788,
      0.04832770302891731,
      0.0015754835912957788,
      0.04832770302891731,
      0.0015754835912957788,
      0.04832770302891731,
      0.0015754835912957788,
      0.04832770302891731,
      0.0018444485031068325,
      0.0015754835912957788,
      0.0015754835912957788,
      0.0015754835912957788,
      0.004188683349639177,
      0.003961421549320221,
      0.004452224355190992,
      0.004382914863526821,
      0.0989036113023758,
      0.0018409928306937218,
      0.04832769185304642,
      0.0018444485031068325,
      0.04832769185304642,
      0.0015754835912957788,
      0.04832769185304642,
      0.0015754835912957788,
      0.04832769185304642,
      0.0015754835912957788,
      0.04832769185304642,
      0.0989036113023758,
      0.04832769185304642,
      0.04832769185304642,
      0.04832769185304642,
      0.04832769185304642,
      0.0976087898015976,
      0.2224646508693695,
      0.16941861808300018,
      0.17009291052818298,
      0.01385425217449665
    ],
    "incident_id": [
      "atlasv2/h2-benign-seg033",
      "atlasv2/h2-benign-seg033",
      "atlasv2/h2-benign-seg033",
      "atlasv2/h2-benign-seg033",
      "atlasv2/h2-benign-seg033",
      "atlasv2/h2-benign-seg033",
      "atlasv2/h2-benign-seg033",
      "atlasv2/h2-benign-seg033",
      "atlasv2/h2-benign-seg033",
      "atlasv2/h2-benign-seg033",
      "atlasv2/h2-benign-seg033",
      "atlasv2/h2-benign-seg033",
      "atlasv2/h2-benign-seg033",
      "atlasv2/h2-benign-seg033",
      "atlasv2/h2-benign-seg033",
      "atlasv2/h2-benign-seg033",
      "atlasv2/h2-benign-seg033",
      "atlasv2/h2-benign-seg033",
      "atlasv2/h2-benign-seg033",
      "atlasv2/h2-benign-seg033",
      "atlasv2/h2-benign-seg033",
      "atlasv2/h2-benign-seg033",
      "atlasv2/h2-benign-seg033",
      "atlasv2/h2-benign-seg033",
      "atlasv2/h2-benign-seg033",
      "atlasv2/h2-benign-seg033",
      "atlasv2/h2-benign-seg033",
      "atlasv2/h2-benign-seg033",
      "atlasv2/h2-benign-seg033",
      "atlasv2/h2-benign-seg033",
      "atlasv2/h2-benign-seg033",
      "atlasv2/h2-benign-seg033",
      "atlasv2/h2-benign-seg034",
      "atlasv2/h2-benign-seg034",
      "atlasv2/h2-benign-seg034",
      "atlasv2/h2-benign-seg034",
      "atlasv2/h2-benign-seg034",
      "atlasv2/h2-benign-seg034",
      "atlasv2/h2-benign-seg034",
      "atlasv2/h2-benign-seg034",
      "atlasv2/h2-benign-seg034",
      "atlasv2/h2-benign-seg034",
      "atlasv2/h2-benign-seg034",
      "atlasv2/h2-benign-seg034",
      "atlasv2/h2-benign-seg034",
      "atlasv2/h1-benign-seg034",
      "atlasv2/h2-benign-seg034",
      "atlasv2/h1-benign-seg034",
      "atlasv2/h2-benign-seg034",
      "atlasv2/h1-benign-seg034",
      "atlasv2/h2-benign-seg034",
      "atlasv2/h1-benign-seg034",
      "atlasv2/h2-benign-seg034",
      "atlasv2/h1-benign-seg034",
      "atlasv2/h2-benign-seg035",
      "atlasv2/h2-benign-seg035",
      "atlasv2/h2-benign-seg035",
      "atlasv2/h2-benign-seg035",
      "atlasv2/h2-benign-seg035",
      "atlasv2/h2-benign-seg035",
      "atlasv2/h2-benign-seg035",
      "atlasv2/h2-benign-seg035",
      "atlasv2/h1-benign-seg035",
      "atlasv2/h2-benign-seg035",
      "atlasv2/h1-benign-seg035",
      "atlasv2/h2-benign-seg035",
      "atlasv2/h1-benign-seg035",
      "atlasv2/h2-benign-seg035",
      "atlasv2/h1-benign-seg035",
      "atlasv2/h2-benign-seg035",
      "atlasv2/h1-benign-seg035",
      "atlasv2/h2-benign-seg035",
      "atlasv2/h1-benign-seg035",
      "atlasv2/h1-s4",
      "atlasv2/h1-s4",
      "atlasv2/h1-s4",
      "atlasv2/h1-s4",
      "atlasv2/h1-s4",
      "atlasv2/h1-s4",
      "atlasv2/h1-s4",
      "atlasv2/h1-s4",
      "atlasv2/h1-s4",
      "atlasv2/h1-s4"
    ],