{
  "display_name": "DLinear-Forecaster",
  "base_experiment_name": "r020_dlinear_forecaster_atlasv2_public_event_disjoint",
  "seed": 610,
  "metrics": {
    "AUPRC": 0.7619047619047619,
    "AUROC": 0.9588744588744589,
    "Brier": 0.059582050682716964,
    "LogLoss": 0.18785151191028557,
    "ECE@10": 0.05038411937042486,
    "BestF1": 0.8,
    "LeadTime@P80": 12.5,
    "Precision@P80": 1.0,
    "Recall@P80": 0.6666666666666666,
    "LeadTimeDetail": {
      "threshold": 0.111867,
      "precision": 1.0,
      "recall": 0.6666666666666666,
      "lead_time": 12.5
    }
  },
  "threshold": 0.5,
  "policy_info": null,
  "predictions": {
    "y_true": [
      0,
      0,
      0,
      0,
      0,
      0,
      0,
      0,
      0,
      0,
      0,
      0,
      0,
      0,
      0,
      0,
      0,
      0,
      0,
      0,
      0,
      0,
      0,
      0,
      0,
      0,
      0,
      0,
      0,
      0,
      0,
      0,
      0,
      0,
      0,
      0,
      0,
      0,
      0,
      0,
      0,
      0,
      0,
      0,
      0,
      0,
      0,
      0,
      0,
      0,
      0,
      0,
      0,
      0,
      0,
      0,
      0,
      0,
      0,
      0,
      0,
      0,
      0,
      0,
      0,
      0,
      0,
      0,
      0,
      0,
      0,
      0,
      0,
      0,
      0,
      0,
      1,
      1,
      1,
      1,
      1,
      1,
      0
    ],
    "y_score": [
      0.0019307533511891961,
      0.0010993033647537231,
      0.00043838605051860213,
      0.0004379472229629755,
      0.001775200478732586,
      0.0007049401174299419,
      0.000621072540525347,
      0.0008507808088324964,
      0.0012396665988489985,
      0.0007768387440592051,
      0.0005026061553508043,
      0.0004379472229629755,
      0.001775200478732586,
      0.001775200478732586,
      0.001775200478732586,
      0.001775200478732586,
      0.001775200478732586,
      0.001775200478732586,
      0.001775200478732586,
      0.001775200478732586,
      0.001775200478732586,
      0.001775200478732586,
      0.001775200478732586,
      0.001775200478732586,
      0.001775200478732586,
      0.001775200478732586,
      0.001775200478732586,
      0.001775200478732586,
      0.001775200478732586,
      0.001775200478732586,
      0.001775200478732586,
      0.008052745833992958,
      0.03748055174946785,
      0.036639418452978134,
      0.0379004143178463,
      0.008936699479818344,
      0.00076390610774979,
      0.0007951909792609513,
      0.001775200478732586,
      0.001775200478732586,
      0.001775200478732586,
      0.008052745833992958,
      0.007991785183548927,
      0.007530152332037687,
      0.007882999256253242,
      0.11042855679988861,
      0.001775200478732586,
      0.050485122948884964,
      0.001775200478732586,
      0.050485122948884964,
      0.001775200478732586,
      0.050485122948884964,
      0.001775200478732586,
      0.050485122948884964,
      0.0008962092688307166,
      0.001775200478732586,
      0.001775200478732586,
      0.001775200478732586,
      0.008876701816916466,
      0.008808314800262451,
      0.00909382477402687,
      0.009470890276134014,
      0.11042855679988861,
      0.0008892458863556385,
      0.050485122948884964,
      0.0008962092688307166,
      0.050485122948884964,
      0.001775200478732586,
      0.050485122948884964,
      0.001775200478732586,
      0.050485122948884964,
      0.001775200478732586,
      0.050485122948884964,
      0.11042855679988861,
      0.050485122948884964,
      0.050485122948884964,
      0.050485122948884964,
      0.050485122948884964,
      0.11186733841896057,
      0.14273931086063385,
      0.1275453269481659,
      0.11487588286399841,
      0.06491810083389282
    ],
    "incident_id": [
      "atlasv2/h2-benign-seg033",
      "atlasv2/h2-benign-seg033",
      "atlasv2/h2-benign-seg033",
      "atlasv2/h2-benign-seg033",
      "atlasv2/h2-benign-seg033",
      "atlasv2/h2-benign-seg033",
      "atlasv2/h2-benign-seg033",
      "atlasv2/h2-benign-seg033",
      "atlasv2/h2-benign-seg033",
      "atlasv2/h2-benign-seg033",
      "atlasv2/h2-benign-seg033",
      "atlasv2/h2-benign-seg033",
      "atlasv2/h2-benign-seg033",
      "atlasv2/h2-benign-seg033",
      "atlasv2/h2-benign-seg033",
      "atlasv2/h2-benign-seg033",
      "atlasv2/h2-benign-seg033",
      "atlasv2/h2-benign-seg033",
      "atlasv2/h2-benign-seg033",
      "atlasv2/h2-benign-seg033",
      "atlasv2/h2-benign-seg033",
      "atlasv2/h2-benign-seg033",
      "atlasv2/h2-benign-seg033",
      "atlasv2/h2-benign-seg033",
      "atlasv2/h2-benign-seg033",
      "atlasv2/h2-benign-seg033",
      "atlasv2/h2-benign-seg033",
      "atlasv2/h2-benign-seg033",
      "atlasv2/h2-benign-seg033",
      "atlasv2/h2-benign-seg033",
      "atlasv2/h2-benign-seg033",
      "atlasv2/h2-benign-seg033",
      "atlasv2/h2-benign-seg034",
      "atlasv2/h2-benign-seg034",
      "atlasv2/h2-benign-seg034",
      "atlasv2/h2-benign-seg034",
      "atlasv2/h2-benign-seg034",
      "atlasv2/h2-benign-seg034",
      "atlasv2/h2-benign-seg034",
      "atlasv2/h2-benign-seg034",
      "atlasv2/h2-benign-seg034",
      "atlasv2/h2-benign-seg034",
      "atlasv2/h2-benign-seg034",
      "atlasv2/h2-benign-seg034",
      "atlasv2/h2-benign-seg034",
      "atlasv2/h1-benign-seg034",
      "atlasv2/h2-benign-seg034",
      "atlasv2/h1-benign-seg034",
      "atlasv2/h2-benign-seg034",
      "atlasv2/h1-benign-seg034",
      "atlasv2/h2-benign-seg034",
      "atlasv2/h1-benign-seg034",
      "atlasv2/h2-benign-seg034",
      "atlasv2/h1-benign-seg034",
      "atlasv2/h2-benign-seg035",
      "atlasv2/h2-benign-seg035",
      "atlasv2/h2-benign-seg035",
      "atlasv2/h2-benign-seg035",
      "atlasv2/h2-benign-seg035",
      "atlasv2/h2-benign-seg035",
      "atlasv2/h2-benign-seg035",
      "atlasv2/h2-benign-seg035",
      "atlasv2/h1-benign-seg035",
      "atlasv2/h2-benign-seg035",
      "atlasv2/h1-benign-seg035",
      "atlasv2/h2-benign-seg035",
      "atlasv2/h1-benign-seg035",
      "atlasv2/h2-benign-seg035",
      "atlasv2/h1-benign-seg035",
      "atlasv2/h2-benign-seg035",
      "atlasv2/h1-benign-seg035",
      "atlasv2/h2-benign-seg035",
      "atlasv2/h1-benign-seg035",
      "atlasv2/h1-s4",
      "atlasv2/h1-s4",
      "atlasv2/h1-s4",
      "atlasv2/h1-s4",
      "atlasv2/h1-s4",
      "atlasv2/h1-s4",
      "atlasv2/h1-s4",
      "atlasv2/h1-s4",
      "atlasv2/h1-s4",
      "atlasv2/h1-s4"
    ],