{
  "display_name": "DLinear-Forecaster",
  "base_experiment_name": "r020_dlinear_forecaster_atlasv2_public_event_disjoint",
  "seed": 21,
  "metrics": {
    "AUPRC": 0.7619047619047619,
    "AUROC": 0.9588744588744589,
    "Brier": 0.06053752454662048,
    "LogLoss": 0.19181900582296327,
    "ECE@10": 0.050489473547954786,
    "BestF1": 0.8,
    "LeadTime@P80": 12.5,
    "Precision@P80": 1.0,
    "Recall@P80": 0.6666666666666666,
    "LeadTimeDetail": {
      "threshold": 0.089158,
      "precision": 1.0,
      "recall": 0.6666666666666666,
      "lead_time": 12.5
    }
  },
  "threshold": 0.5,
  "policy_info": null,
  "predictions": {
    "y_true": [
      0,
      0,
      0,
      0,
      0,
      0,
      0,
      0,
      0,
      0,
      0,
      0,
      0,
      0,
      0,
      0,
      0,
      0,
      0,
      0,
      0,
      0,
      0,
      0,
      0,
      0,
      0,
      0,
      0,
      0,
      0,
      0,
      0,
      0,
      0,
      0,
      0,
      0,
      0,
      0,
      0,
      0,
      0,
      0,
      0,
      0,
      0,
      0,
      0,
      0,
      0,
      0,
      0,
      0,
      0,
      0,
      0,
      0,
      0,
      0,
      0,
      0,
      0,
      0,
      0,
      0,
      0,
      0,
      0,
      0,
      0,
      0,
      0,
      0,
      0,
      0,
      1,
      1,
      1,
      1,
      1,
      1,
      0
    ],
    "y_score": [
      0.0029795619193464518,
      0.0015803996939212084,
      0.0004571823519654572,
      0.0004497810441534966,
      0.0012345409486442804,
      0.0006140604382380843,
      0.0006707134307362139,
      0.0010673002107068896,
      0.001783910789526999,
      0.0010488074040040374,
      0.0006123631610535085,
      0.0004497810441534966,
      0.0012345409486442804,
      0.0012345409486442804,
      0.0012345409486442804,
      0.0012345409486442804,
      0.0012345409486442804,
      0.0012345409486442804,
      0.0012345409486442804,
      0.0012345409486442804,
      0.0012345409486442804,
      0.0012345409486442804,
      0.0012345409486442804,
      0.0012345409486442804,
      0.0012345409486442804,
      0.0012345409486442804,
      0.0012345409486442804,
      0.0012345409486442804,
      0.0012345409486442804,
      0.0012345409486442804,
      0.0012345409486442804,
      0.010815754532814026,
      0.043628428131341934,
      0.04306967556476593,
      0.04512754827737808,
      0.011877826415002346,
      0.0007332062814384699,
      0.0006551494589075446,
      0.0012345409486442804,
      0.0012345409486442804,
      0.0012345409486442804,
      0.010815754532814026,
      0.010988850146532059,
      0.010523607954382896,
      0.01046521496027708,
      0.08915755152702332,
      0.0012345409486442804,
      0.056609831750392914,
      0.0012345409486442804,
      0.056609831750392914,
      0.0012345409486442804,
      0.056609831750392914,
      0.0012345409486442804,
      0.056609831750392914,
      0.0006806461024098098,
      0.0012345409486442804,
      0.0012345409486442804,
      0.0012345409486442804,
      0.011771028861403465,
      0.011969282291829586,
      0.011250542476773262,
      0.011237947270274162,
      0.08915755152702332,
      0.000691281515173614,
      0.056609831750392914,
      0.0006806461024098098,
      0.056609831750392914,
      0.0012345409486442804,
      0.056609831750392914,
      0.0012345409486442804,
      0.056609831750392914,
      0.0012345409486442804,
      0.056609831750392914,
      0.08915755152702332,
      0.056609831750392914,
      0.056609831750392914,
      0.056609831750392914,
      0.056609831750392914,
      0.09016486257314682,
      0.12531474232673645,
      0.1159541979432106,
      0.10599666833877563,
      0.06910665333271027
    ],
    "incident_id": [
      "atlasv2/h2-benign-seg033",
      "atlasv2/h2-benign-seg033",
      "atlasv2/h2-benign-seg033",
      "atlasv2/h2-benign-seg033",
      "atlasv2/h2-benign-seg033",
      "atlasv2/h2-benign-seg033",
      "atlasv2/h2-benign-seg033",
      "atlasv2/h2-benign-seg033",
      "atlasv2/h2-benign-seg033",
      "atlasv2/h2-benign-seg033",
      "atlasv2/h2-benign-seg033",
      "atlasv2/h2-benign-seg033",
      "atlasv2/h2-benign-seg033",
      "atlasv2/h2-benign-seg033",
      "atlasv2/h2-benign-seg033",
      "atlasv2/h2-benign-seg033",
      "atlasv2/h2-benign-seg033",
      "atlasv2/h2-benign-seg033",
      "atlasv2/h2-benign-seg033",
      "atlasv2/h2-benign-seg033",
      "atlasv2/h2-benign-seg033",
      "atlasv2/h2-benign-seg033",
      "atlasv2/h2-benign-seg033",
      "atlasv2/h2-benign-seg033",
      "atlasv2/h2-benign-seg033",
      "atlasv2/h2-benign-seg033",
      "atlasv2/h2-benign-seg033",
      "atlasv2/h2-benign-seg033",
      "atlasv2/h2-benign-seg033",
      "atlasv2/h2-benign-seg033",
      "atlasv2/h2-benign-seg033",
      "atlasv2/h2-benign-seg033",
      "atlasv2/h2-benign-seg034",
      "atlasv2/h2-benign-seg034",
      "atlasv2/h2-benign-seg034",
      "atlasv2/h2-benign-seg034",
      "atlasv2/h2-benign-seg034",
      "atlasv2/h2-benign-seg034",
      "atlasv2/h2-benign-seg034",
      "atlasv2/h2-benign-seg034",
      "atlasv2/h2-benign-seg034",
      "atlasv2/h2-benign-seg034",
      "atlasv2/h2-benign-seg034",
      "atlasv2/h2-benign-seg034",
      "atlasv2/h2-benign-seg034",
      "atlasv2/h1-benign-seg034",
      "atlasv2/h2-benign-seg034",
      "atlasv2/h1-benign-seg034",
      "atlasv2/h2-benign-seg034",
      "atlasv2/h1-benign-seg034",
      "atlasv2/h2-benign-seg034",
      "atlasv2/h1-benign-seg034",
      "atlasv2/h2-benign-seg034",
      "atlasv2/h1-benign-seg034",
      "atlasv2/h2-benign-seg035",
      "atlasv2/h2-benign-seg035",
      "atlasv2/h2-benign-seg035",
      "atlasv2/h2-benign-seg035",
      "atlasv2/h2-benign-seg035",
      "atlasv2/h2-benign-seg035",
      "atlasv2/h2-benign-seg035",
      "atlasv2/h2-benign-seg035",
      "atlasv2/h1-benign-seg035",
      "atlasv2/h2-benign-seg035",
      "atlasv2/h1-benign-seg035",
      "atlasv2/h2-benign-seg035",
      "atlasv2/h1-benign-seg035",
      "atlasv2/h2-benign-seg035",
      "atlasv2/h1-benign-seg035",
      "atlasv2/h2-benign-seg035",
      "atlasv2/h1-benign-seg035",
      "atlasv2/h2-benign-seg035",
      "atlasv2/h1-benign-seg035",
      "atlasv2/h1-s4",
      "atlasv2/h1-s4",
      "atlasv2/h1-s4",
      "atlasv2/h1-s4",
      "atlasv2/h1-s4",
      "atlasv2/h1-s4",
      "atlasv2/h1-s4",
      "atlasv2/h1-s4",
      "atlasv2/h1-s4",
      "atlasv2/h1-s4"
    ],