{
  "display_name": "DLinear-Forecaster",
  "base_experiment_name": "r020_dlinear_forecaster_atlasv2_public_event_disjoint",
  "seed": 55,
  "metrics": {
    "AUPRC": 0.7619047619047619,
    "AUROC": 0.9588744588744589,
    "Brier": 0.057362388337842296,
    "LogLoss": 0.17810939182035906,
    "ECE@10": 0.04022982388213053,
    "BestF1": 0.8,
    "LeadTime@P80": 12.5,
    "Precision@P80": 1.0,
    "Recall@P80": 0.6666666666666666,
    "LeadTimeDetail": {
      "threshold": 0.128514,
      "precision": 1.0,
      "recall": 0.6666666666666666,
      "lead_time": 12.5
    }
  },
  "threshold": 0.5,
  "policy_info": null,
  "predictions": {
    "y_true": [
      0,
      0,
      0,
      0,
      0,
      0,
      0,
      0,
      0,
      0,
      0,
      0,
      0,
      0,
      0,
      0,
      0,
      0,
      0,
      0,
      0,
      0,
      0,
      0,
      0,
      0,
      0,
      0,
      0,
      0,
      0,
      0,
      0,
      0,
      0,
      0,
      0,
      0,
      0,
      0,
      0,
      0,
      0,
      0,
      0,
      0,
      0,
      0,
      0,
      0,
      0,
      0,
      0,
      0,
      0,
      0,
      0,
      0,
      0,
      0,
      0,
      0,
      0,
      0,
      0,
      0,
      0,
      0,
      0,
      0,
      0,
      0,
      0,
      0,
      0,
      0,
      1,
      1,
      1,
      1,
      1,
      1,
      0
    ],
    "y_score": [
      0.006738957948982716,
      0.004251123871654272,
      0.0013792016543447971,
      0.0013649362372234464,
      0.003209854708984494,
      0.0017561317654326558,
      0.0018663761438801885,
      0.002683919621631503,
      0.00406690314412117,
      0.002697729505598545,
      0.0017370028654113412,
      0.0013649362372234464,
      0.003209854708984494,
      0.003209854708984494,
      0.003209854708984494,
      0.003209854708984494,
      0.003209854708984494,
      0.003209854708984494,
      0.003209854708984494,
      0.003209854708984494,
      0.003209854708984494,
      0.003209854708984494,
      0.003209854708984494,
      0.003209854708984494,
      0.003209854708984494,
      0.003209854708984494,
      0.003209854708984494,
      0.003209854708984494,
      0.003209854708984494,
      0.003209854708984494,
      0.003209854708984494,
      0.01952635496854782,
      0.06943204253911972,
      0.06873928755521774,
      0.06734664738178253,
      0.02103530429303646,
      0.0018985675415024161,
      0.00181667844299227,
      0.003209854708984494,
      0.003209854708984494,
      0.003209854708984494,
      0.01952635496854782,
      0.020545752719044685,
      0.019318193197250366,
      0.019529219716787338,
      0.12753266096115112,
      0.003209854708984494,
      0.07912484556436539,
      0.003209854708984494,
      0.07912484556436539,
      0.003209854708984494,
      0.07912484556436539,
      0.003209854708984494,
      0.07912484556436539,
      0.0026128848548978567,
      0.003209854708984494,
      0.003209854708984494,
      0.003209854708984494,
      0.019826065748929977,
      0.02087579295039177,
      0.023740610107779503,
      0.02420428767800331,
      0.12753266096115112,
      0.002607014961540699,
      0.07912484556436539,
      0.0026128848548978567,
      0.07912484556436539,
      0.003209854708984494,
      0.07912484556436539,
      0.003209854708984494,
      0.07912484556436539,
      0.003209854708984494,
      0.07912484556436539,
      0.12753266096115112,
      0.07912484556436539,
      0.07912484556436539,
      0.07912484556436539,
      0.07912484556436539,
      0.12851440906524658,
      0.1650557965040207,
      0.15181228518486023,
      0.13887785375118256,
      0.10441692918539047
    ],
    "incident_id": [
      "atlasv2/h2-benign-seg033",
      "atlasv2/h2-benign-seg033",
      "atlasv2/h2-benign-seg033",
      "atlasv2/h2-benign-seg033",
      "atlasv2/h2-benign-seg033",
      "atlasv2/h2-benign-seg033",
      "atlasv2/h2-benign-seg033",
      "atlasv2/h2-benign-seg033",
      "atlasv2/h2-benign-seg033",
      "atlasv2/h2-benign-seg033",
      "atlasv2/h2-benign-seg033",
      "atlasv2/h2-benign-seg033",
      "atlasv2/h2-benign-seg033",
      "atlasv2/h2-benign-seg033",
      "atlasv2/h2-benign-seg033",
      "atlasv2/h2-benign-seg033",
      "atlasv2/h2-benign-seg033",
      "atlasv2/h2-benign-seg033",
      "atlasv2/h2-benign-seg033",
      "atlasv2/h2-benign-seg033",
      "atlasv2/h2-benign-seg033",
      "atlasv2/h2-benign-seg033",
      "atlasv2/h2-benign-seg033",
      "atlasv2/h2-benign-seg033",
      "atlasv2/h2-benign-seg033",
      "atlasv2/h2-benign-seg033",
      "atlasv2/h2-benign-seg033",
      "atlasv2/h2-benign-seg033",
      "atlasv2/h2-benign-seg033",
      "atlasv2/h2-benign-seg033",
      "atlasv2/h2-benign-seg033",
      "atlasv2/h2-benign-seg033",
      "atlasv2/h2-benign-seg034",
      "atlasv2/h2-benign-seg034",
      "atlasv2/h2-benign-seg034",
      "atlasv2/h2-benign-seg034",
      "atlasv2/h2-benign-seg034",
      "atlasv2/h2-benign-seg034",
      "atlasv2/h2-benign-seg034",
      "atlasv2/h2-benign-seg034",
      "atlasv2/h2-benign-seg034",
      "atlasv2/h2-benign-seg034",
      "atlasv2/h2-benign-seg034",
      "atlasv2/h2-benign-seg034",
      "atlasv2/h2-benign-seg034",
      "atlasv2/h1-benign-seg034",
      "atlasv2/h2-benign-seg034",
      "atlasv2/h1-benign-seg034",
      "atlasv2/h2-benign-seg034",
      "atlasv2/h1-benign-seg034",
      "atlasv2/h2-benign-seg034",
      "atlasv2/h1-benign-seg034",
      "atlasv2/h2-benign-seg034",
      "atlasv2/h1-benign-seg034",
      "atlasv2/h2-benign-seg035",
      "atlasv2/h2-benign-seg035",
      "atlasv2/h2-benign-seg035",
      "atlasv2/h2-benign-seg035",
      "atlasv2/h2-benign-seg035",
      "atlasv2/h2-benign-seg035",
      "atlasv2/h2-benign-seg035",
      "atlasv2/h2-benign-seg035",
      "atlasv2/h1-benign-seg035",
      "atlasv2/h2-benign-seg035",
      "atlasv2/h1-benign-seg035",
      "atlasv2/h2-benign-seg035",
      "atlasv2/h1-benign-seg035",
      "atlasv2/h2-benign-seg035",
      "atlasv2/h1-benign-seg035",
      "atlasv2/h2-benign-seg035",
      "atlasv2/h1-benign-seg035",
      "atlasv2/h2-benign-seg035",
      "atlasv2/h1-benign-seg035",
      "atlasv2/h1-s4",
      "atlasv2/h1-s4",
      "atlasv2/h1-s4",
      "atlasv2/h1-s4",
      "atlasv2/h1-s4",
      "atlasv2/h1-s4",
      "atlasv2/h1-s4",
      "atlasv2/h1-s4",
      "atlasv2/h1-s4",
      "atlasv2/h1-s4"
    ],