{
  "display_name": "DLinear-Forecaster",
  "base_experiment_name": "r020_dlinear_forecaster_atlasv2_public_event_disjoint",
  "seed": 144,
  "metrics": {
    "AUPRC": 0.7619047619047619,
    "AUROC": 0.9588744588744589,
    "Brier": 0.05972389450888224,
    "LogLoss": 0.18905404692315092,
    "ECE@10": 0.05101873641251586,
    "BestF1": 0.8,
    "LeadTime@P80": 12.5,
    "Precision@P80": 1.0,
    "Recall@P80": 0.6666666666666666,
    "LeadTimeDetail": {
      "threshold": 0.105383,
      "precision": 1.0,
      "recall": 0.6666666666666666,
      "lead_time": 12.5
    }
  },
  "threshold": 0.5,
  "policy_info": null,
  "predictions": {
    "y_true": [
      0,
      0,
      0,
      0,
      0,
      0,
      0,
      0,
      0,
      0,
      0,
      0,
      0,
      0,
      0,
      0,
      0,
      0,
      0,
      0,
      0,
      0,
      0,
      0,
      0,
      0,
      0,
      0,
      0,
      0,
      0,
      0,
      0,
      0,
      0,
      0,
      0,
      0,
      0,
      0,
      0,
      0,
      0,
      0,
      0,
      0,
      0,
      0,
      0,
      0,
      0,
      0,
      0,
      0,
      0,
      0,
      0,
      0,
      0,
      0,
      0,
      0,
      0,
      0,
      0,
      0,
      0,
      0,
      0,
      0,
      0,
      0,
      0,
      0,
      0,
      0,
      1,
      1,
      1,
      1,
      1,
      1,
      0
    ],
    "y_score": [
      0.0015009057242423296,
      0.0007228070753626525,
      0.0002604482870083302,
      0.0002557163534220308,
      0.0010069841518998146,
      0.00039536633994430304,
      0.0003529461391735822,
      0.0004998187068849802,
      0.0007682845462113619,
      0.0004745447658933699,
      0.00030603408231399953,
      0.0002557163534220308,
      0.0010069841518998146,
      0.0010069841518998146,
      0.0010069841518998146,
      0.0010069841518998146,
      0.0010069841518998146,
      0.0010069841518998146,
      0.0010069841518998146,
      0.0010069841518998146,
      0.0010069841518998146,
      0.0010069841518998146,
      0.0010069841518998146,
      0.0010069841518998146,
      0.0010069841518998146,
      0.0010069841518998146,
      0.0010069841518998146,
      0.0010069841518998146,
      0.0010069841518998146,
      0.0010069841518998146,
      0.0010069841518998146,
      0.009472071193158627,
      0.041391968727111816,
      0.041369322687387466,
      0.042756251990795135,
      0.009237781167030334,
      0.00043581289355643094,
      0.00043996472959406674,
      0.0010069841518998146,
      0.0010069841518998146,
      0.0010069841518998146,
      0.009472071193158627,
      0.009169857017695904,
      0.009371827356517315,
      0.009273097850382328,
      0.10321273654699326,
      0.0010069841518998146,
      0.047896333038806915,
      0.0010069841518998146,
      0.047896333038806915,
      0.0010069841518998146,
      0.047896333038806915,
      0.0010069841518998146,
      0.047896333038806915,
      0.0005772477015852928,
      0.0010069841518998146,
      0.0010069841518998146,
      0.0010069841518998146,
      0.010773788206279278,
      0.010417787358164787,
      0.01112418994307518,
      0.011013793759047985,
      0.10321273654699326,
      0.0005810072179883718,
      0.047896333038806915,
      0.0005772477015852928,
      0.047896333038806915,
      0.0010069841518998146,
      0.047896333038806915,
      0.0010069841518998146,
      0.047896333038806915,
      0.0010069841518998146,
      0.047896333038806915,
      0.10321273654699326,
      0.047896333038806915,
      0.047896333038806915,
      0.047896333038806915,
      0.047896333038806915,
      0.10538340359926224,
      0.14535048604011536,
      0.1279517263174057,
      0.11457360535860062,
      0.07341696321964264
    ],
    "incident_id": [
      "atlasv2/h2-benign-seg033",
      "atlasv2/h2-benign-seg033",
      "atlasv2/h2-benign-seg033",
      "atlasv2/h2-benign-seg033",
      "atlasv2/h2-benign-seg033",
      "atlasv2/h2-benign-seg033",
      "atlasv2/h2-benign-seg033",
      "atlasv2/h2-benign-seg033",
      "atlasv2/h2-benign-seg033",
      "atlasv2/h2-benign-seg033",
      "atlasv2/h2-benign-seg033",
      "atlasv2/h2-benign-seg033",
      "atlasv2/h2-benign-seg033",
      "atlasv2/h2-benign-seg033",
      "atlasv2/h2-benign-seg033",
      "atlasv2/h2-benign-seg033",
      "atlasv2/h2-benign-seg033",
      "atlasv2/h2-benign-seg033",
      "atlasv2/h2-benign-seg033",
      "atlasv2/h2-benign-seg033",
      "atlasv2/h2-benign-seg033",
      "atlasv2/h2-benign-seg033",
      "atlasv2/h2-benign-seg033",
      "atlasv2/h2-benign-seg033",
      "atlasv2/h2-benign-seg033",
      "atlasv2/h2-benign-seg033",
      "atlasv2/h2-benign-seg033",
      "atlasv2/h2-benign-seg033",
      "atlasv2/h2-benign-seg033",
      "atlasv2/h2-benign-seg033",
      "atlasv2/h2-benign-seg033",
      "atlasv2/h2-benign-seg033",
      "atlasv2/h2-benign-seg034",
      "atlasv2/h2-benign-seg034",
      "atlasv2/h2-benign-seg034",
      "atlasv2/h2-benign-seg034",
      "atlasv2/h2-benign-seg034",
      "atlasv2/h2-benign-seg034",
      "atlasv2/h2-benign-seg034",
      "atlasv2/h2-benign-seg034",
      "atlasv2/h2-benign-seg034",
      "atlasv2/h2-benign-seg034",
      "atlasv2/h2-benign-seg034",
      "atlasv2/h2-benign-seg034",
      "atlasv2/h2-benign-seg034",
      "atlasv2/h1-benign-seg034",
      "atlasv2/h2-benign-seg034",
      "atlasv2/h1-benign-seg034",
      "atlasv2/h2-benign-seg034",
      "atlasv2/h1-benign-seg034",
      "atlasv2/h2-benign-seg034",
      "atlasv2/h1-benign-seg034",
      "atlasv2/h2-benign-seg034",
      "atlasv2/h1-benign-seg034",
      "atlasv2/h2-benign-seg035",
      "atlasv2/h2-benign-seg035",
      "atlasv2/h2-benign-seg035",
      "atlasv2/h2-benign-seg035",
      "atlasv2/h2-benign-seg035",
      "atlasv2/h2-benign-seg035",
      "atlasv2/h2-benign-seg035",
      "atlasv2/h2-benign-seg035",
      "atlasv2/h1-benign-seg035",
      "atlasv2/h2-benign-seg035",
      "atlasv2/h1-benign-seg035",
      "atlasv2/h2-benign-seg035",
      "atlasv2/h1-benign-seg035",
      "atlasv2/h2-benign-seg035",
      "atlasv2/h1-benign-seg035",
      "atlasv2/h2-benign-seg035",
      "atlasv2/h1-benign-seg035",
      "atlasv2/h2-benign-seg035",
      "atlasv2/h1-benign-seg035",
      "atlasv2/h1-s4",
      "atlasv2/h1-s4",
      "atlasv2/h1-s4",
      "atlasv2/h1-s4",
      "atlasv2/h1-s4",
      "atlasv2/h1-s4",
      "atlasv2/h1-s4",
      "atlasv2/h1-s4",
      "atlasv2/h1-s4",
      "atlasv2/h1-s4"
    ],