{
  "experiment_name": "r261_pure_knn_synthetic_cam_lds_controlled_seed13",
  "dataset_dir": "data/synthetic_cam_lds_controlled",
  "model": {
    "type": "pure_knn",
    "top_k": 5
  },
  "dev": {
    "AUPRC": 0.738359201773836,
    "AUROC": 0.670391061452514,
    "Brier": 0.2628125009464566,
    "LogLoss": 3.268167481284912,
    "ECE@10": 0.2765616648948698,
    "BestF1": 0.8494897959183674,
    "LeadTime@P80": 0.0,
    "Precision@P80": 0.0,
    "Recall@P80": 0.0,
    "LeadTimeDetail": {
      "threshold": 0.0,
      "precision": 0.0,
      "recall": 0.0,
      "lead_time": 0.0
    },
    "Analog-Fidelity@5": 79.0625,
    "TTE-Err@1": 4.137074947357178
  },
  "test": {
    "AUPRC": 0.8594487450152475,
    "AUROC": 0.8233245149911816,
    "Brier": 0.16640625162399378,
    "LogLoss": 1.6861638415324203,
    "ECE@10": 0.19843674791565002,
    "BestF1": 0.9232804232804233,
    "LeadTime@P80": 18.082080841064453,
    "Precision@P80": 0.8045977011494253,
    "Recall@P80": 1.0,
    "LeadTimeDetail": {
      "threshold": 0.800000011920929,
      "precision": 0.8045977011494253,
      "recall": 1.0,
      "lead_time": 18.082080841064453
    },
    "Analog-Fidelity@5": 73.828125,
    "TTE-Err@1": 4.026721954345703
  },
  "test_event_disjoint": {
    "AUPRC": 0.8057243529685449,
    "AUROC": 0.7629701028138528,
    "Brier": 0.18804687605239456,
    "LogLoss": 1.9195826962186624,
    "ECE@10": 0.1738273302204759,
    "BestF1": 0.8575096277278562,
    "LeadTime@P80": 17.27341079711914,
    "Precision@P80": 0.8141592920353983,
    "Recall@P80": 0.8214285714285714,
    "LeadTimeDetail": {
      "threshold": 1.0,
      "precision": 0.8141592920353983,
      "recall": 0.8214285714285714,
      "lead_time": 17.27341079711914
    },
    "Analog-Fidelity@5": 82.03125,
    "TTE-Err@1": 6.43779993057251
  }
}