{
  "display_name": "Small-Transformer-Forecaster",
  "base_experiment_name": "r010_transformer_forecaster_atlasv2_public_event_disjoint",
  "seed": 4181,
  "split": "test_event_disjoint",
  "metrics": {
    "AUPRC": 0.7666666666666666,
    "AUROC": 0.9632034632034633,
    "Brier": 0.050783543991642,
    "LogLoss": 0.1546532773661646,
    "ECE@10": 0.048080266596390364,
    "BestF1": 0.8,
    "LeadTime@P80": 12.5,
    "Precision@P80": 1.0,
    "Recall@P80": 0.6666666666666666,
    "LeadTimeDetail": {
      "threshold": 0.119321,
      "precision": 1.0,
      "recall": 0.6666666666666666,
      "lead_time": 12.5
    }
  },
  "threshold": 0.23649099469184875,
  "policy_info": null,
  "predictions": {
    "y_true": [
      0,
      0,
      0,
      0,
      0,
      0,
      0,
      0,
      0,
      0,
      0,
      0,
      0,
      0,
      0,
      0,
      0,
      0,
      0,
      0,
      0,
      0,
      0,
      0,
      0,
      0,
      0,
      0,
      0,
      0,
      0,
      0,
      0,
      0,
      0,
      0,
      0,
      0,
      0,
      0,
      0,
      0,
      0,
      0,
      0,
      0,
      0,
      0,
      0,
      0,
      0,
      0,
      0,
      0,
      0,
      0,
      0,
      0,
      0,
      0,
      0,
      0,
      0,
      0,
      0,
      0,
      0,
      0,
      0,
      0,
      0,
      0,
      0,
      0,
      0,
      0,
      1,
      1,
      1,
      1,
      1,
      1,
      0
    ],
    "y_score": [
      0.0011379035422578454,
      0.0011174429673701525,
      0.0010995803168043494,
      0.0010992565657943487,
      0.001158619299530983,
      0.0011367908446118236,
      0.0011339044431224465,
      0.0011364395031705499,
      0.0011407346464693546,
      0.0011107588652521372,
      0.0011045061983168125,
      0.0010992565657943487,
      0.001158619299530983,
      0.001158619299530983,
      0.001158619299530983,
      0.001158619299530983,
      0.001158619299530983,
      0.001158619299530983,
      0.001158619299530983,
      0.001158619299530983,
      0.001158619299530983,
      0.001158619299530983,
      0.001158619299530983,
      0.001158619299530983,
      0.001158619299530983,
      0.001158619299530983,
      0.001158619299530983,
      0.001158619299530983,
      0.001158619299530983,
      0.001158619299530983,
      0.001158619299530983,
      0.0018424970330670476,
      0.004831408616155386,
      0.00219718087464571,
      0.002122341888025403,
      0.0013039109762758017,
      0.001117271021939814,
      0.0011264998465776443,
      0.001158619299530983,
      0.001158619299530983,
      0.001158619299530983,
      0.0018424970330670476,
      0.0012438638368621469,
      0.001243052538484335,
      0.0012334019411355257,
      0.08955031633377075,
      0.001158619299530983,
      0.055606186389923096,
      0.001158619299530983,
      0.055606186389923096,
      0.001158619299530983,
      0.055606186389923096,
      0.001158619299530983,
      0.055606186389923096,
      0.001122298534028232,
      0.001158619299530983,
      0.001158619299530983,
      0.001158619299530983,
      0.003246180946007371,
      0.001387858297675848,
      0.0013446689117699862,
      0.0013116878690198064,
      0.08955031633377075,
      0.001123247668147087,
      0.055606186389923096,
      0.0011222989996895194,
      0.055606186389923096,
      0.001158619299530983,
      0.055606186389923096,
      0.001158619299530983,
      0.055606186389923096,
      0.001158619299530983,
      0.055606186389923096,
      0.08955031633377075,
      0.055606186389923096,
      0.055606186389923096,
      0.055606186389923096,
      0.055606186389923096,
      0.11932116001844406,
      0.3093322217464447,
      0.2597123086452484,
      0.24342012405395508,
      0.004707507789134979
    ],
    "incident_id": [
      "atlasv2/h2-benign-seg033",
      "atlasv2/h2-benign-seg033",
      "atlasv2/h2-benign-seg033",
      "atlasv2/h2-benign-seg033",
      "atlasv2/h2-benign-seg033",
      "atlasv2/h2-benign-seg033",
      "atlasv2/h2-benign-seg033",
      "atlasv2/h2-benign-seg033",
      "atlasv2/h2-benign-seg033",
      "atlasv2/h2-benign-seg033",
      "atlasv2/h2-benign-seg033",
      "atlasv2/h2-benign-seg033",
      "atlasv2/h2-benign-seg033",
      "atlasv2/h2-benign-seg033",
      "atlasv2/h2-benign-seg033",
      "atlasv2/h2-benign-seg033",
      "atlasv2/h2-benign-seg033",
      "atlasv2/h2-benign-seg033",
      "atlasv2/h2-benign-seg033",
      "atlasv2/h2-benign-seg033",
      "atlasv2/h2-benign-seg033",
      "atlasv2/h2-benign-seg033",
      "atlasv2/h2-benign-seg033",
      "atlasv2/h2-benign-seg033",
      "atlasv2/h2-benign-seg033",
      "atlasv2/h2-benign-seg033",
      "atlasv2/h2-benign-seg033",
      "atlasv2/h2-benign-seg033",
      "atlasv2/h2-benign-seg033",
      "atlasv2/h2-benign-seg033",
      "atlasv2/h2-benign-seg033",
      "atlasv2/h2-benign-seg033",
      "atlasv2/h2-benign-seg034",
      "atlasv2/h2-benign-seg034",
      "atlasv2/h2-benign-seg034",
      "atlasv2/h2-benign-seg034",
      "atlasv2/h2-benign-seg034",
      "atlasv2/h2-benign-seg034",
      "atlasv2/h2-benign-seg034",
      "atlasv2/h2-benign-seg034",
      "atlasv2/h2-benign-seg034",
      "atlasv2/h2-benign-seg034",
      "atlasv2/h2-benign-seg034",
      "atlasv2/h2-benign-seg034",
      "atlasv2/h2-benign-seg034",
      "atlasv2/h1-benign-seg034",
      "atlasv2/h2-benign-seg034",
      "atlasv2/h1-benign-seg034",
      "atlasv2/h2-benign-seg034",
      "atlasv2/h1-benign-seg034",
      "atlasv2/h2-benign-seg034",
      "atlasv2/h1-benign-seg034",
      "atlasv2/h2-benign-seg034",
      "atlasv2/h1-benign-seg034",
      "atlasv2/h2-benign-seg035",
      "atlasv2/h2-benign-seg035",
      "atlasv2/h2-benign-seg035",
      "atlasv2/h2-benign-seg035",
      "atlasv2/h2-benign-seg035",
      "atlasv2/h2-benign-seg035",
      "atlasv2/h2-benign-seg035",
      "atlasv2/h2-benign-seg035",
      "atlasv2/h1-benign-seg035",
      "atlasv2/h2-benign-seg035",
      "atlasv2/h1-benign-seg035",
      "atlasv2/h2-benign-seg035",
      "atlasv2/h1-benign-seg035",
      "atlasv2/h2-benign-seg035",
      "atlasv2/h1-benign-seg035",
      "atlasv2/h2-benign-seg035",
      "atlasv2/h1-benign-seg035",
      "atlasv2/h2-benign-seg035",
      "atlasv2/h1-benign-seg035",
      "atlasv2/h1-s4",
      "atlasv2/h1-s4",
      "atlasv2/h1-s4",
      "atlasv2/h1-s4",
      "atlasv2/h1-s4",
      "atlasv2/h1-s4",
      "atlasv2/h1-s4",
      "atlasv2/h1-s4",
      "atlasv2/h1-s4",
      "atlasv2/h1-s4"
    ],