{
  "display_name": "Small-Transformer-Forecaster",
  "base_experiment_name": "r010_transformer_forecaster_atlasv2_public_event_disjoint",
  "seed": 17711,
  "metrics": {
    "AUPRC": 0.7666666666666666,
    "AUROC": 0.9545454545454546,
    "Brier": 0.060176800540983164,
    "LogLoss": 0.1869438841921868,
    "ECE@10": 0.053355176805473685,
    "BestF1": 0.8,
    "LeadTime@P80": 15.0,
    "Precision@P80": 1.0,
    "Recall@P80": 0.5,
    "LeadTimeDetail": {
      "threshold": 0.103673,
      "precision": 1.0,
      "recall": 0.5,
      "lead_time": 15.0
    }
  },
  "threshold": 0.10919000208377838,
  "policy_info": null,
  "predictions": {
    "y_true": [
      0,
      0,
      0,
      0,
      0,
      0,
      0,
      0,
      0,
      0,
      0,
      0,
      0,
      0,
      0,
      0,
      0,
      0,
      0,
      0,
      0,
      0,
      0,
      0,
      0,
      0,
      0,
      0,
      0,
      0,
      0,
      0,
      0,
      0,
      0,
      0,
      0,
      0,
      0,
      0,
      0,
      0,
      0,
      0,
      0,
      0,
      0,
      0,
      0,
      0,
      0,
      0,
      0,
      0,
      0,
      0,
      0,
      0,
      0,
      0,
      0,
      0,
      0,
      0,
      0,
      0,
      0,
      0,
      0,
      0,
      0,
      0,
      0,
      0,
      0,
      0,
      1,
      1,
      1,
      1,
      1,
      1,
      0
    ],
    "y_score": [
      0.0008727109525352716,
      0.0008465491118840873,
      0.0008362711523659527,
      0.0008362834923900664,
      0.0008266462828032672,
      0.0008735827868804336,
      0.0008859339286573231,
      0.0008964220178313553,
      0.000906738918274641,
      0.0008659464074298739,
      0.0008520213305018842,
      0.0008362834923900664,
      0.0008266462828032672,
      0.0008266462828032672,
      0.0008266462828032672,
      0.0008266462828032672,
      0.0008266462828032672,
      0.0008266462828032672,
      0.0008266462828032672,
      0.0008266462828032672,
      0.0008266462828032672,
      0.0008266462828032672,
      0.0008266462828032672,
      0.0008266462828032672,
      0.0008266462828032672,
      0.0008266462828032672,
      0.0008266462828032672,
      0.0008266462828032672,
      0.0008266462828032672,
      0.0008266462828032672,
      0.0008266462828032672,
      0.0011421823874115944,
      0.007947736419737339,
      0.0038556584622710943,
      0.002298627980053425,
      0.0008729512919671834,
      0.0008231405518017709,
      0.0008244224591180682,
      0.0008266462828032672,
      0.0008266462828032672,
      0.0008266462828032672,
      0.0011421823874115944,
      0.000872223696205765,
      0.0008724166546016932,
      0.0008723891223780811,
      0.09222432225942612,
      0.0008266462828032672,
      0.05794898048043251,
      0.0008266462828032672,
      0.05794898048043251,
      0.0008266462828032672,
      0.05794898048043251,
      0.0008266462828032672,
      0.05794898048043251,
      0.0008305268711410463,
      0.0008266462828032672,
      0.0008266462828032672,
      0.0008266462828032672,
      0.0011768663534894586,
      0.0008751095156185329,
      0.0009832207579165697,
      0.0008949422044679523,
      0.09222432225942612,
      0.0008305565570481122,
      0.057948965579271317,
      0.0008305268711410463,
      0.057948965579271317,
      0.0008266462828032672,
      0.057948965579271317,
      0.0008266462828032672,
      0.057948965579271317,
      0.0008266462828032672,
      0.057948965579271317,
      0.09222434461116791,
      0.057948965579271317,
      0.057948965579271317,
      0.057948965579271317,
      0.057948965579271317,
      0.11234279721975327,
      0.12582233548164368,
      0.1051478385925293,
      0.10367285460233688,
      0.029791146516799927
    ],
    "incident_id": [
      "atlasv2/h2-benign-seg033",
      "atlasv2/h2-benign-seg033",
      "atlasv2/h2-benign-seg033",
      "atlasv2/h2-benign-seg033",
      "atlasv2/h2-benign-seg033",
      "atlasv2/h2-benign-seg033",
      "atlasv2/h2-benign-seg033",
      "atlasv2/h2-benign-seg033",
      "atlasv2/h2-benign-seg033",
      "atlasv2/h2-benign-seg033",
      "atlasv2/h2-benign-seg033",
      "atlasv2/h2-benign-seg033",
      "atlasv2/h2-benign-seg033",
      "atlasv2/h2-benign-seg033",
      "atlasv2/h2-benign-seg033",
      "atlasv2/h2-benign-seg033",
      "atlasv2/h2-benign-seg033",
      "atlasv2/h2-benign-seg033",
      "atlasv2/h2-benign-seg033",
      "atlasv2/h2-benign-seg033",
      "atlasv2/h2-benign-seg033",
      "atlasv2/h2-benign-seg033",
      "atlasv2/h2-benign-seg033",
      "atlasv2/h2-benign-seg033",
      "atlasv2/h2-benign-seg033",
      "atlasv2/h2-benign-seg033",
      "atlasv2/h2-benign-seg033",
      "atlasv2/h2-benign-seg033",
      "atlasv2/h2-benign-seg033",
      "atlasv2/h2-benign-seg033",
      "atlasv2/h2-benign-seg033",
      "atlasv2/h2-benign-seg033",
      "atlasv2/h2-benign-seg034",
      "atlasv2/h2-benign-seg034",
      "atlasv2/h2-benign-seg034",
      "atlasv2/h2-benign-seg034",
      "atlasv2/h2-benign-seg034",
      "atlasv2/h2-benign-seg034",
      "atlasv2/h2-benign-seg034",
      "atlasv2/h2-benign-seg034",
      "atlasv2/h2-benign-seg034",
      "atlasv2/h2-benign-seg034",
      "atlasv2/h2-benign-seg034",
      "atlasv2/h2-benign-seg034",
      "atlasv2/h2-benign-seg034",
      "atlasv2/h1-benign-seg034",
      "atlasv2/h2-benign-seg034",
      "atlasv2/h1-benign-seg034",
      "atlasv2/h2-benign-seg034",
      "atlasv2/h1-benign-seg034",
      "atlasv2/h2-benign-seg034",
      "atlasv2/h1-benign-seg034",
      "atlasv2/h2-benign-seg034",
      "atlasv2/h1-benign-seg034",
      "atlasv2/h2-benign-seg035",
      "atlasv2/h2-benign-seg035",
      "atlasv2/h2-benign-seg035",
      "atlasv2/h2-benign-seg035",
      "atlasv2/h2-benign-seg035",
      "atlasv2/h2-benign-seg035",
      "atlasv2/h2-benign-seg035",
      "atlasv2/h2-benign-seg035",
      "atlasv2/h1-benign-seg035",
      "atlasv2/h2-benign-seg035",
      "atlasv2/h1-benign-seg035",
      "atlasv2/h2-benign-seg035",
      "atlasv2/h1-benign-seg035",
      "atlasv2/h2-benign-seg035",
      "atlasv2/h1-benign-seg035",
      "atlasv2/h2-benign-seg035",
      "atlasv2/h1-benign-seg035",
      "atlasv2/h2-benign-seg035",
      "atlasv2/h1-benign-seg035",
      "atlasv2/h1-s4",
      "atlasv2/h1-s4",
      "atlasv2/h1-s4",
      "atlasv2/h1-s4",
      "atlasv2/h1-s4",
      "atlasv2/h1-s4",
      "atlasv2/h1-s4",
      "atlasv2/h1-s4",
      "atlasv2/h1-s4",
      "atlasv2/h1-s4"
    ],