{
  "display_name": "Small-Transformer-Forecaster",
  "base_experiment_name": "r010_transformer_forecaster_atlasv2_public_event_disjoint",
  "seed": 1597,
  "split": "test_event_disjoint",
  "metrics": {
    "AUPRC": 0.7666666666666666,
    "AUROC": 0.9632034632034632,
    "Brier": 0.059532835300343145,
    "LogLoss": 0.1908105564243422,
    "ECE@10": 0.056922433033854844,
    "BestF1": 0.8,
    "LeadTime@P80": 12.5,
    "Precision@P80": 1.0,
    "Recall@P80": 0.6666666666666666,
    "LeadTimeDetail": {
      "threshold": 0.118904,
      "precision": 1.0,
      "recall": 0.6666666666666666,
      "lead_time": 12.5
    }
  },
  "threshold": 0.15526099503040314,
  "policy_info": null,
  "predictions": {
    "y_true": [
      0,
      0,
      0,
      0,
      0,
      0,
      0,
      0,
      0,
      0,
      0,
      0,
      0,
      0,
      0,
      0,
      0,
      0,
      0,
      0,
      0,
      0,
      0,
      0,
      0,
      0,
      0,
      0,
      0,
      0,
      0,
      0,
      0,
      0,
      0,
      0,
      0,
      0,
      0,
      0,
      0,
      0,
      0,
      0,
      0,
      0,
      0,
      0,
      0,
      0,
      0,
      0,
      0,
      0,
      0,
      0,
      0,
      0,
      0,
      0,
      0,
      0,
      0,
      0,
      0,
      0,
      0,
      0,
      0,
      0,
      0,
      0,
      0,
      0,
      0,
      0,
      1,
      1,
      1,
      1,
      1,
      1,
      0
    ],
    "y_score": [
      0.0015384393045678735,
      0.0013387760845944285,
      0.0013528236886486411,
      0.001353556988760829,
      0.001371751306578517,
      0.0015400032280012965,
      0.0015339046949520707,
      0.0015311131719499826,
      0.001596880261786282,
      0.001371078658849001,
      0.0013584500411525369,
      0.001353556988760829,
      0.001371751306578517,
      0.001371751306578517,
      0.001371751306578517,
      0.001371751306578517,
      0.001371751306578517,
      0.001371751306578517,
      0.001371751306578517,
      0.001371751306578517,
      0.001371751306578517,
      0.001371751306578517,
      0.001371751306578517,
      0.001371751306578517,
      0.001371751306578517,
      0.001371751306578517,
      0.001371751306578517,
      0.001371751306578517,
      0.001371751306578517,
      0.001371751306578517,
      0.001371751306578517,
      0.003298768773674965,
      0.0032394148875027895,
      0.0016157611971721053,
      0.0016788007924333215,
      0.001381438341923058,
      0.0013365822378546,
      0.0013529137941077352,
      0.001371751306578517,
      0.001371751306578517,
      0.001371751306578517,
      0.003298768773674965,
      0.0014436205383390188,
      0.0014452297473326325,
      0.0014444675762206316,
      0.08055611699819565,
      0.001371751306578517,
      0.031531136482954025,
      0.001371751306578517,
      0.031531136482954025,
      0.001371751306578517,
      0.031531136482954025,
      0.001371751306578517,
      0.031531136482954025,
      0.001344373100437224,
      0.001371751306578517,
      0.001371751306578517,
      0.001371751306578517,
      0.0036251561250537634,
      0.001472881413064897,
      0.0017295015277341008,
      0.0014262143522500992,
      0.08055611699819565,
      0.0013438911410048604,
      0.031531136482954025,
      0.001344373100437224,
      0.031531136482954025,
      0.001371751888655126,
      0.031531136482954025,
      0.001371751888655126,
      0.031531136482954025,
      0.001371751888655126,
      0.031531136482954025,
      0.08055611699819565,
      0.031531136482954025,
      0.031531136482954025,
      0.031531136482954025,
      0.031531136482954025,
      0.12144831568002701,
      0.1541156768798828,
      0.12196916341781616,
      0.11890412122011185,
      0.01246912032365799
    ],
    "incident_id": [
      "atlasv2/h2-benign-seg033",
      "atlasv2/h2-benign-seg033",
      "atlasv2/h2-benign-seg033",
      "atlasv2/h2-benign-seg033",
      "atlasv2/h2-benign-seg033",
      "atlasv2/h2-benign-seg033",
      "atlasv2/h2-benign-seg033",
      "atlasv2/h2-benign-seg033",
      "atlasv2/h2-benign-seg033",
      "atlasv2/h2-benign-seg033",
      "atlasv2/h2-benign-seg033",
      "atlasv2/h2-benign-seg033",
      "atlasv2/h2-benign-seg033",
      "atlasv2/h2-benign-seg033",
      "atlasv2/h2-benign-seg033",
      "atlasv2/h2-benign-seg033",
      "atlasv2/h2-benign-seg033",
      "atlasv2/h2-benign-seg033",
      "atlasv2/h2-benign-seg033",
      "atlasv2/h2-benign-seg033",
      "atlasv2/h2-benign-seg033",
      "atlasv2/h2-benign-seg033",
      "atlasv2/h2-benign-seg033",
      "atlasv2/h2-benign-seg033",
      "atlasv2/h2-benign-seg033",
      "atlasv2/h2-benign-seg033",
      "atlasv2/h2-benign-seg033",
      "atlasv2/h2-benign-seg033",
      "atlasv2/h2-benign-seg033",
      "atlasv2/h2-benign-seg033",
      "atlasv2/h2-benign-seg033",
      "atlasv2/h2-benign-seg033",
      "atlasv2/h2-benign-seg034",
      "atlasv2/h2-benign-seg034",
      "atlasv2/h2-benign-seg034",
      "atlasv2/h2-benign-seg034",
      "atlasv2/h2-benign-seg034",
      "atlasv2/h2-benign-seg034",
      "atlasv2/h2-benign-seg034",
      "atlasv2/h2-benign-seg034",
      "atlasv2/h2-benign-seg034",
      "atlasv2/h2-benign-seg034",
      "atlasv2/h2-benign-seg034",
      "atlasv2/h2-benign-seg034",
      "atlasv2/h2-benign-seg034",
      "atlasv2/h1-benign-seg034",
      "atlasv2/h2-benign-seg034",
      "atlasv2/h1-benign-seg034",
      "atlasv2/h2-benign-seg034",
      "atlasv2/h1-benign-seg034",
      "atlasv2/h2-benign-seg034",
      "atlasv2/h1-benign-seg034",
      "atlasv2/h2-benign-seg034",
      "atlasv2/h1-benign-seg034",
      "atlasv2/h2-benign-seg035",
      "atlasv2/h2-benign-seg035",
      "atlasv2/h2-benign-seg035",
      "atlasv2/h2-benign-seg035",
      "atlasv2/h2-benign-seg035",
      "atlasv2/h2-benign-seg035",
      "atlasv2/h2-benign-seg035",
      "atlasv2/h2-benign-seg035",
      "atlasv2/h1-benign-seg035",
      "atlasv2/h2-benign-seg035",
      "atlasv2/h1-benign-seg035",
      "atlasv2/h2-benign-seg035",
      "atlasv2/h1-benign-seg035",
      "atlasv2/h2-benign-seg035",
      "atlasv2/h1-benign-seg035",
      "atlasv2/h2-benign-seg035",
      "atlasv2/h1-benign-seg035",
      "atlasv2/h2-benign-seg035",
      "atlasv2/h1-benign-seg035",
      "atlasv2/h1-s4",
      "atlasv2/h1-s4",
      "atlasv2/h1-s4",
      "atlasv2/h1-s4",
      "atlasv2/h1-s4",
      "atlasv2/h1-s4",
      "atlasv2/h1-s4",
      "atlasv2/h1-s4",
      "atlasv2/h1-s4",
      "atlasv2/h1-s4"
    ],