{
  "display_name": "Small-Transformer-Forecaster",
  "base_experiment_name": "r010_transformer_forecaster_atlasv2_public_event_disjoint",
  "seed": 610,
  "split": "test_event_disjoint",
  "metrics": {
    "AUPRC": 0.7916666666666666,
    "AUROC": 0.9718614718614719,
    "Brier": 0.03644699915168914,
    "LogLoss": 0.11872789022523958,
    "ECE@10": 0.03045866882753929,
    "BestF1": 0.8,
    "LeadTime@P80": 10.0,
    "Precision@P80": 1.0,
    "Recall@P80": 0.5,
    "LeadTimeDetail": {
      "threshold": 0.550169,
      "precision": 1.0,
      "recall": 0.5,
      "lead_time": 10.0
    }
  },
  "threshold": 0.6938250064849854,
  "policy_info": null,
  "predictions": {
    "y_true": [
      0,
      0,
      0,
      0,
      0,
      0,
      0,
      0,
      0,
      0,
      0,
      0,
      0,
      0,
      0,
      0,
      0,
      0,
      0,
      0,
      0,
      0,
      0,
      0,
      0,
      0,
      0,
      0,
      0,
      0,
      0,
      0,
      0,
      0,
      0,
      0,
      0,
      0,
      0,
      0,
      0,
      0,
      0,
      0,
      0,
      0,
      0,
      0,
      0,
      0,
      0,
      0,
      0,
      0,
      0,
      0,
      0,
      0,
      0,
      0,
      0,
      0,
      0,
      0,
      0,
      0,
      0,
      0,
      0,
      0,
      0,
      0,
      0,
      0,
      0,
      0,
      1,
      1,
      1,
      1,
      1,
      1,
      0
    ],
    "y_score": [
      0.002136652125045657,
      0.002052171854302287,
      0.0020782137289643288,
      0.0020770393311977386,
      0.002122532809153199,
      0.002181446645408869,
      0.0021483891177922487,
      0.0021240583155304193,
      0.002129405504092574,
      0.002037637634202838,
      0.002055426361039281,
      0.0020770393311977386,
      0.002122532809153199,
      0.002122532809153199,
      0.002122532809153199,
      0.002122532809153199,
      0.002122532809153199,
      0.002122532809153199,
      0.002122532809153199,
      0.002122532809153199,
      0.002122532809153199,
      0.002122532809153199,
      0.002122532809153199,
      0.002122532809153199,
      0.002122532809153199,
      0.002122532809153199,
      0.002122532809153199,
      0.002122532809153199,
      0.002122532809153199,
      0.002122532809153199,
      0.002122532809153199,
      0.002625185064971447,
      0.002449498511850834,
      0.0020766607485711575,
      0.002088814042508602,
      0.00205566780641675,
      0.002098335651680827,
      0.0021081073209643364,
      0.002122532809153199,
      0.002122532809153199,
      0.002122532809153199,
      0.002625185064971447,
      0.0020759126637130976,
      0.0020767920650541782,
      0.0020731703843921423,
      0.4261684715747833,
      0.002122532809153199,
      0.09651388227939606,
      0.002122532809153199,
      0.09651388227939606,
      0.002122532809153199,
      0.09651388227939606,
      0.002122532809153199,
      0.09651388227939606,
      0.002089472021907568,
      0.002122532809153199,
      0.002122532809153199,
      0.002122532809153199,
      0.0027035935781896114,
      0.002081730170175433,
      0.002194737084209919,
      0.0020529276225715876,
      0.4261684715747833,
      0.002091030590236187,
      0.09651389718055725,
      0.0020894710905849934,
      0.09651389718055725,
      0.0021225318778306246,
      0.09651389718055725,
      0.0021225318778306246,
      0.09651389718055725,
      0.0021225318778306246,
      0.09651389718055725,
      0.42616841197013855,
      0.09651389718055725,
      0.09651389718055725,
      0.09651389718055725,
      0.09651389718055725,
      0.4749778211116791,
      0.6742275953292847,
      0.5992620587348938,
      0.5501692891120911,
      0.014276765286922455
    ],
    "incident_id": [
      "atlasv2/h2-benign-seg033",
      "atlasv2/h2-benign-seg033",
      "atlasv2/h2-benign-seg033",
      "atlasv2/h2-benign-seg033",
      "atlasv2/h2-benign-seg033",
      "atlasv2/h2-benign-seg033",
      "atlasv2/h2-benign-seg033",
      "atlasv2/h2-benign-seg033",
      "atlasv2/h2-benign-seg033",
      "atlasv2/h2-benign-seg033",
      "atlasv2/h2-benign-seg033",
      "atlasv2/h2-benign-seg033",
      "atlasv2/h2-benign-seg033",
      "atlasv2/h2-benign-seg033",
      "atlasv2/h2-benign-seg033",
      "atlasv2/h2-benign-seg033",
      "atlasv2/h2-benign-seg033",
      "atlasv2/h2-benign-seg033",
      "atlasv2/h2-benign-seg033",
      "atlasv2/h2-benign-seg033",
      "atlasv2/h2-benign-seg033",
      "atlasv2/h2-benign-seg033",
      "atlasv2/h2-benign-seg033",
      "atlasv2/h2-benign-seg033",
      "atlasv2/h2-benign-seg033",
      "atlasv2/h2-benign-seg033",
      "atlasv2/h2-benign-seg033",
      "atlasv2/h2-benign-seg033",
      "atlasv2/h2-benign-seg033",
      "atlasv2/h2-benign-seg033",
      "atlasv2/h2-benign-seg033",
      "atlasv2/h2-benign-seg033",
      "atlasv2/h2-benign-seg034",
      "atlasv2/h2-benign-seg034",
      "atlasv2/h2-benign-seg034",
      "atlasv2/h2-benign-seg034",
      "atlasv2/h2-benign-seg034",
      "atlasv2/h2-benign-seg034",
      "atlasv2/h2-benign-seg034",
      "atlasv2/h2-benign-seg034",
      "atlasv2/h2-benign-seg034",
      "atlasv2/h2-benign-seg034",
      "atlasv2/h2-benign-seg034",
      "atlasv2/h2-benign-seg034",
      "atlasv2/h2-benign-seg034",
      "atlasv2/h1-benign-seg034",
      "atlasv2/h2-benign-seg034",
      "atlasv2/h1-benign-seg034",
      "atlasv2/h2-benign-seg034",
      "atlasv2/h1-benign-seg034",
      "atlasv2/h2-benign-seg034",
      "atlasv2/h1-benign-seg034",
      "atlasv2/h2-benign-seg034",
      "atlasv2/h1-benign-seg034",
      "atlasv2/h2-benign-seg035",
      "atlasv2/h2-benign-seg035",
      "atlasv2/h2-benign-seg035",
      "atlasv2/h2-benign-seg035",
      "atlasv2/h2-benign-seg035",
      "atlasv2/h2-benign-seg035",
      "atlasv2/h2-benign-seg035",
      "atlasv2/h2-benign-seg035",
      "atlasv2/h1-benign-seg035",
      "atlasv2/h2-benign-seg035",
      "atlasv2/h1-benign-seg035",
      "atlasv2/h2-benign-seg035",
      "atlasv2/h1-benign-seg035",
      "atlasv2/h2-benign-seg035",
      "atlasv2/h1-benign-seg035",
      "atlasv2/h2-benign-seg035",
      "atlasv2/h1-benign-seg035",
      "atlasv2/h2-benign-seg035",
      "atlasv2/h1-benign-seg035",
      "atlasv2/h1-s4",
      "atlasv2/h1-s4",
      "atlasv2/h1-s4",
      "atlasv2/h1-s4",
      "atlasv2/h1-s4",
      "atlasv2/h1-s4",
      "atlasv2/h1-s4",
      "atlasv2/h1-s4",
      "atlasv2/h1-s4",
      "atlasv2/h1-s4"
    ],