{
  "display_name": "Small-Transformer-Forecaster",
  "base_experiment_name": "r010_transformer_forecaster_atlasv2_public_event_disjoint",
  "seed": 2584,
  "metrics": {
    "AUPRC": 0.6119047619047618,
    "AUROC": 0.9415584415584415,
    "Brier": 0.06466303938564044,
    "LogLoss": 0.22466354790645865,
    "ECE@10": 0.06143237193148718,
    "BestF1": 0.6153846153846153,
    "LeadTime@P80": 7.5,
    "Precision@P80": 1.0,
    "Recall@P80": 0.3333333333333333,
    "LeadTimeDetail": {
      "threshold": 0.091874,
      "precision": 1.0,
      "recall": 0.3333333333333333,
      "lead_time": 7.5
    }
  },
  "threshold": 0.5,
  "policy_info": null,
  "predictions": {
    "y_true": [
      0,
      0,
      0,
      0,
      0,
      0,
      0,
      0,
      0,
      0,
      0,
      0,
      0,
      0,
      0,
      0,
      0,
      0,
      0,
      0,
      0,
      0,
      0,
      0,
      0,
      0,
      0,
      0,
      0,
      0,
      0,
      0,
      0,
      0,
      0,
      0,
      0,
      0,
      0,
      0,
      0,
      0,
      0,
      0,
      0,
      0,
      0,
      0,
      0,
      0,
      0,
      0,
      0,
      0,
      0,
      0,
      0,
      0,
      0,
      0,
      0,
      0,
      0,
      0,
      0,
      0,
      0,
      0,
      0,
      0,
      0,
      0,
      0,
      0,
      0,
      0,
      1,
      1,
      1,
      1,
      1,
      1,
      0
    ],
    "y_score": [
      0.0010772680398076773,
      0.001063880161382258,
      0.0010513809975236654,
      0.0010507575934752822,
      0.0010438626632094383,
      0.0010511580621823668,
      0.0010570306330919266,
      0.0010636724764481187,
      0.001082558068446815,
      0.0010650367476046085,
      0.0010577901266515255,
      0.0010507575934752822,
      0.0010438626632094383,
      0.0010438626632094383,
      0.0010438626632094383,
      0.0010438626632094383,
      0.0010438626632094383,
      0.0010438626632094383,
      0.0010438626632094383,
      0.0010438626632094383,
      0.0010438626632094383,
      0.0010438626632094383,
      0.0010438626632094383,
      0.0010438626632094383,
      0.0010438626632094383,
      0.0010438626632094383,
      0.0010438626632094383,
      0.0010438626632094383,
      0.0010438626632094383,
      0.0010438626632094383,
      0.0010438626632094383,
      0.0012790205655619502,
      0.0013228945899754763,
      0.0012287029530853033,
      0.0012231236323714256,
      0.0011050333268940449,
      0.0010492561850696802,
      0.0010458186734467745,
      0.0010438626632094383,
      0.0010438626632094383,
      0.0010438626632094383,
      0.0012790205655619502,
      0.001104653929360211,
      0.0011051301844418049,
      0.0011044135317206383,
      0.07053402066230774,
      0.0010438626632094383,
      0.025381818413734436,
      0.0010438626632094383,
      0.025381818413734436,
      0.0010438626632094383,
      0.025381818413734436,
      0.0010438626632094383,
      0.025381818413734436,
      0.001051011960953474,
      0.0010438626632094383,
      0.0010438626632094383,
      0.0010438626632094383,
      0.0013310841750353575,
      0.0011177415726706386,
      0.0011396000627428293,
      0.0011213922407478094,
      0.07053402066230774,
      0.0010513353627175093,
      0.02538181282579899,
      0.001051011960953474,
      0.02538181282579899,
      0.0010438626632094383,
      0.02538181282579899,
      0.0010438626632094383,
      0.02538181282579899,
      0.0010438626632094383,
      0.02538181282579899,
      0.07053402066230774,
      0.02538181282579899,
      0.02538181282579899,
      0.02538181282579899,
      0.02538181282579899,
      0.044683169573545456,
      0.05485806241631508,
      0.09747224301099777,
      0.09187423437833786,
      0.003830765374004841
    ],
    "incident_id": [
      "atlasv2/h2-benign-seg033",
      "atlasv2/h2-benign-seg033",
      "atlasv2/h2-benign-seg033",
      "atlasv2/h2-benign-seg033",
      "atlasv2/h2-benign-seg033",
      "atlasv2/h2-benign-seg033",
      "atlasv2/h2-benign-seg033",
      "atlasv2/h2-benign-seg033",
      "atlasv2/h2-benign-seg033",
      "atlasv2/h2-benign-seg033",
      "atlasv2/h2-benign-seg033",
      "atlasv2/h2-benign-seg033",
      "atlasv2/h2-benign-seg033",
      "atlasv2/h2-benign-seg033",
      "atlasv2/h2-benign-seg033",
      "atlasv2/h2-benign-seg033",
      "atlasv2/h2-benign-seg033",
      "atlasv2/h2-benign-seg033",
      "atlasv2/h2-benign-seg033",
      "atlasv2/h2-benign-seg033",
      "atlasv2/h2-benign-seg033",
      "atlasv2/h2-benign-seg033",
      "atlasv2/h2-benign-seg033",
      "atlasv2/h2-benign-seg033",
      "atlasv2/h2-benign-seg033",
      "atlasv2/h2-benign-seg033",
      "atlasv2/h2-benign-seg033",
      "atlasv2/h2-benign-seg033",
      "atlasv2/h2-benign-seg033",
      "atlasv2/h2-benign-seg033",
      "atlasv2/h2-benign-seg033",
      "atlasv2/h2-benign-seg033",
      "atlasv2/h2-benign-seg034",
      "atlasv2/h2-benign-seg034",
      "atlasv2/h2-benign-seg034",
      "atlasv2/h2-benign-seg034",
      "atlasv2/h2-benign-seg034",
      "atlasv2/h2-benign-seg034",
      "atlasv2/h2-benign-seg034",
      "atlasv2/h2-benign-seg034",
      "atlasv2/h2-benign-seg034",
      "atlasv2/h2-benign-seg034",
      "atlasv2/h2-benign-seg034",
      "atlasv2/h2-benign-seg034",
      "atlasv2/h2-benign-seg034",
      "atlasv2/h1-benign-seg034",
      "atlasv2/h2-benign-seg034",
      "atlasv2/h1-benign-seg034",
      "atlasv2/h2-benign-seg034",
      "atlasv2/h1-benign-seg034",
      "atlasv2/h2-benign-seg034",
      "atlasv2/h1-benign-seg034",
      "atlasv2/h2-benign-seg034",
      "atlasv2/h1-benign-seg034",
      "atlasv2/h2-benign-seg035",
      "atlasv2/h2-benign-seg035",
      "atlasv2/h2-benign-seg035",
      "atlasv2/h2-benign-seg035",
      "atlasv2/h2-benign-seg035",
      "atlasv2/h2-benign-seg035",
      "atlasv2/h2-benign-seg035",
      "atlasv2/h2-benign-seg035",
      "atlasv2/h1-benign-seg035",
      "atlasv2/h2-benign-seg035",
      "atlasv2/h1-benign-seg035",
      "atlasv2/h2-benign-seg035",
      "atlasv2/h1-benign-seg035",
      "atlasv2/h2-benign-seg035",
      "atlasv2/h1-benign-seg035",
      "atlasv2/h2-benign-seg035",
      "atlasv2/h1-benign-seg035",
      "atlasv2/h2-benign-seg035",
      "atlasv2/h1-benign-seg035",
      "atlasv2/h1-s4",
      "atlasv2/h1-s4",
      "atlasv2/h1-s4",
      "atlasv2/h1-s4",
      "atlasv2/h1-s4",
      "atlasv2/h1-s4",
      "atlasv2/h1-s4",
      "atlasv2/h1-s4",
      "atlasv2/h1-s4",
      "atlasv2/h1-s4"
    ],