{
  "display_name": "Small-Transformer-Forecaster",
  "base_experiment_name": "r010_transformer_forecaster_atlasv2_public_event_disjoint",
  "seed": 55,
  "split": "test_event_disjoint",
  "metrics": {
    "AUPRC": 0.6944444444444444,
    "AUROC": 0.9415584415584415,
    "Brier": 0.06756017451538339,
    "LogLoss": 0.2584111105157626,
    "ECE@10": 0.05132758424404155,
    "BestF1": 0.6666666666666666,
    "LeadTime@P80": 15.0,
    "Precision@P80": 1.0,
    "Recall@P80": 0.5,
    "LeadTimeDetail": {
      "threshold": 0.035755,
      "precision": 1.0,
      "recall": 0.5,
      "lead_time": 15.0
    }
  },
  "threshold": 0.03809000179171562,
  "policy_info": null,
  "predictions": {
    "y_true": [
      0,
      0,
      0,
      0,
      0,
      0,
      0,
      0,
      0,
      0,
      0,
      0,
      0,
      0,
      0,
      0,
      0,
      0,
      0,
      0,
      0,
      0,
      0,
      0,
      0,
      0,
      0,
      0,
      0,
      0,
      0,
      0,
      0,
      0,
      0,
      0,
      0,
      0,
      0,
      0,
      0,
      0,
      0,
      0,
      0,
      0,
      0,
      0,
      0,
      0,
      0,
      0,
      0,
      0,
      0,
      0,
      0,
      0,
      0,
      0,
      0,
      0,
      0,
      0,
      0,
      0,
      0,
      0,
      0,
      0,
      0,
      0,
      0,
      0,
      0,
      0,
      1,
      1,
      1,
      1,
      1,
      1,
      0
    ],
    "y_score": [
      0.028623102232813835,
      0.02484864927828312,
      0.015305464155972004,
      0.01518882904201746,
      0.011255147866904736,
      0.014535278081893921,
      0.01740829274058342,
      0.020135272294282913,
      0.024587292224168777,
      0.02038576826453209,
      0.018230430781841278,
      0.01518882904201746,
      0.011255147866904736,
      0.011255147866904736,
      0.011255147866904736,
      0.011255147866904736,
      0.011255147866904736,
      0.011255147866904736,
      0.011255147866904736,
      0.011255147866904736,
      0.011255147866904736,
      0.011255147866904736,
      0.011255147866904736,
      0.011255147866904736,
      0.011255147866904736,
      0.011255147866904736,
      0.011255147866904736,
      0.011255147866904736,
      0.011255147866904736,
      0.011255147866904736,
      0.011255147866904736,
      0.02946491725742817,
      0.0355265773832798,
      0.033541664481163025,
      0.03365723043680191,
      0.02824646420776844,
      0.015692340210080147,
      0.012226097285747528,
      0.011255147866904736,
      0.011255147866904736,
      0.011255147866904736,
      0.02946491725742817,
      0.023780029267072678,
      0.023833470419049263,
      0.023622311651706696,
      0.03393230214715004,
      0.011255147866904736,
      0.03208588436245918,
      0.011255147866904736,
      0.03208588436245918,
      0.011255147866904736,
      0.03208588436245918,
      0.011255147866904736,
      0.03208588436245918,
      0.015993312001228333,
      0.011255147866904736,
      0.011255147866904736,
      0.011255147866904736,
      0.028265509754419327,
      0.02212454192340374,
      0.030188146978616714,
      0.027189310640096664,
      0.03393230214715004,
      0.016124071553349495,
      0.03208588436245918,
      0.015993312001228333,
      0.03208588436245918,
      0.011255147866904736,
      0.03208588436245918,
      0.011255147866904736,
      0.03208588436245918,
      0.011255147866904736,
      0.03208588436245918,
      0.03393230214715004,
      0.03208588436245918,
      0.03208588436245918,
      0.03208588436245918,
      0.03208588436245918,
      0.0402880534529686,
      0.04221232607960701,
      0.03642972931265831,
      0.035420872271060944,
      0.03575481101870537
    ],
    "incident_id": [
      "atlasv2/h2-benign-seg033",
      "atlasv2/h2-benign-seg033",
      "atlasv2/h2-benign-seg033",
      "atlasv2/h2-benign-seg033",
      "atlasv2/h2-benign-seg033",
      "atlasv2/h2-benign-seg033",
      "atlasv2/h2-benign-seg033",
      "atlasv2/h2-benign-seg033",
      "atlasv2/h2-benign-seg033",
      "atlasv2/h2-benign-seg033",
      "atlasv2/h2-benign-seg033",
      "atlasv2/h2-benign-seg033",
      "atlasv2/h2-benign-seg033",
      "atlasv2/h2-benign-seg033",
      "atlasv2/h2-benign-seg033",
      "atlasv2/h2-benign-seg033",
      "atlasv2/h2-benign-seg033",
      "atlasv2/h2-benign-seg033",
      "atlasv2/h2-benign-seg033",
      "atlasv2/h2-benign-seg033",
      "atlasv2/h2-benign-seg033",
      "atlasv2/h2-benign-seg033",
      "atlasv2/h2-benign-seg033",
      "atlasv2/h2-benign-seg033",
      "atlasv2/h2-benign-seg033",
      "atlasv2/h2-benign-seg033",
      "atlasv2/h2-benign-seg033",
      "atlasv2/h2-benign-seg033",
      "atlasv2/h2-benign-seg033",
      "atlasv2/h2-benign-seg033",
      "atlasv2/h2-benign-seg033",
      "atlasv2/h2-benign-seg033",
      "atlasv2/h2-benign-seg034",
      "atlasv2/h2-benign-seg034",
      "atlasv2/h2-benign-seg034",
      "atlasv2/h2-benign-seg034",
      "atlasv2/h2-benign-seg034",
      "atlasv2/h2-benign-seg034",
      "atlasv2/h2-benign-seg034",
      "atlasv2/h2-benign-seg034",
      "atlasv2/h2-benign-seg034",
      "atlasv2/h2-benign-seg034",
      "atlasv2/h2-benign-seg034",
      "atlasv2/h2-benign-seg034",
      "atlasv2/h2-benign-seg034",
      "atlasv2/h1-benign-seg034",
      "atlasv2/h2-benign-seg034",
      "atlasv2/h1-benign-seg034",
      "atlasv2/h2-benign-seg034",
      "atlasv2/h1-benign-seg034",
      "atlasv2/h2-benign-seg034",
      "atlasv2/h1-benign-seg034",
      "atlasv2/h2-benign-seg034",
      "atlasv2/h1-benign-seg034",
      "atlasv2/h2-benign-seg035",
      "atlasv2/h2-benign-seg035",
      "atlasv2/h2-benign-seg035",
      "atlasv2/h2-benign-seg035",
      "atlasv2/h2-benign-seg035",
      "atlasv2/h2-benign-seg035",
      "atlasv2/h2-benign-seg035",
      "atlasv2/h2-benign-seg035",
      "atlasv2/h1-benign-seg035",
      "atlasv2/h2-benign-seg035",
      "atlasv2/h1-benign-seg035",
      "atlasv2/h2-benign-seg035",
      "atlasv2/h1-benign-seg035",
      "atlasv2/h2-benign-seg035",
      "atlasv2/h1-benign-seg035",
      "atlasv2/h2-benign-seg035",
      "atlasv2/h1-benign-seg035",
      "atlasv2/h2-benign-seg035",
      "atlasv2/h1-benign-seg035",
      "atlasv2/h1-s4",
      "atlasv2/h1-s4",
      "atlasv2/h1-s4",
      "atlasv2/h1-s4",
      "atlasv2/h1-s4",
      "atlasv2/h1-s4",
      "atlasv2/h1-s4",
      "atlasv2/h1-s4",
      "atlasv2/h1-s4",
      "atlasv2/h1-s4"
    ],