{
  "display_name": "Small-Transformer-Forecaster",
  "base_experiment_name": "r010_transformer_forecaster_atlasv2_public_event_disjoint",
  "seed": 28657,
  "split": "test_event_disjoint",
  "metrics": {
    "AUPRC": 0.7843137254901961,
    "AUROC": 0.9675324675324676,
    "Brier": 0.06864426377203278,
    "LogLoss": 0.2738905979275589,
    "ECE@10": 0.05891169030331524,
    "BestF1": 0.8,
    "LeadTime@P80": 15.0,
    "Precision@P80": 1.0,
    "Recall@P80": 0.5,
    "LeadTimeDetail": {
      "threshold": 0.027603,
      "precision": 1.0,
      "recall": 0.5,
      "lead_time": 15.0
    }
  },
  "threshold": 0.5,
  "policy_info": null,
  "predictions": {
    "y_true": [
      0,
      0,
      0,
      0,
      0,
      0,
      0,
      0,
      0,
      0,
      0,
      0,
      0,
      0,
      0,
      0,
      0,
      0,
      0,
      0,
      0,
      0,
      0,
      0,
      0,
      0,
      0,
      0,
      0,
      0,
      0,
      0,
      0,
      0,
      0,
      0,
      0,
      0,
      0,
      0,
      0,
      0,
      0,
      0,
      0,
      0,
      0,
      0,
      0,
      0,
      0,
      0,
      0,
      0,
      0,
      0,
      0,
      0,
      0,
      0,
      0,
      0,
      0,
      0,
      0,
      0,
      0,
      0,
      0,
      0,
      0,
      0,
      0,
      0,
      0,
      0,
      1,
      1,
      1,
      1,
      1,
      1,
      0
    ],
    "y_score": [
      0.01236021053045988,
      0.010901237837970257,
      0.008986486122012138,
      0.008972092531621456,
      0.0077373613603413105,
      0.008933288976550102,
      0.009498706087470055,
      0.010041655041277409,
      0.011458302848041058,
      0.01012071967124939,
      0.009567859582602978,
      0.008972092531621456,
      0.0077373613603413105,
      0.0077373613603413105,
      0.0077373613603413105,
      0.0077373613603413105,
      0.0077373613603413105,
      0.0077373613603413105,
      0.0077373613603413105,
      0.0077373613603413105,
      0.0077373613603413105,
      0.0077373613603413105,
      0.0077373613603413105,
      0.0077373613603413105,
      0.0077373613603413105,
      0.0077373613603413105,
      0.0077373613603413105,
      0.0077373613603413105,
      0.0077373613603413105,
      0.0077373613603413105,
      0.0077373613603413105,
      0.017163656651973724,
      0.02044682577252388,
      0.017527390271425247,
      0.01783052459359169,
      0.01309199258685112,
      0.009112990461289883,
      0.008441234938800335,
      0.0077373613603413105,
      0.0077373613603413105,
      0.0077373613603413105,
      0.017163656651973724,
      0.012068604119122028,
      0.012105134315788746,
      0.012070229277014732,
      0.026090359315276146,
      0.0077373613603413105,
      0.022267553955316544,
      0.0077373613603413105,
      0.022267553955316544,
      0.0077373613603413105,
      0.022267553955316544,
      0.0077373613603413105,
      0.022267553955316544,
      0.008625674992799759,
      0.0077373613603413105,
      0.0077373613603413105,
      0.0077373613603413105,
      0.017010383307933807,
      0.011872080154716969,
      0.013387343846261501,
      0.012464653700590134,
      0.026090359315276146,
      0.00863268319517374,
      0.02226755954325199,
      0.008625674992799759,
      0.02226755954325199,
      0.0077373613603413105,
      0.02226755954325199,
      0.0077373613603413105,
      0.02226755954325199,
      0.0077373613603413105,
      0.02226755954325199,
      0.026090359315276146,
      0.02226755954325199,
      0.02226755954325199,
      0.02226755954325199,
      0.02226755954325199,
      0.029976876452565193,
      0.03211858496069908,
      0.02760312333703041,
      0.0264835637062788,
      0.023611916229128838
    ],
    "incident_id": [
      "atlasv2/h2-benign-seg033",
      "atlasv2/h2-benign-seg033",
      "atlasv2/h2-benign-seg033",
      "atlasv2/h2-benign-seg033",
      "atlasv2/h2-benign-seg033",
      "atlasv2/h2-benign-seg033",
      "atlasv2/h2-benign-seg033",
      "atlasv2/h2-benign-seg033",
      "atlasv2/h2-benign-seg033",
      "atlasv2/h2-benign-seg033",
      "atlasv2/h2-benign-seg033",
      "atlasv2/h2-benign-seg033",
      "atlasv2/h2-benign-seg033",
      "atlasv2/h2-benign-seg033",
      "atlasv2/h2-benign-seg033",
      "atlasv2/h2-benign-seg033",
      "atlasv2/h2-benign-seg033",
      "atlasv2/h2-benign-seg033",
      "atlasv2/h2-benign-seg033",
      "atlasv2/h2-benign-seg033",
      "atlasv2/h2-benign-seg033",
      "atlasv2/h2-benign-seg033",
      "atlasv2/h2-benign-seg033",
      "atlasv2/h2-benign-seg033",
      "atlasv2/h2-benign-seg033",
      "atlasv2/h2-benign-seg033",
      "atlasv2/h2-benign-seg033",
      "atlasv2/h2-benign-seg033",
      "atlasv2/h2-benign-seg033",
      "atlasv2/h2-benign-seg033",
      "atlasv2/h2-benign-seg033",
      "atlasv2/h2-benign-seg033",
      "atlasv2/h2-benign-seg034",
      "atlasv2/h2-benign-seg034",
      "atlasv2/h2-benign-seg034",
      "atlasv2/h2-benign-seg034",
      "atlasv2/h2-benign-seg034",
      "atlasv2/h2-benign-seg034",
      "atlasv2/h2-benign-seg034",
      "atlasv2/h2-benign-seg034",
      "atlasv2/h2-benign-seg034",
      "atlasv2/h2-benign-seg034",
      "atlasv2/h2-benign-seg034",
      "atlasv2/h2-benign-seg034",
      "atlasv2/h2-benign-seg034",
      "atlasv2/h1-benign-seg034",
      "atlasv2/h2-benign-seg034",
      "atlasv2/h1-benign-seg034",
      "atlasv2/h2-benign-seg034",
      "atlasv2/h1-benign-seg034",
      "atlasv2/h2-benign-seg034",
      "atlasv2/h1-benign-seg034",
      "atlasv2/h2-benign-seg034",
      "atlasv2/h1-benign-seg034",
      "atlasv2/h2-benign-seg035",
      "atlasv2/h2-benign-seg035",
      "atlasv2/h2-benign-seg035",
      "atlasv2/h2-benign-seg035",
      "atlasv2/h2-benign-seg035",
      "atlasv2/h2-benign-seg035",
      "atlasv2/h2-benign-seg035",
      "atlasv2/h2-benign-seg035",
      "atlasv2/h1-benign-seg035",
      "atlasv2/h2-benign-seg035",
      "atlasv2/h1-benign-seg035",
      "atlasv2/h2-benign-seg035",
      "atlasv2/h1-benign-seg035",
      "atlasv2/h2-benign-seg035",
      "atlasv2/h1-benign-seg035",
      "atlasv2/h2-benign-seg035",
      "atlasv2/h1-benign-seg035",
      "atlasv2/h2-benign-seg035",
      "atlasv2/h1-benign-seg035",
      "atlasv2/h1-s4",
      "atlasv2/h1-s4",
      "atlasv2/h1-s4",
      "atlasv2/h1-s4",
      "atlasv2/h1-s4",
      "atlasv2/h1-s4",
      "atlasv2/h1-s4",
      "atlasv2/h1-s4",
      "atlasv2/h1-s4",
      "atlasv2/h1-s4"
    ],