{
  "display_name": "Small-Transformer-Forecaster",
  "base_experiment_name": "r010_transformer_forecaster_atlasv2_public_event_disjoint",
  "seed": 13,
  "split": "test_event_disjoint",
  "metrics": {
    "AUPRC": 0.6952380952380952,
    "AUROC": 0.9567099567099567,
    "Brier": 0.06553199473276271,
    "LogLoss": 0.22746229626393105,
    "ECE@10": 0.0616895837431594,
    "BestF1": 0.6666666666666666,
    "LeadTime@P80": 10.0,
    "Precision@P80": 1.0,
    "Recall@P80": 0.5,
    "LeadTimeDetail": {
      "threshold": 0.058549,
      "precision": 1.0,
      "recall": 0.5,
      "lead_time": 10.0
    }
  },
  "threshold": 0.06575600057840347,
  "policy_info": null,
  "predictions": {
    "y_true": [
      0,
      0,
      0,
      0,
      0,
      0,
      0,
      0,
      0,
      0,
      0,
      0,
      0,
      0,
      0,
      0,
      0,
      0,
      0,
      0,
      0,
      0,
      0,
      0,
      0,
      0,
      0,
      0,
      0,
      0,
      0,
      0,
      0,
      0,
      0,
      0,
      0,
      0,
      0,
      0,
      0,
      0,
      0,
      0,
      0,
      0,
      0,
      0,
      0,
      0,
      0,
      0,
      0,
      0,
      0,
      0,
      0,
      0,
      0,
      0,
      0,
      0,
      0,
      0,
      0,
      0,
      0,
      0,
      0,
      0,
      0,
      0,
      0,
      0,
      0,
      0,
      1,
      1,
      1,
      1,
      1,
      1,
      0
    ],
    "y_score": [
      0.001058444962836802,
      0.0009789654286578298,
      0.0009388854377903044,
      0.0009390858467668295,
      0.0009244881803169847,
      0.0010058705229312181,
      0.0010192299960181117,
      0.0010353397810831666,
      0.0010620225220918655,
      0.0009795438963919878,
      0.0009578193421475589,
      0.0009390858467668295,
      0.0009244881803169847,
      0.0009244881803169847,
      0.0009244881803169847,
      0.0009244881803169847,
      0.0009244881803169847,
      0.0009244881803169847,
      0.0009244881803169847,
      0.0009244881803169847,
      0.0009244881803169847,
      0.0009244881803169847,
      0.0009244881803169847,
      0.0009244881803169847,
      0.0009244881803169847,
      0.0009244881803169847,
      0.0009244881803169847,
      0.0009244881803169847,
      0.0009244881803169847,
      0.0009244881803169847,
      0.0009244881803169847,
      0.0018008436309173703,
      0.007178264670073986,
      0.0045576561242341995,
      0.006727598607540131,
      0.0011618376011028886,
      0.0009240866056643426,
      0.0009236552286893129,
      0.0009244881803169847,
      0.0009244881803169847,
      0.0009244881803169847,
      0.0018008436309173703,
      0.0011513596400618553,
      0.0011597207048907876,
      0.0011552381329238415,
      0.053184088319540024,
      0.0009244881803169847,
      0.030721263960003853,
      0.0009244881803169847,
      0.030721263960003853,
      0.0009244881803169847,
      0.030721263960003853,
      0.0009244881803169847,
      0.030721263960003853,
      0.0009323490667156875,
      0.0009244881803169847,
      0.0009244881803169847,
      0.0009244881803169847,
      0.0019892097916454077,
      0.0011984804878011346,
      0.001296305563300848,
      0.0012243423843756318,
      0.053184088319540024,
      0.000932850583922118,
      0.030721263960003853,
      0.0009323490667156875,
      0.030721263960003853,
      0.0009244881803169847,
      0.030721263960003853,
      0.0009244881803169847,
      0.030721263960003853,
      0.0009244881803169847,
      0.030721263960003853,
      0.053184088319540024,
      0.030721263960003853,
      0.030721263960003853,
      0.030721263960003853,
      0.030721263960003853,
      0.052787575870752335,
      0.058549389243125916,
      0.06244232505559921,
      0.06270884722471237,
      0.005878320429474115
    ],
    "incident_id": [
      "atlasv2/h2-benign-seg033",
      "atlasv2/h2-benign-seg033",
      "atlasv2/h2-benign-seg033",
      "atlasv2/h2-benign-seg033",
      "atlasv2/h2-benign-seg033",
      "atlasv2/h2-benign-seg033",
      "atlasv2/h2-benign-seg033",
      "atlasv2/h2-benign-seg033",
      "atlasv2/h2-benign-seg033",
      "atlasv2/h2-benign-seg033",
      "atlasv2/h2-benign-seg033",
      "atlasv2/h2-benign-seg033",
      "atlasv2/h2-benign-seg033",
      "atlasv2/h2-benign-seg033",
      "atlasv2/h2-benign-seg033",
      "atlasv2/h2-benign-seg033",
      "atlasv2/h2-benign-seg033",
      "atlasv2/h2-benign-seg033",
      "atlasv2/h2-benign-seg033",
      "atlasv2/h2-benign-seg033",
      "atlasv2/h2-benign-seg033",
      "atlasv2/h2-benign-seg033",
      "atlasv2/h2-benign-seg033",
      "atlasv2/h2-benign-seg033",
      "atlasv2/h2-benign-seg033",
      "atlasv2/h2-benign-seg033",
      "atlasv2/h2-benign-seg033",
      "atlasv2/h2-benign-seg033",
      "atlasv2/h2-benign-seg033",
      "atlasv2/h2-benign-seg033",
      "atlasv2/h2-benign-seg033",
      "atlasv2/h2-benign-seg033",
      "atlasv2/h2-benign-seg034",
      "atlasv2/h2-benign-seg034",
      "atlasv2/h2-benign-seg034",
      "atlasv2/h2-benign-seg034",
      "atlasv2/h2-benign-seg034",
      "atlasv2/h2-benign-seg034",
      "atlasv2/h2-benign-seg034",
      "atlasv2/h2-benign-seg034",
      "atlasv2/h2-benign-seg034",
      "atlasv2/h2-benign-seg034",
      "atlasv2/h2-benign-seg034",
      "atlasv2/h2-benign-seg034",
      "atlasv2/h2-benign-seg034",
      "atlasv2/h1-benign-seg034",
      "atlasv2/h2-benign-seg034",
      "atlasv2/h1-benign-seg034",
      "atlasv2/h2-benign-seg034",
      "atlasv2/h1-benign-seg034",
      "atlasv2/h2-benign-seg034",
      "atlasv2/h1-benign-seg034",
      "atlasv2/h2-benign-seg034",
      "atlasv2/h1-benign-seg034",
      "atlasv2/h2-benign-seg035",
      "atlasv2/h2-benign-seg035",
      "atlasv2/h2-benign-seg035",
      "atlasv2/h2-benign-seg035",
      "atlasv2/h2-benign-seg035",
      "atlasv2/h2-benign-seg035",
      "atlasv2/h2-benign-seg035",
      "atlasv2/h2-benign-seg035",
      "atlasv2/h1-benign-seg035",
      "atlasv2/h2-benign-seg035",
      "atlasv2/h1-benign-seg035",
      "atlasv2/h2-benign-seg035",
      "atlasv2/h1-benign-seg035",
      "atlasv2/h2-benign-seg035",
      "atlasv2/h1-benign-seg035",
      "atlasv2/h2-benign-seg035",
      "atlasv2/h1-benign-seg035",
      "atlasv2/h2-benign-seg035",
      "atlasv2/h1-benign-seg035",
      "atlasv2/h1-s4",
      "atlasv2/h1-s4",
      "atlasv2/h1-s4",
      "atlasv2/h1-s4",
      "atlasv2/h1-s4",
      "atlasv2/h1-s4",
      "atlasv2/h1-s4",
      "atlasv2/h1-s4",
      "atlasv2/h1-s4",
      "atlasv2/h1-s4"
    ],