{
  "display_name": "Small-Transformer-Forecaster",
  "base_experiment_name": "r010_transformer_forecaster_atlasv2_public_event_disjoint",
  "seed": 75025,
  "metrics": {
    "AUPRC": 0.7916666666666666,
    "AUROC": 0.9718614718614719,
    "Brier": 0.05933053630295156,
    "LogLoss": 0.18542890474529683,
    "ECE@10": 0.055320773403446405,
    "BestF1": 0.8,
    "LeadTime@P80": 10.0,
    "Precision@P80": 1.0,
    "Recall@P80": 0.5,
    "LeadTimeDetail": {
      "threshold": 0.107722,
      "precision": 1.0,
      "recall": 0.5,
      "lead_time": 10.0
    }
  },
  "threshold": 0.151201993227005,
  "policy_info": null,
  "predictions": {
    "y_true": [
      0,
      0,
      0,
      0,
      0,
      0,
      0,
      0,
      0,
      0,
      0,
      0,
      0,
      0,
      0,
      0,
      0,
      0,
      0,
      0,
      0,
      0,
      0,
      0,
      0,
      0,
      0,
      0,
      0,
      0,
      0,
      0,
      0,
      0,
      0,
      0,
      0,
      0,
      0,
      0,
      0,
      0,
      0,
      0,
      0,
      0,
      0,
      0,
      0,
      0,
      0,
      0,
      0,
      0,
      0,
      0,
      0,
      0,
      0,
      0,
      0,
      0,
      0,
      0,
      0,
      0,
      0,
      0,
      0,
      0,
      0,
      0,
      0,
      0,
      0,
      0,
      1,
      1,
      1,
      1,
      1,
      1,
      0
    ],
    "y_score": [
      0.0006010299548506737,
      0.0005946902092546225,
      0.0006030756048858166,
      0.0006038472056388855,
      0.0006298123043961823,
      0.0006274801562540233,
      0.0006187373073771596,
      0.0006138585158623755,
      0.0006026211776770651,
      0.0005973114748485386,
      0.0005994547391310334,
      0.0006038472056388855,
      0.0006298123043961823,
      0.0006298123043961823,
      0.0006298123043961823,
      0.0006298123043961823,
      0.0006298123043961823,
      0.0006298123043961823,
      0.0006298123043961823,
      0.0006298123043961823,
      0.0006298123043961823,
      0.0006298123043961823,
      0.0006298123043961823,
      0.0006298123043961823,
      0.0006298123043961823,
      0.0006298123043961823,
      0.0006298123043961823,
      0.0006298123043961823,
      0.0006298123043961823,
      0.0006298123043961823,
      0.0006298123043961823,
      0.0009258280624635518,
      0.0008014811901375651,
      0.0006493135006166995,
      0.0006645834655500948,
      0.000618500227574259,
      0.0005999625427648425,
      0.0006080721504986286,
      0.0006298123043961823,
      0.0006298123043961823,
      0.0006298123043961823,
      0.0009258280624635518,
      0.0006441624718718231,
      0.0006432869704440236,
      0.0006441063014790416,
      0.09886828064918518,
      0.0006298123043961823,
      0.04271700233221054,
      0.0006298123043961823,
      0.04271700233221054,
      0.0006298123043961823,
      0.04271700233221054,
      0.0006298123043961823,
      0.04271700233221054,
      0.0006054377881810069,
      0.0006298123043961823,
      0.0006298123043961823,
      0.0006298123043961823,
      0.0011850257869809866,
      0.0006809724727645516,
      0.0006429796339944005,
      0.0006432603113353252,
      0.09886828064918518,
      0.0006046952912583947,
      0.04271702095866203,
      0.0006054380210116506,
      0.04271702095866203,
      0.0006298126536421478,
      0.04271702095866203,
      0.0006298126536421478,
      0.04271702095866203,
      0.0006298126536421478,
      0.04271702095866203,
      0.09886828064918518,
      0.04271702095866203,
      0.04271702095866203,
      0.04271702095866203,
      0.04271702095866203,
      0.10772198438644409,
      0.14719407260417938,
      0.13203707337379456,
      0.12512055039405823,
      0.004233391955494881
    ],
    "incident_id": [
      "atlasv2/h2-benign-seg033",
      "atlasv2/h2-benign-seg033",
      "atlasv2/h2-benign-seg033",
      "atlasv2/h2-benign-seg033",
      "atlasv2/h2-benign-seg033",
      "atlasv2/h2-benign-seg033",
      "atlasv2/h2-benign-seg033",
      "atlasv2/h2-benign-seg033",
      "atlasv2/h2-benign-seg033",
      "atlasv2/h2-benign-seg033",
      "atlasv2/h2-benign-seg033",
      "atlasv2/h2-benign-seg033",
      "atlasv2/h2-benign-seg033",
      "atlasv2/h2-benign-seg033",
      "atlasv2/h2-benign-seg033",
      "atlasv2/h2-benign-seg033",
      "atlasv2/h2-benign-seg033",
      "atlasv2/h2-benign-seg033",
      "atlasv2/h2-benign-seg033",
      "atlasv2/h2-benign-seg033",
      "atlasv2/h2-benign-seg033",
      "atlasv2/h2-benign-seg033",
      "atlasv2/h2-benign-seg033",
      "atlasv2/h2-benign-seg033",
      "atlasv2/h2-benign-seg033",
      "atlasv2/h2-benign-seg033",
      "atlasv2/h2-benign-seg033",
      "atlasv2/h2-benign-seg033",
      "atlasv2/h2-benign-seg033",
      "atlasv2/h2-benign-seg033",
      "atlasv2/h2-benign-seg033",
      "atlasv2/h2-benign-seg033",
      "atlasv2/h2-benign-seg034",
      "atlasv2/h2-benign-seg034",
      "atlasv2/h2-benign-seg034",
      "atlasv2/h2-benign-seg034",
      "atlasv2/h2-benign-seg034",
      "atlasv2/h2-benign-seg034",
      "atlasv2/h2-benign-seg034",
      "atlasv2/h2-benign-seg034",
      "atlasv2/h2-benign-seg034",
      "atlasv2/h2-benign-seg034",
      "atlasv2/h2-benign-seg034",
      "atlasv2/h2-benign-seg034",
      "atlasv2/h2-benign-seg034",
      "atlasv2/h1-benign-seg034",
      "atlasv2/h2-benign-seg034",
      "atlasv2/h1-benign-seg034",
      "atlasv2/h2-benign-seg034",
      "atlasv2/h1-benign-seg034",
      "atlasv2/h2-benign-seg034",
      "atlasv2/h1-benign-seg034",
      "atlasv2/h2-benign-seg034",
      "atlasv2/h1-benign-seg034",
      "atlasv2/h2-benign-seg035",
      "atlasv2/h2-benign-seg035",
      "atlasv2/h2-benign-seg035",
      "atlasv2/h2-benign-seg035",
      "atlasv2/h2-benign-seg035",
      "atlasv2/h2-benign-seg035",
      "atlasv2/h2-benign-seg035",
      "atlasv2/h2-benign-seg035",
      "atlasv2/h1-benign-seg035",
      "atlasv2/h2-benign-seg035",
      "atlasv2/h1-benign-seg035",
      "atlasv2/h2-benign-seg035",
      "atlasv2/h1-benign-seg035",
      "atlasv2/h2-benign-seg035",
      "atlasv2/h1-benign-seg035",
      "atlasv2/h2-benign-seg035",
      "atlasv2/h1-benign-seg035",
      "atlasv2/h2-benign-seg035",
      "atlasv2/h1-benign-seg035",
      "atlasv2/h1-s4",
      "atlasv2/h1-s4",
      "atlasv2/h1-s4",
      "atlasv2/h1-s4",
      "atlasv2/h1-s4",
      "atlasv2/h1-s4",
      "atlasv2/h1-s4",
      "atlasv2/h1-s4",
      "atlasv2/h1-s4",
      "atlasv2/h1-s4"
    ],