{
  "display_name": "Small-Transformer-Forecaster",
  "base_experiment_name": "r010_transformer_forecaster_atlasv2_public_event_disjoint",
  "seed": 10946,
  "split": "test_event_disjoint",
  "metrics": {
    "AUPRC": 0.6119047619047618,
    "AUROC": 0.9502164502164502,
    "Brier": 0.061135797023638895,
    "LogLoss": 0.1970642291837112,
    "ECE@10": 0.045818402072841144,
    "BestF1": 0.6153846153846153,
    "LeadTime@P80": 17.5,
    "Precision@P80": 1.0,
    "Recall@P80": 0.3333333333333333,
    "LeadTimeDetail": {
      "threshold": 0.088892,
      "precision": 1.0,
      "recall": 0.3333333333333333,
      "lead_time": 17.5
    }
  },
  "threshold": 0.08765300363302231,
  "policy_info": null,
  "predictions": {
    "y_true": [
      0,
      0,
      0,
      0,
      0,
      0,
      0,
      0,
      0,
      0,
      0,
      0,
      0,
      0,
      0,
      0,
      0,
      0,
      0,
      0,
      0,
      0,
      0,
      0,
      0,
      0,
      0,
      0,
      0,
      0,
      0,
      0,
      0,
      0,
      0,
      0,
      0,
      0,
      0,
      0,
      0,
      0,
      0,
      0,
      0,
      0,
      0,
      0,
      0,
      0,
      0,
      0,
      0,
      0,
      0,
      0,
      0,
      0,
      0,
      0,
      0,
      0,
      0,
      0,
      0,
      0,
      0,
      0,
      0,
      0,
      0,
      0,
      0,
      0,
      0,
      0,
      1,
      1,
      1,
      1,
      1,
      1,
      0
    ],
    "y_score": [
      0.007492102682590485,
      0.00692813191562891,
      0.006764206103980541,
      0.006768055260181427,
      0.006865569390356541,
      0.007304135710000992,
      0.007308764383196831,
      0.007359594106674194,
      0.007494149263948202,
      0.006802158895879984,
      0.006753613706678152,
      0.006768055260181427,
      0.006865569390356541,
      0.006865569390356541,
      0.006865569390356541,
      0.006865569390356541,
      0.006865569390356541,
      0.006865569390356541,
      0.006865569390356541,
      0.006865569390356541,
      0.006865569390356541,
      0.006865569390356541,
      0.006865569390356541,
      0.006865569390356541,
      0.006865569390356541,
      0.006865569390356541,
      0.006865569390356541,
      0.006865569390356541,
      0.006865569390356541,
      0.006865569390356541,
      0.006865569390356541,
      0.017740918323397636,
      0.06571971625089645,
      0.04016546905040741,
      0.024871837347745895,
      0.007908720523118973,
      0.00688130734488368,
      0.006856396794319153,
      0.006865569390356541,
      0.006865569390356541,
      0.006865569390356541,
      0.017740918323397636,
      0.007793858647346497,
      0.007763003930449486,
      0.007749601267278194,
      0.08889190107584,
      0.006865569390356541,
      0.07033246755599976,
      0.006865569390356541,
      0.07033246755599976,
      0.006865569390356541,
      0.07033246755599976,
      0.006865569390356541,
      0.07033246755599976,
      0.00696307048201561,
      0.006865569390356541,
      0.006865569390356541,
      0.006865569390356541,
      0.01953856274485588,
      0.008058461360633373,
      0.009183444082736969,
      0.008749530650675297,
      0.08889190107584,
      0.006960051134228706,
      0.07033246755599976,
      0.006963066756725311,
      0.07033246755599976,
      0.006865569390356541,
      0.07033246755599976,
      0.006865569390356541,
      0.07033246755599976,
      0.006865569390356541,
      0.07033246755599976,
      0.08889191597700119,
      0.07033246755599976,
      0.07033246755599976,
      0.07033246755599976,
      0.07033246755599976,
      0.11399411410093307,
      0.11050153523683548,
      0.08365673571825027,
      0.08374316245317459,
      0.04226459190249443
    ],
    "incident_id": [
      "atlasv2/h2-benign-seg033",
      "atlasv2/h2-benign-seg033",
      "atlasv2/h2-benign-seg033",
      "atlasv2/h2-benign-seg033",
      "atlasv2/h2-benign-seg033",
      "atlasv2/h2-benign-seg033",
      "atlasv2/h2-benign-seg033",
      "atlasv2/h2-benign-seg033",
      "atlasv2/h2-benign-seg033",
      "atlasv2/h2-benign-seg033",
      "atlasv2/h2-benign-seg033",
      "atlasv2/h2-benign-seg033",
      "atlasv2/h2-benign-seg033",
      "atlasv2/h2-benign-seg033",
      "atlasv2/h2-benign-seg033",
      "atlasv2/h2-benign-seg033",
      "atlasv2/h2-benign-seg033",
      "atlasv2/h2-benign-seg033",
      "atlasv2/h2-benign-seg033",
      "atlasv2/h2-benign-seg033",
      "atlasv2/h2-benign-seg033",
      "atlasv2/h2-benign-seg033",
      "atlasv2/h2-benign-seg033",
      "atlasv2/h2-benign-seg033",
      "atlasv2/h2-benign-seg033",
      "atlasv2/h2-benign-seg033",
      "atlasv2/h2-benign-seg033",
      "atlasv2/h2-benign-seg033",
      "atlasv2/h2-benign-seg033",
      "atlasv2/h2-benign-seg033",
      "atlasv2/h2-benign-seg033",
      "atlasv2/h2-benign-seg033",
      "atlasv2/h2-benign-seg034",
      "atlasv2/h2-benign-seg034",
      "atlasv2/h2-benign-seg034",
      "atlasv2/h2-benign-seg034",
      "atlasv2/h2-benign-seg034",
      "atlasv2/h2-benign-seg034",
      "atlasv2/h2-benign-seg034",
      "atlasv2/h2-benign-seg034",
      "atlasv2/h2-benign-seg034",
      "atlasv2/h2-benign-seg034",
      "atlasv2/h2-benign-seg034",
      "atlasv2/h2-benign-seg034",
      "atlasv2/h2-benign-seg034",
      "atlasv2/h1-benign-seg034",
      "atlasv2/h2-benign-seg034",
      "atlasv2/h1-benign-seg034",
      "atlasv2/h2-benign-seg034",
      "atlasv2/h1-benign-seg034",
      "atlasv2/h2-benign-seg034",
      "atlasv2/h1-benign-seg034",
      "atlasv2/h2-benign-seg034",
      "atlasv2/h1-benign-seg034",
      "atlasv2/h2-benign-seg035",
      "atlasv2/h2-benign-seg035",
      "atlasv2/h2-benign-seg035",
      "atlasv2/h2-benign-seg035",
      "atlasv2/h2-benign-seg035",
      "atlasv2/h2-benign-seg035",
      "atlasv2/h2-benign-seg035",
      "atlasv2/h2-benign-seg035",
      "atlasv2/h1-benign-seg035",
      "atlasv2/h2-benign-seg035",
      "atlasv2/h1-benign-seg035",
      "atlasv2/h2-benign-seg035",
      "atlasv2/h1-benign-seg035",
      "atlasv2/h2-benign-seg035",
      "atlasv2/h1-benign-seg035",
      "atlasv2/h2-benign-seg035",
      "atlasv2/h1-benign-seg035",
      "atlasv2/h2-benign-seg035",
      "atlasv2/h1-benign-seg035",
      "atlasv2/h1-s4",
      "atlasv2/h1-s4",
      "atlasv2/h1-s4",
      "atlasv2/h1-s4",
      "atlasv2/h1-s4",
      "atlasv2/h1-s4",
      "atlasv2/h1-s4",
      "atlasv2/h1-s4",
      "atlasv2/h1-s4",
      "atlasv2/h1-s4"
    ],