{
  "display_name": "Small-Transformer-Forecaster",
  "base_experiment_name": "r010_transformer_forecaster_atlasv2_public_event_disjoint",
  "seed": 6765,
  "split": "test_event_disjoint",
  "metrics": {
    "AUPRC": 0.7666666666666666,
    "AUROC": 0.9545454545454546,
    "Brier": 0.06097706326960864,
    "LogLoss": 0.19668863653072463,
    "ECE@10": 0.057653442848507444,
    "BestF1": 0.8,
    "LeadTime@P80": 12.5,
    "Precision@P80": 1.0,
    "Recall@P80": 0.6666666666666666,
    "LeadTimeDetail": {
      "threshold": 0.087457,
      "precision": 1.0,
      "recall": 0.6666666666666666,
      "lead_time": 12.5
    }
  },
  "threshold": 0.5,
  "policy_info": null,
  "predictions": {
    "y_true": [
      0,
      0,
      0,
      0,
      0,
      0,
      0,
      0,
      0,
      0,
      0,
      0,
      0,
      0,
      0,
      0,
      0,
      0,
      0,
      0,
      0,
      0,
      0,
      0,
      0,
      0,
      0,
      0,
      0,
      0,
      0,
      0,
      0,
      0,
      0,
      0,
      0,
      0,
      0,
      0,
      0,
      0,
      0,
      0,
      0,
      0,
      0,
      0,
      0,
      0,
      0,
      0,
      0,
      0,
      0,
      0,
      0,
      0,
      0,
      0,
      0,
      0,
      0,
      0,
      0,
      0,
      0,
      0,
      0,
      0,
      0,
      0,
      0,
      0,
      0,
      0,
      1,
      1,
      1,
      1,
      1,
      1,
      0
    ],
    "y_score": [
      0.0015498342690989375,
      0.001413779566064477,
      0.0014470441965386271,
      0.0014464304549619555,
      0.0015189549885690212,
      0.0015718064969405532,
      0.0015385820297524333,
      0.001524421968497336,
      0.0015586970839649439,
      0.0013976349728181958,
      0.0014102725544944406,
      0.0014464304549619555,
      0.0015189549885690212,
      0.0015189549885690212,
      0.0015189549885690212,
      0.0015189549885690212,
      0.0015189549885690212,
      0.0015189549885690212,
      0.0015189549885690212,
      0.0015189549885690212,
      0.0015189549885690212,
      0.0015189549885690212,
      0.0015189549885690212,
      0.0015189549885690212,
      0.0015189549885690212,
      0.0015189549885690212,
      0.0015189549885690212,
      0.0015189549885690212,
      0.0015189549885690212,
      0.0015189549885690212,
      0.0015189549885690212,
      0.0026612491346895695,
      0.002896910300478339,
      0.001728019560687244,
      0.0016919182380661368,
      0.0014768673572689295,
      0.0014924569986760616,
      0.0015025509055703878,
      0.0015189549885690212,
      0.0015189549885690212,
      0.0015189549885690212,
      0.0026612491346895695,
      0.001488870126195252,
      0.0014882597606629133,
      0.0014882994582876563,
      0.07135212421417236,
      0.0015189549885690212,
      0.034305524080991745,
      0.0015189549885690212,
      0.034305524080991745,
      0.0015189549885690212,
      0.034305524080991745,
      0.0015189549885690212,
      0.034305524080991745,
      0.001484752050600946,
      0.0015189549885690212,
      0.0015189549885690212,
      0.0015189549885690212,
      0.002769947052001953,
      0.0015076517593115568,
      0.0017294653225690126,
      0.0014975358499214053,
      0.07135212421417236,
      0.0014848849968984723,
      0.03430551663041115,
      0.001484752050600946,
      0.03430551663041115,
      0.0015189549885690212,
      0.03430551663041115,
      0.0015189549885690212,
      0.03430551663041115,
      0.0015189549885690212,
      0.03430551663041115,
      0.07135212421417236,
      0.03430551663041115,
      0.03430551663041115,
      0.03430551663041115,
      0.03430551663041115,
      0.08745702356100082,
      0.1302608996629715,
      0.11637084186077118,
      0.10703527182340622,
      0.014645999297499657
    ],
    "incident_id": [
      "atlasv2/h2-benign-seg033",
      "atlasv2/h2-benign-seg033",
      "atlasv2/h2-benign-seg033",
      "atlasv2/h2-benign-seg033",
      "atlasv2/h2-benign-seg033",
      "atlasv2/h2-benign-seg033",
      "atlasv2/h2-benign-seg033",
      "atlasv2/h2-benign-seg033",
      "atlasv2/h2-benign-seg033",
      "atlasv2/h2-benign-seg033",
      "atlasv2/h2-benign-seg033",
      "atlasv2/h2-benign-seg033",
      "atlasv2/h2-benign-seg033",
      "atlasv2/h2-benign-seg033",
      "atlasv2/h2-benign-seg033",
      "atlasv2/h2-benign-seg033",
      "atlasv2/h2-benign-seg033",
      "atlasv2/h2-benign-seg033",
      "atlasv2/h2-benign-seg033",
      "atlasv2/h2-benign-seg033",
      "atlasv2/h2-benign-seg033",
      "atlasv2/h2-benign-seg033",
      "atlasv2/h2-benign-seg033",
      "atlasv2/h2-benign-seg033",
      "atlasv2/h2-benign-seg033",
      "atlasv2/h2-benign-seg033",
      "atlasv2/h2-benign-seg033",
      "atlasv2/h2-benign-seg033",
      "atlasv2/h2-benign-seg033",
      "atlasv2/h2-benign-seg033",
      "atlasv2/h2-benign-seg033",
      "atlasv2/h2-benign-seg033",
      "atlasv2/h2-benign-seg034",
      "atlasv2/h2-benign-seg034",
      "atlasv2/h2-benign-seg034",
      "atlasv2/h2-benign-seg034",
      "atlasv2/h2-benign-seg034",
      "atlasv2/h2-benign-seg034",
      "atlasv2/h2-benign-seg034",
      "atlasv2/h2-benign-seg034",
      "atlasv2/h2-benign-seg034",
      "atlasv2/h2-benign-seg034",
      "atlasv2/h2-benign-seg034",
      "atlasv2/h2-benign-seg034",
      "atlasv2/h2-benign-seg034",
      "atlasv2/h1-benign-seg034",
      "atlasv2/h2-benign-seg034",
      "atlasv2/h1-benign-seg034",
      "atlasv2/h2-benign-seg034",
      "atlasv2/h1-benign-seg034",
      "atlasv2/h2-benign-seg034",
      "atlasv2/h1-benign-seg034",
      "atlasv2/h2-benign-seg034",
      "atlasv2/h1-benign-seg034",
      "atlasv2/h2-benign-seg035",
      "atlasv2/h2-benign-seg035",
      "atlasv2/h2-benign-seg035",
      "atlasv2/h2-benign-seg035",
      "atlasv2/h2-benign-seg035",
      "atlasv2/h2-benign-seg035",
      "atlasv2/h2-benign-seg035",
      "atlasv2/h2-benign-seg035",
      "atlasv2/h1-benign-seg035",
      "atlasv2/h2-benign-seg035",
      "atlasv2/h1-benign-seg035",
      "atlasv2/h2-benign-seg035",
      "atlasv2/h1-benign-seg035",
      "atlasv2/h2-benign-seg035",
      "atlasv2/h1-benign-seg035",
      "atlasv2/h2-benign-seg035",
      "atlasv2/h1-benign-seg035",
      "atlasv2/h2-benign-seg035",
      "atlasv2/h1-benign-seg035",
      "atlasv2/h1-s4",
      "atlasv2/h1-s4",
      "atlasv2/h1-s4",
      "atlasv2/h1-s4",
      "atlasv2/h1-s4",
      "atlasv2/h1-s4",
      "atlasv2/h1-s4",
      "atlasv2/h1-s4",
      "atlasv2/h1-s4",
      "atlasv2/h1-s4"
    ],