{
  "display_name": "Small-Transformer-Forecaster",
  "base_experiment_name": "r010_transformer_forecaster_atlasv2_public_event_disjoint",
  "seed": 144,
  "split": "test_event_disjoint",
  "metrics": {
    "AUPRC": 0.6119047619047618,
    "AUROC": 0.9502164502164503,
    "Brier": 0.07168771504706437,
    "LogLoss": 0.39770505755978225,
    "ECE@10": 0.07049476925538942,
    "BestF1": 0.6153846153846153,
    "LeadTime@P80": 10.0,
    "Precision@P80": 1.0,
    "Recall@P80": 0.16666666666666666,
    "LeadTimeDetail": {
      "threshold": 0.004762,
      "precision": 1.0,
      "recall": 0.16666666666666666,
      "lead_time": 10.0
    }
  },
  "threshold": 0.5,
  "policy_info": null,
  "predictions": {
    "y_true": [
      0,
      0,
      0,
      0,
      0,
      0,
      0,
      0,
      0,
      0,
      0,
      0,
      0,
      0,
      0,
      0,
      0,
      0,
      0,
      0,
      0,
      0,
      0,
      0,
      0,
      0,
      0,
      0,
      0,
      0,
      0,
      0,
      0,
      0,
      0,
      0,
      0,
      0,
      0,
      0,
      0,
      0,
      0,
      0,
      0,
      0,
      0,
      0,
      0,
      0,
      0,
      0,
      0,
      0,
      0,
      0,
      0,
      0,
      0,
      0,
      0,
      0,
      0,
      0,
      0,
      0,
      0,
      0,
      0,
      0,
      0,
      0,
      0,
      0,
      0,
      0,
      1,
      1,
      1,
      1,
      1,
      1,
      0
    ],
    "y_score": [
      0.0011561480350792408,
      0.0010873061837628484,
      0.0009281632956117392,
      0.0009291135938838124,
      0.0008256370201706886,
      0.0008732117130421102,
      0.0009063406614586711,
      0.0009373498614877462,
      0.0010326849296689034,
      0.0010010931873694062,
      0.0009652044391259551,
      0.0009291135938838124,
      0.0008256370201706886,
      0.0008256370201706886,
      0.0008256370201706886,
      0.0008256370201706886,
      0.0008256370201706886,
      0.0008256370201706886,
      0.0008256370201706886,
      0.0008256370201706886,
      0.0008256370201706886,
      0.0008256370201706886,
      0.0008256370201706886,
      0.0008256370201706886,
      0.0008256370201706886,
      0.0008256370201706886,
      0.0008256370201706886,
      0.0008256370201706886,
      0.0008256370201706886,
      0.0008256370201706886,
      0.0008256370201706886,
      0.0016988265560939908,
      0.0026863650418817997,
      0.0026378226466476917,
      0.0025974703021347523,
      0.001618674723431468,
      0.0009614972514100373,
      0.0008937874808907509,
      0.0008256370201706886,
      0.0008256370201706886,
      0.0008256370201706886,
      0.0016988265560939908,
      0.0014571089996024966,
      0.0014623973984271288,
      0.0014608429046347737,
      0.0046682278625667095,
      0.0008256370201706886,
      0.003637932473793626,
      0.0008256370201706886,
      0.003637932473793626,
      0.0008256370201706886,
      0.003637932473793626,
      0.0008256370201706886,
      0.003637932473793626,
      0.0009449521312490106,
      0.0008256370201706886,
      0.0008256370201706886,
      0.0008256370201706886,
      0.0017293476266786456,
      0.0014506004517897964,
      0.0015580612234771252,
      0.001588857383467257,
      0.0046682278625667095,
      0.00094384461408481,
      0.003637932473793626,
      0.0009449525969102979,
      0.003637932473793626,
      0.0008256370201706886,
      0.003637932473793626,
      0.0008256370201706886,
      0.003637932473793626,
      0.0008256370201706886,
      0.003637932473793626,
      0.0046682278625667095,
      0.003637932473793626,
      0.003637932473793626,
      0.003637932473793626,
      0.003637932473793626,
      0.003973862621933222,
      0.0042701964266598225,
      0.0048845503479242325,
      0.004761802963912487,
      0.0034199466463178396
    ],
    "incident_id": [
      "atlasv2/h2-benign-seg033",
      "atlasv2/h2-benign-seg033",
      "atlasv2/h2-benign-seg033",
      "atlasv2/h2-benign-seg033",
      "atlasv2/h2-benign-seg033",
      "atlasv2/h2-benign-seg033",
      "atlasv2/h2-benign-seg033",
      "atlasv2/h2-benign-seg033",
      "atlasv2/h2-benign-seg033",
      "atlasv2/h2-benign-seg033",
      "atlasv2/h2-benign-seg033",
      "atlasv2/h2-benign-seg033",
      "atlasv2/h2-benign-seg033",
      "atlasv2/h2-benign-seg033",
      "atlasv2/h2-benign-seg033",
      "atlasv2/h2-benign-seg033",
      "atlasv2/h2-benign-seg033",
      "atlasv2/h2-benign-seg033",
      "atlasv2/h2-benign-seg033",
      "atlasv2/h2-benign-seg033",
      "atlasv2/h2-benign-seg033",
      "atlasv2/h2-benign-seg033",
      "atlasv2/h2-benign-seg033",
      "atlasv2/h2-benign-seg033",
      "atlasv2/h2-benign-seg033",
      "atlasv2/h2-benign-seg033",
      "atlasv2/h2-benign-seg033",
      "atlasv2/h2-benign-seg033",
      "atlasv2/h2-benign-seg033",
      "atlasv2/h2-benign-seg033",
      "atlasv2/h2-benign-seg033",
      "atlasv2/h2-benign-seg033",
      "atlasv2/h2-benign-seg034",
      "atlasv2/h2-benign-seg034",
      "atlasv2/h2-benign-seg034",
      "atlasv2/h2-benign-seg034",
      "atlasv2/h2-benign-seg034",
      "atlasv2/h2-benign-seg034",
      "atlasv2/h2-benign-seg034",
      "atlasv2/h2-benign-seg034",
      "atlasv2/h2-benign-seg034",
      "atlasv2/h2-benign-seg034",
      "atlasv2/h2-benign-seg034",
      "atlasv2/h2-benign-seg034",
      "atlasv2/h2-benign-seg034",
      "atlasv2/h1-benign-seg034",
      "atlasv2/h2-benign-seg034",
      "atlasv2/h1-benign-seg034",
      "atlasv2/h2-benign-seg034",
      "atlasv2/h1-benign-seg034",
      "atlasv2/h2-benign-seg034",
      "atlasv2/h1-benign-seg034",
      "atlasv2/h2-benign-seg034",
      "atlasv2/h1-benign-seg034",
      "atlasv2/h2-benign-seg035",
      "atlasv2/h2-benign-seg035",
      "atlasv2/h2-benign-seg035",
      "atlasv2/h2-benign-seg035",
      "atlasv2/h2-benign-seg035",
      "atlasv2/h2-benign-seg035",
      "atlasv2/h2-benign-seg035",
      "atlasv2/h2-benign-seg035",
      "atlasv2/h1-benign-seg035",
      "atlasv2/h2-benign-seg035",
      "atlasv2/h1-benign-seg035",
      "atlasv2/h2-benign-seg035",
      "atlasv2/h1-benign-seg035",
      "atlasv2/h2-benign-seg035",
      "atlasv2/h1-benign-seg035",
      "atlasv2/h2-benign-seg035",
      "atlasv2/h1-benign-seg035",
      "atlasv2/h2-benign-seg035",
      "atlasv2/h1-benign-seg035",
      "atlasv2/h1-s4",
      "atlasv2/h1-s4",
      "atlasv2/h1-s4",
      "atlasv2/h1-s4",
      "atlasv2/h1-s4",
      "atlasv2/h1-s4",
      "atlasv2/h1-s4",
      "atlasv2/h1-s4",
      "atlasv2/h1-s4",
      "atlasv2/h1-s4"
    ],