{
  "display_name": "Small-Transformer-Forecaster",
  "base_experiment_name": "r010_transformer_forecaster_atlasv2_public_event_disjoint",
  "seed": 233,
  "split": "test_event_disjoint",
  "metrics": {
    "AUPRC": 0.6904761904761905,
    "AUROC": 0.9437229437229437,
    "Brier": 0.04504771098736733,
    "LogLoss": 0.1424864495463694,
    "ECE@10": 0.03669009633440838,
    "BestF1": 0.6666666666666666,
    "LeadTime@P80": 10.0,
    "Precision@P80": 1.0,
    "Recall@P80": 0.5,
    "LeadTimeDetail": {
      "threshold": 0.370037,
      "precision": 1.0,
      "recall": 0.5,
      "lead_time": 10.0
    }
  },
  "threshold": 0.5,
  "policy_info": null,
  "predictions": {
    "y_true": [
      0,
      0,
      0,
      0,
      0,
      0,
      0,
      0,
      0,
      0,
      0,
      0,
      0,
      0,
      0,
      0,
      0,
      0,
      0,
      0,
      0,
      0,
      0,
      0,
      0,
      0,
      0,
      0,
      0,
      0,
      0,
      0,
      0,
      0,
      0,
      0,
      0,
      0,
      0,
      0,
      0,
      0,
      0,
      0,
      0,
      0,
      0,
      0,
      0,
      0,
      0,
      0,
      0,
      0,
      0,
      0,
      0,
      0,
      0,
      0,
      0,
      0,
      0,
      0,
      0,
      0,
      0,
      0,
      0,
      0,
      0,
      0,
      0,
      0,
      0,
      0,
      1,
      1,
      1,
      1,
      1,
      1,
      0
    ],
    "y_score": [
      0.0013892084825783968,
      0.0013728635385632515,
      0.0013873666757717729,
      0.001387669937685132,
      0.001407599775120616,
      0.0014230356318876147,
      0.0014098548563197255,
      0.0014046845026314259,
      0.0014079590328037739,
      0.0013780370354652405,
      0.001379733090288937,
      0.001387669937685132,
      0.001407599775120616,
      0.001407599775120616,
      0.001407599775120616,
      0.001407599775120616,
      0.001407599775120616,
      0.001407599775120616,
      0.001407599775120616,
      0.001407599775120616,
      0.001407599775120616,
      0.001407599775120616,
      0.001407599775120616,
      0.001407599775120616,
      0.001407599775120616,
      0.001407599775120616,
      0.001407599775120616,
      0.001407599775120616,
      0.001407599775120616,
      0.001407599775120616,
      0.001407599775120616,
      0.004341720137745142,
      0.013270302675664425,
      0.0027640368789434433,
      0.002801084192469716,
      0.0017107307212427258,
      0.0013897522585466504,
      0.001397211803123355,
      0.001407599775120616,
      0.001407599775120616,
      0.001407599775120616,
      0.004341720137745142,
      0.0017645091284066439,
      0.0017706140642985702,
      0.001763649401254952,
      0.2840346097946167,
      0.001407599775120616,
      0.05452058091759682,
      0.001407599775120616,
      0.05452058091759682,
      0.001407599775120616,
      0.05452058091759682,
      0.001407599775120616,
      0.05452058091759682,
      0.0013950247084721923,
      0.001407599775120616,
      0.001407599775120616,
      0.001407599775120616,
      0.006162969395518303,
      0.0019103105878457427,
      0.0018984309863299131,
      0.0018216504249721766,
      0.2840346097946167,
      0.0013944209786131978,
      0.05452056974172592,
      0.0013950247084721923,
      0.05452056974172592,
      0.001407599076628685,
      0.05452056974172592,
      0.001407599076628685,
      0.05452056974172592,
      0.001407599076628685,
      0.05452056974172592,
      0.2840346097946167,
      0.05452056974172592,
      0.05452056974172592,
      0.05452056974172592,
      0.05452056974172592,
      0.2707239091396332,
      0.37003716826438904,
      0.39057400822639465,
      0.3948286175727844,
      0.0982704609632492
    ],
    "incident_id": [
      "atlasv2/h2-benign-seg033",
      "atlasv2/h2-benign-seg033",
      "atlasv2/h2-benign-seg033",
      "atlasv2/h2-benign-seg033",
      "atlasv2/h2-benign-seg033",
      "atlasv2/h2-benign-seg033",
      "atlasv2/h2-benign-seg033",
      "atlasv2/h2-benign-seg033",
      "atlasv2/h2-benign-seg033",
      "atlasv2/h2-benign-seg033",
      "atlasv2/h2-benign-seg033",
      "atlasv2/h2-benign-seg033",
      "atlasv2/h2-benign-seg033",
      "atlasv2/h2-benign-seg033",
      "atlasv2/h2-benign-seg033",
      "atlasv2/h2-benign-seg033",
      "atlasv2/h2-benign-seg033",
      "atlasv2/h2-benign-seg033",
      "atlasv2/h2-benign-seg033",
      "atlasv2/h2-benign-seg033",
      "atlasv2/h2-benign-seg033",
      "atlasv2/h2-benign-seg033",
      "atlasv2/h2-benign-seg033",
      "atlasv2/h2-benign-seg033",
      "atlasv2/h2-benign-seg033",
      "atlasv2/h2-benign-seg033",
      "atlasv2/h2-benign-seg033",
      "atlasv2/h2-benign-seg033",
      "atlasv2/h2-benign-seg033",
      "atlasv2/h2-benign-seg033",
      "atlasv2/h2-benign-seg033",
      "atlasv2/h2-benign-seg033",
      "atlasv2/h2-benign-seg034",
      "atlasv2/h2-benign-seg034",
      "atlasv2/h2-benign-seg034",
      "atlasv2/h2-benign-seg034",
      "atlasv2/h2-benign-seg034",
      "atlasv2/h2-benign-seg034",
      "atlasv2/h2-benign-seg034",
      "atlasv2/h2-benign-seg034",
      "atlasv2/h2-benign-seg034",
      "atlasv2/h2-benign-seg034",
      "atlasv2/h2-benign-seg034",
      "atlasv2/h2-benign-seg034",
      "atlasv2/h2-benign-seg034",
      "atlasv2/h1-benign-seg034",
      "atlasv2/h2-benign-seg034",
      "atlasv2/h1-benign-seg034",
      "atlasv2/h2-benign-seg034",
      "atlasv2/h1-benign-seg034",
      "atlasv2/h2-benign-seg034",
      "atlasv2/h1-benign-seg034",
      "atlasv2/h2-benign-seg034",
      "atlasv2/h1-benign-seg034",
      "atlasv2/h2-benign-seg035",
      "atlasv2/h2-benign-seg035",
      "atlasv2/h2-benign-seg035",
      "atlasv2/h2-benign-seg035",
      "atlasv2/h2-benign-seg035",
      "atlasv2/h2-benign-seg035",
      "atlasv2/h2-benign-seg035",
      "atlasv2/h2-benign-seg035",
      "atlasv2/h1-benign-seg035",
      "atlasv2/h2-benign-seg035",
      "atlasv2/h1-benign-seg035",
      "atlasv2/h2-benign-seg035",
      "atlasv2/h1-benign-seg035",
      "atlasv2/h2-benign-seg035",
      "atlasv2/h1-benign-seg035",
      "atlasv2/h2-benign-seg035",
      "atlasv2/h1-benign-seg035",
      "atlasv2/h2-benign-seg035",
      "atlasv2/h1-benign-seg035",
      "atlasv2/h1-s4",
      "atlasv2/h1-s4",
      "atlasv2/h1-s4",
      "atlasv2/h1-s4",
      "atlasv2/h1-s4",
      "atlasv2/h1-s4",
      "atlasv2/h1-s4",
      "atlasv2/h1-s4",
      "atlasv2/h1-s4",
      "atlasv2/h1-s4"
    ],