{
  "display_name": "Small-Transformer-Forecaster",
  "base_experiment_name": "r010_transformer_forecaster_atlasv2_public_event_disjoint",
  "seed": 46368,
  "metrics": {
    "AUPRC": 0.6952380952380952,
    "AUROC": 0.9567099567099566,
    "Brier": 0.05674863462273015,
    "LogLoss": 0.17215873431864936,
    "ECE@10": 0.0467683220371963,
    "BestF1": 0.6666666666666666,
    "LeadTime@P80": 7.5,
    "Precision@P80": 1.0,
    "Recall@P80": 0.3333333333333333,
    "LeadTimeDetail": {
      "threshold": 0.159375,
      "precision": 1.0,
      "recall": 0.3333333333333333,
      "lead_time": 7.5
    }
  },
  "threshold": 0.5,
  "policy_info": null,
  "predictions": {
    "y_true": [
      0,
      0,
      0,
      0,
      0,
      0,
      0,
      0,
      0,
      0,
      0,
      0,
      0,
      0,
      0,
      0,
      0,
      0,
      0,
      0,
      0,
      0,
      0,
      0,
      0,
      0,
      0,
      0,
      0,
      0,
      0,
      0,
      0,
      0,
      0,
      0,
      0,
      0,
      0,
      0,
      0,
      0,
      0,
      0,
      0,
      0,
      0,
      0,
      0,
      0,
      0,
      0,
      0,
      0,
      0,
      0,
      0,
      0,
      0,
      0,
      0,
      0,
      0,
      0,
      0,
      0,
      0,
      0,
      0,
      0,
      0,
      0,
      0,
      0,
      0,
      0,
      1,
      1,
      1,
      1,
      1,
      1,
      0
    ],
    "y_score": [
      0.002236712956801057,
      0.0020824247039854527,
      0.0020728111267089844,
      0.0020730055402964354,
      0.00208122911863029,
      0.00218913028948009,
      0.0021882804576307535,
      0.0021918630227446556,
      0.002261059358716011,
      0.0020797608885914087,
      0.00207357294857502,
      0.0020730055402964354,
      0.00208122911863029,
      0.00208122911863029,
      0.00208122911863029,
      0.00208122911863029,
      0.00208122911863029,
      0.00208122911863029,
      0.00208122911863029,
      0.00208122911863029,
      0.00208122911863029,
      0.00208122911863029,
      0.00208122911863029,
      0.00208122911863029,
      0.00208122911863029,
      0.00208122911863029,
      0.00208122911863029,
      0.00208122911863029,
      0.00208122911863029,
      0.00208122911863029,
      0.00208122911863029,
      0.0032782007474452257,
      0.003903408767655492,
      0.002559015294536948,
      0.002548519754782319,
      0.002184506505727768,
      0.002058143261820078,
      0.002069807145744562,
      0.00208122911863029,
      0.00208122911863029,
      0.00208122911863029,
      0.0032782007474452257,
      0.002232401864603162,
      0.0022327459882944822,
      0.0022316807880997658,
      0.15191727876663208,
      0.00208122911863029,
      0.06648032367229462,
      0.00208122911863029,
      0.06648032367229462,
      0.00208122911863029,
      0.06648032367229462,
      0.00208122911863029,
      0.06648032367229462,
      0.0020876324269920588,
      0.00208122911863029,
      0.00208122911863029,
      0.00208122911863029,
      0.0033118182327598333,
      0.0022458971943706274,
      0.0024597474839538336,
      0.002236575586721301,
      0.15191727876663208,
      0.0020869134459644556,
      0.06648032367229462,
      0.002087631495669484,
      0.06648032367229462,
      0.0020812279544770718,
      0.06648032367229462,
      0.0020812279544770718,
      0.06648032367229462,
      0.0020812279544770718,
      0.06648032367229462,
      0.15191727876663208,
      0.06648032367229462,
      0.06648032367229462,
      0.06648032367229462,
      0.06648032367229462,
      0.13262036442756653,
      0.15667778253555298,
      0.1768297553062439,
      0.15937522053718567,
      0.03543507307767868
    ],
    "incident_id": [
      "atlasv2/h2-benign-seg033",
      "atlasv2/h2-benign-seg033",
      "atlasv2/h2-benign-seg033",
      "atlasv2/h2-benign-seg033",
      "atlasv2/h2-benign-seg033",
      "atlasv2/h2-benign-seg033",
      "atlasv2/h2-benign-seg033",
      "atlasv2/h2-benign-seg033",
      "atlasv2/h2-benign-seg033",
      "atlasv2/h2-benign-seg033",
      "atlasv2/h2-benign-seg033",
      "atlasv2/h2-benign-seg033",
      "atlasv2/h2-benign-seg033",
      "atlasv2/h2-benign-seg033",
      "atlasv2/h2-benign-seg033",
      "atlasv2/h2-benign-seg033",
      "atlasv2/h2-benign-seg033",
      "atlasv2/h2-benign-seg033",
      "atlasv2/h2-benign-seg033",
      "atlasv2/h2-benign-seg033",
      "atlasv2/h2-benign-seg033",
      "atlasv2/h2-benign-seg033",
      "atlasv2/h2-benign-seg033",
      "atlasv2/h2-benign-seg033",
      "atlasv2/h2-benign-seg033",
      "atlasv2/h2-benign-seg033",
      "atlasv2/h2-benign-seg033",
      "atlasv2/h2-benign-seg033",
      "atlasv2/h2-benign-seg033",
      "atlasv2/h2-benign-seg033",
      "atlasv2/h2-benign-seg033",
      "atlasv2/h2-benign-seg033",
      "atlasv2/h2-benign-seg034",
      "atlasv2/h2-benign-seg034",
      "atlasv2/h2-benign-seg034",
      "atlasv2/h2-benign-seg034",
      "atlasv2/h2-benign-seg034",
      "atlasv2/h2-benign-seg034",
      "atlasv2/h2-benign-seg034",
      "atlasv2/h2-benign-seg034",
      "atlasv2/h2-benign-seg034",
      "atlasv2/h2-benign-seg034",
      "atlasv2/h2-benign-seg034",
      "atlasv2/h2-benign-seg034",
      "atlasv2/h2-benign-seg034",
      "atlasv2/h1-benign-seg034",
      "atlasv2/h2-benign-seg034",
      "atlasv2/h1-benign-seg034",
      "atlasv2/h2-benign-seg034",
      "atlasv2/h1-benign-seg034",
      "atlasv2/h2-benign-seg034",
      "atlasv2/h1-benign-seg034",
      "atlasv2/h2-benign-seg034",
      "atlasv2/h1-benign-seg034",
      "atlasv2/h2-benign-seg035",
      "atlasv2/h2-benign-seg035",
      "atlasv2/h2-benign-seg035",
      "atlasv2/h2-benign-seg035",
      "atlasv2/h2-benign-seg035",
      "atlasv2/h2-benign-seg035",
      "atlasv2/h2-benign-seg035",
      "atlasv2/h2-benign-seg035",
      "atlasv2/h1-benign-seg035",
      "atlasv2/h2-benign-seg035",
      "atlasv2/h1-benign-seg035",
      "atlasv2/h2-benign-seg035",
      "atlasv2/h1-benign-seg035",
      "atlasv2/h2-benign-seg035",
      "atlasv2/h1-benign-seg035",
      "atlasv2/h2-benign-seg035",
      "atlasv2/h1-benign-seg035",
      "atlasv2/h2-benign-seg035",
      "atlasv2/h1-benign-seg035",
      "atlasv2/h1-s4",
      "atlasv2/h1-s4",
      "atlasv2/h1-s4",
      "atlasv2/h1-s4",
      "atlasv2/h1-s4",
      "atlasv2/h1-s4",
      "atlasv2/h1-s4",
      "atlasv2/h1-s4",
      "atlasv2/h1-s4",
      "atlasv2/h1-s4"
    ],