{
  "display_name": "Small-Transformer-Forecaster",
  "base_experiment_name": "r010_transformer_forecaster_atlasv2_public_event_disjoint",
  "seed": 987,
  "split": "test_event_disjoint",
  "metrics": {
    "AUPRC": 0.7202380952380951,
    "AUROC": 0.9653679653679654,
    "Brier": 0.06094711296355253,
    "LogLoss": 0.19414415862334183,
    "ECE@10": 0.056577894906092614,
    "BestF1": 0.6666666666666666,
    "LeadTime@P80": 10.0,
    "Precision@P80": 1.0,
    "Recall@P80": 0.5,
    "LeadTimeDetail": {
      "threshold": 0.098372,
      "precision": 1.0,
      "recall": 0.5,
      "lead_time": 10.0
    }
  },
  "threshold": 0.5,
  "policy_info": null,
  "predictions": {
    "y_true": [
      0,
      0,
      0,
      0,
      0,
      0,
      0,
      0,
      0,
      0,
      0,
      0,
      0,
      0,
      0,
      0,
      0,
      0,
      0,
      0,
      0,
      0,
      0,
      0,
      0,
      0,
      0,
      0,
      0,
      0,
      0,
      0,
      0,
      0,
      0,
      0,
      0,
      0,
      0,
      0,
      0,
      0,
      0,
      0,
      0,
      0,
      0,
      0,
      0,
      0,
      0,
      0,
      0,
      0,
      0,
      0,
      0,
      0,
      0,
      0,
      0,
      0,
      0,
      0,
      0,
      0,
      0,
      0,
      0,
      0,
      0,
      0,
      0,
      0,
      0,
      0,
      1,
      1,
      1,
      1,
      1,
      1,
      0
    ],
    "y_score": [
      0.000694125541485846,
      0.0006859906716272235,
      0.000671017449349165,
      0.0006709254230372608,
      0.0006700953235849738,
      0.0006786433514207602,
      0.000680190569255501,
      0.0006827638135291636,
      0.0006835756357759237,
      0.0006781358388252556,
      0.0006745806313119829,
      0.0006709254230372608,
      0.0006700953235849738,
      0.0006700953235849738,
      0.0006700953235849738,
      0.0006700953235849738,
      0.0006700953235849738,
      0.0006700953235849738,
      0.0006700953235849738,
      0.0006700953235849738,
      0.0006700953235849738,
      0.0006700953235849738,
      0.0006700953235849738,
      0.0006700953235849738,
      0.0006700953235849738,
      0.0006700953235849738,
      0.0006700953235849738,
      0.0006700953235849738,
      0.0006700953235849738,
      0.0006700953235849738,
      0.0006700953235849738,
      0.0009911700617522001,
      0.0009215345489792526,
      0.0007092775776982307,
      0.0007138926303014159,
      0.0006871605874039233,
      0.0006722906837239861,
      0.0006700934027321637,
      0.0006700953235849738,
      0.0006700953235849738,
      0.0006700953235849738,
      0.0009911700617522001,
      0.0006866109906695783,
      0.0006872886442579329,
      0.0006863761227577925,
      0.09837174415588379,
      0.0006700953235849738,
      0.04023415967822075,
      0.0006700953235849738,
      0.04023415967822075,
      0.0006700953235849738,
      0.04023415967822075,
      0.0006700953235849738,
      0.04023415967822075,
      0.0006695574847981334,
      0.0006700953235849738,
      0.0006700953235849738,
      0.0006700953235849738,
      0.0010124867549166083,
      0.0006874147220514715,
      0.0007042177021503448,
      0.0006842858274467289,
      0.09837174415588379,
      0.0006696596392430365,
      0.040234170854091644,
      0.0006695571937598288,
      0.040234170854091644,
      0.0006700953235849738,
      0.040234170854091644,
      0.0006700953235849738,
      0.040234170854091644,
      0.0006700953235849738,
      0.040234170854091644,
      0.09837174415588379,
      0.040234170854091644,
      0.040234170854091644,
      0.040234170854091644,
      0.040234170854091644,
      0.08261732757091522,
      0.1114475354552269,
      0.12593869864940643,
      0.1200372725725174,
      0.0027364150155335665
    ],
    "incident_id": [
      "atlasv2/h2-benign-seg033",
      "atlasv2/h2-benign-seg033",
      "atlasv2/h2-benign-seg033",
      "atlasv2/h2-benign-seg033",
      "atlasv2/h2-benign-seg033",
      "atlasv2/h2-benign-seg033",
      "atlasv2/h2-benign-seg033",
      "atlasv2/h2-benign-seg033",
      "atlasv2/h2-benign-seg033",
      "atlasv2/h2-benign-seg033",
      "atlasv2/h2-benign-seg033",
      "atlasv2/h2-benign-seg033",
      "atlasv2/h2-benign-seg033",
      "atlasv2/h2-benign-seg033",
      "atlasv2/h2-benign-seg033",
      "atlasv2/h2-benign-seg033",
      "atlasv2/h2-benign-seg033",
      "atlasv2/h2-benign-seg033",
      "atlasv2/h2-benign-seg033",
      "atlasv2/h2-benign-seg033",
      "atlasv2/h2-benign-seg033",
      "atlasv2/h2-benign-seg033",
      "atlasv2/h2-benign-seg033",
      "atlasv2/h2-benign-seg033",
      "atlasv2/h2-benign-seg033",
      "atlasv2/h2-benign-seg033",
      "atlasv2/h2-benign-seg033",
      "atlasv2/h2-benign-seg033",
      "atlasv2/h2-benign-seg033",
      "atlasv2/h2-benign-seg033",
      "atlasv2/h2-benign-seg033",
      "atlasv2/h2-benign-seg033",
      "atlasv2/h2-benign-seg034",
      "atlasv2/h2-benign-seg034",
      "atlasv2/h2-benign-seg034",
      "atlasv2/h2-benign-seg034",
      "atlasv2/h2-benign-seg034",
      "atlasv2/h2-benign-seg034",
      "atlasv2/h2-benign-seg034",
      "atlasv2/h2-benign-seg034",
      "atlasv2/h2-benign-seg034",
      "atlasv2/h2-benign-seg034",
      "atlasv2/h2-benign-seg034",
      "atlasv2/h2-benign-seg034",
      "atlasv2/h2-benign-seg034",
      "atlasv2/h1-benign-seg034",
      "atlasv2/h2-benign-seg034",
      "atlasv2/h1-benign-seg034",
      "atlasv2/h2-benign-seg034",
      "atlasv2/h1-benign-seg034",
      "atlasv2/h2-benign-seg034",
      "atlasv2/h1-benign-seg034",
      "atlasv2/h2-benign-seg034",
      "atlasv2/h1-benign-seg034",
      "atlasv2/h2-benign-seg035",
      "atlasv2/h2-benign-seg035",
      "atlasv2/h2-benign-seg035",
      "atlasv2/h2-benign-seg035",
      "atlasv2/h2-benign-seg035",
      "atlasv2/h2-benign-seg035",
      "atlasv2/h2-benign-seg035",
      "atlasv2/h2-benign-seg035",
      "atlasv2/h1-benign-seg035",
      "atlasv2/h2-benign-seg035",
      "atlasv2/h1-benign-seg035",
      "atlasv2/h2-benign-seg035",
      "atlasv2/h1-benign-seg035",
      "atlasv2/h2-benign-seg035",
      "atlasv2/h1-benign-seg035",
      "atlasv2/h2-benign-seg035",
      "atlasv2/h1-benign-seg035",
      "atlasv2/h2-benign-seg035",
      "atlasv2/h1-benign-seg035",
      "atlasv2/h1-s4",
      "atlasv2/h1-s4",
      "atlasv2/h1-s4",
      "atlasv2/h1-s4",
      "atlasv2/h1-s4",
      "atlasv2/h1-s4",
      "atlasv2/h1-s4",
      "atlasv2/h1-s4",
      "atlasv2/h1-s4",
      "atlasv2/h1-s4"
    ],