{
  "display_name": "Small-Transformer-Forecaster",
  "base_experiment_name": "r010_transformer_forecaster_atlasv2_public_event_disjoint",
  "seed": 21,
  "metrics": {
    "AUPRC": 0.7666666666666666,
    "AUROC": 0.9545454545454546,
    "Brier": 0.029436920225044082,
    "LogLoss": 0.10088870316835556,
    "ECE@10": 0.030162519444318782,
    "BestF1": 0.8,
    "LeadTime@P80": 12.5,
    "Precision@P80": 1.0,
    "Recall@P80": 0.6666666666666666,
    "LeadTimeDetail": {
      "threshold": 0.504243,
      "precision": 1.0,
      "recall": 0.6666666666666666,
      "lead_time": 12.5
    }
  },
  "threshold": 0.4500980079174042,
  "policy_info": null,
  "predictions": {
    "y_true": [
      0,
      0,
      0,
      0,
      0,
      0,
      0,
      0,
      0,
      0,
      0,
      0,
      0,
      0,
      0,
      0,
      0,
      0,
      0,
      0,
      0,
      0,
      0,
      0,
      0,
      0,
      0,
      0,
      0,
      0,
      0,
      0,
      0,
      0,
      0,
      0,
      0,
      0,
      0,
      0,
      0,
      0,
      0,
      0,
      0,
      0,
      0,
      0,
      0,
      0,
      0,
      0,
      0,
      0,
      0,
      0,
      0,
      0,
      0,
      0,
      0,
      0,
      0,
      0,
      0,
      0,
      0,
      0,
      0,
      0,
      0,
      0,
      0,
      0,
      0,
      0,
      1,
      1,
      1,
      1,
      1,
      1,
      0
    ],
    "y_score": [
      0.0008129543857648969,
      0.0007498458144254982,
      0.0008281225454993546,
      0.0008282937342301011,
      0.0009830535855144262,
      0.0009016924304887652,
      0.0008386539993807673,
      0.00079857133096084,
      0.0007784048793837428,
      0.0007303745369426906,
      0.0007642584969289601,
      0.0008282937342301011,
      0.0009830535855144262,
      0.0009830535855144262,
      0.0009830535855144262,
      0.0009830535855144262,
      0.0009830535855144262,
      0.0009830535855144262,
      0.0009830535855144262,
      0.0009830535855144262,
      0.0009830535855144262,
      0.0009830535855144262,
      0.0009830535855144262,
      0.0009830535855144262,
      0.0009830535855144262,
      0.0009830535855144262,
      0.0009830535855144262,
      0.0009830535855144262,
      0.0009830535855144262,
      0.0009830535855144262,
      0.0009830535855144262,
      0.0027042801957577467,
      0.00390965398401022,
      0.001375988475047052,
      0.0014746406814083457,
      0.0009257261990569532,
      0.0009051010711118579,
      0.0009380056289955974,
      0.0009830535855144262,
      0.0009830535855144262,
      0.0009830535855144262,
      0.0027042801957577467,
      0.0010218399111181498,
      0.001017403556033969,
      0.00101224216632545,
      0.24908669292926788,
      0.0009830535855144262,
      0.13555927574634552,
      0.0009830535855144262,
      0.13555927574634552,
      0.0009830535855144262,
      0.13555927574634552,
      0.0009830535855144262,
      0.13555927574634552,
      0.0008807082194834948,
      0.0009830535855144262,
      0.0009830535855144262,
      0.0009830535855144262,
      0.00369251798838377,
      0.0010848906822502613,
      0.001145665068179369,
      0.0009456713451072574,
      0.24908669292926788,
      0.0008811593288555741,
      0.13555924594402313,
      0.0008807082194834948,
      0.13555924594402313,
      0.0009830535855144262,
      0.13555924594402313,
      0.0009830535855144262,
      0.13555924594402313,
      0.0009830535855144262,
      0.13555924594402313,
      0.2490866631269455,
      0.13555924594402313,
      0.13555924594402313,
      0.13555924594402313,
      0.13555924594402313,
      0.5042430758476257,
      0.7661811113357544,
      0.6925615668296814,
      0.5933331251144409,
      0.006017543375492096
    ],
    "incident_id": [
      "atlasv2/h2-benign-seg033",
      "atlasv2/h2-benign-seg033",
      "atlasv2/h2-benign-seg033",
      "atlasv2/h2-benign-seg033",
      "atlasv2/h2-benign-seg033",
      "atlasv2/h2-benign-seg033",
      "atlasv2/h2-benign-seg033",
      "atlasv2/h2-benign-seg033",
      "atlasv2/h2-benign-seg033",
      "atlasv2/h2-benign-seg033",
      "atlasv2/h2-benign-seg033",
      "atlasv2/h2-benign-seg033",
      "atlasv2/h2-benign-seg033",
      "atlasv2/h2-benign-seg033",
      "atlasv2/h2-benign-seg033",
      "atlasv2/h2-benign-seg033",
      "atlasv2/h2-benign-seg033",
      "atlasv2/h2-benign-seg033",
      "atlasv2/h2-benign-seg033",
      "atlasv2/h2-benign-seg033",
      "atlasv2/h2-benign-seg033",
      "atlasv2/h2-benign-seg033",
      "atlasv2/h2-benign-seg033",
      "atlasv2/h2-benign-seg033",
      "atlasv2/h2-benign-seg033",
      "atlasv2/h2-benign-seg033",
      "atlasv2/h2-benign-seg033",
      "atlasv2/h2-benign-seg033",
      "atlasv2/h2-benign-seg033",
      "atlasv2/h2-benign-seg033",
      "atlasv2/h2-benign-seg033",
      "atlasv2/h2-benign-seg033",
      "atlasv2/h2-benign-seg034",
      "atlasv2/h2-benign-seg034",
      "atlasv2/h2-benign-seg034",
      "atlasv2/h2-benign-seg034",
      "atlasv2/h2-benign-seg034",
      "atlasv2/h2-benign-seg034",
      "atlasv2/h2-benign-seg034",
      "atlasv2/h2-benign-seg034",
      "atlasv2/h2-benign-seg034",
      "atlasv2/h2-benign-seg034",
      "atlasv2/h2-benign-seg034",
      "atlasv2/h2-benign-seg034",
      "atlasv2/h2-benign-seg034",
      "atlasv2/h1-benign-seg034",
      "atlasv2/h2-benign-seg034",
      "atlasv2/h1-benign-seg034",
      "atlasv2/h2-benign-seg034",
      "atlasv2/h1-benign-seg034",
      "atlasv2/h2-benign-seg034",
      "atlasv2/h1-benign-seg034",
      "atlasv2/h2-benign-seg034",
      "atlasv2/h1-benign-seg034",
      "atlasv2/h2-benign-seg035",
      "atlasv2/h2-benign-seg035",
      "atlasv2/h2-benign-seg035",
      "atlasv2/h2-benign-seg035",
      "atlasv2/h2-benign-seg035",
      "atlasv2/h2-benign-seg035",
      "atlasv2/h2-benign-seg035",
      "atlasv2/h2-benign-seg035",
      "atlasv2/h1-benign-seg035",
      "atlasv2/h2-benign-seg035",
      "atlasv2/h1-benign-seg035",
      "atlasv2/h2-benign-seg035",
      "atlasv2/h1-benign-seg035",
      "atlasv2/h2-benign-seg035",
      "atlasv2/h1-benign-seg035",
      "atlasv2/h2-benign-seg035",
      "atlasv2/h1-benign-seg035",
      "atlasv2/h2-benign-seg035",
      "atlasv2/h1-benign-seg035",
      "atlasv2/h1-s4",
      "atlasv2/h1-s4",
      "atlasv2/h1-s4",
      "atlasv2/h1-s4",
      "atlasv2/h1-s4",
      "atlasv2/h1-s4",
      "atlasv2/h1-s4",
      "atlasv2/h1-s4",
      "atlasv2/h1-s4",
      "atlasv2/h1-s4"
    ],