{
  "display_name": "Small-Transformer-Forecaster",
  "base_experiment_name": "r010_transformer_forecaster_atlasv2_public_event_disjoint",
  "seed": 89,
  "split": "test_event_disjoint",
  "metrics": {
    "AUPRC": 0.7666666666666666,
    "AUROC": 0.9545454545454546,
    "Brier": 0.040519345532376884,
    "LogLoss": 0.13176394336208405,
    "ECE@10": 0.03319209141387458,
    "BestF1": 0.8,
    "LeadTime@P80": 12.5,
    "Precision@P80": 1.0,
    "Recall@P80": 0.6666666666666666,
    "LeadTimeDetail": {
      "threshold": 0.245908,
      "precision": 1.0,
      "recall": 0.6666666666666666,
      "lead_time": 12.5
    }
  },
  "threshold": 0.505731999874115,
  "policy_info": null,
  "predictions": {
    "y_true": [
      0,
      0,
      0,
      0,
      0,
      0,
      0,
      0,
      0,
      0,
      0,
      0,
      0,
      0,
      0,
      0,
      0,
      0,
      0,
      0,
      0,
      0,
      0,
      0,
      0,
      0,
      0,
      0,
      0,
      0,
      0,
      0,
      0,
      0,
      0,
      0,
      0,
      0,
      0,
      0,
      0,
      0,
      0,
      0,
      0,
      0,
      0,
      0,
      0,
      0,
      0,
      0,
      0,
      0,
      0,
      0,
      0,
      0,
      0,
      0,
      0,
      0,
      0,
      0,
      0,
      0,
      0,
      0,
      0,
      0,
      0,
      0,
      0,
      0,
      0,
      0,
      1,
      1,
      1,
      1,
      1,
      1,
      0
    ],
    "y_score": [
      0.001081642578355968,
      0.0010723026935011148,
      0.0010745329782366753,
      0.0010747418273240328,
      0.0011014563497155905,
      0.001085325377061963,
      0.0010832683183252811,
      0.0010867314413189888,
      0.0010920792119577527,
      0.0010732366936281323,
      0.0010701611172407866,
      0.0010747418273240328,
      0.0011014563497155905,
      0.0011014563497155905,
      0.0011014563497155905,
      0.0011014563497155905,
      0.0011014563497155905,
      0.0011014563497155905,
      0.0011014563497155905,
      0.0011014563497155905,
      0.0011014563497155905,
      0.0011014563497155905,
      0.0011014563497155905,
      0.0011014563497155905,
      0.0011014563497155905,
      0.0011014563497155905,
      0.0011014563497155905,
      0.0011014563497155905,
      0.0011014563497155905,
      0.0011014563497155905,
      0.0011014563497155905,
      0.0014405586989596486,
      0.0014148037880659103,
      0.0011576352408155799,
      0.0011854440672323108,
      0.0011161507572978735,
      0.0010917972540482879,
      0.0010952882003039122,
      0.0011014563497155905,
      0.0011014563497155905,
      0.0011014563497155905,
      0.0014405586989596486,
      0.0011296484153717756,
      0.0011279307072982192,
      0.001127663184888661,
      0.24590769410133362,
      0.0011014563497155905,
      0.053991202265024185,
      0.0011014563497155905,
      0.053991202265024185,
      0.0011014563497155905,
      0.053991202265024185,
      0.0011014563497155905,
      0.053991202265024185,
      0.001079231034964323,
      0.0011014563497155905,
      0.0011014563497155905,
      0.0011014563497155905,
      0.001554093207232654,
      0.001143891829997301,
      0.00117122835945338,
      0.0011205502087250352,
      0.24590769410133362,
      0.0010793035617098212,
      0.05399119108915329,
      0.001079231034964323,
      0.05399119108915329,
      0.0011014568153768778,
      0.05399119108915329,
      0.0011014568153768778,
      0.05399119108915329,
      0.0011014568153768778,
      0.05399119108915329,
      0.24590766429901123,
      0.05399119108915329,
      0.05399119108915329,
      0.05399119108915329,
      0.05399119108915329,
      0.25496193766593933,
      0.5960192680358887,
      0.4487169086933136,
      0.4193015396595001,
      0.016676343977451324
    ],
    "incident_id": [
      "atlasv2/h2-benign-seg033",
      "atlasv2/h2-benign-seg033",
      "atlasv2/h2-benign-seg033",
      "atlasv2/h2-benign-seg033",
      "atlasv2/h2-benign-seg033",
      "atlasv2/h2-benign-seg033",
      "atlasv2/h2-benign-seg033",
      "atlasv2/h2-benign-seg033",
      "atlasv2/h2-benign-seg033",
      "atlasv2/h2-benign-seg033",
      "atlasv2/h2-benign-seg033",
      "atlasv2/h2-benign-seg033",
      "atlasv2/h2-benign-seg033",
      "atlasv2/h2-benign-seg033",
      "atlasv2/h2-benign-seg033",
      "atlasv2/h2-benign-seg033",
      "atlasv2/h2-benign-seg033",
      "atlasv2/h2-benign-seg033",
      "atlasv2/h2-benign-seg033",
      "atlasv2/h2-benign-seg033",
      "atlasv2/h2-benign-seg033",
      "atlasv2/h2-benign-seg033",
      "atlasv2/h2-benign-seg033",
      "atlasv2/h2-benign-seg033",
      "atlasv2/h2-benign-seg033",
      "atlasv2/h2-benign-seg033",
      "atlasv2/h2-benign-seg033",
      "atlasv2/h2-benign-seg033",
      "atlasv2/h2-benign-seg033",
      "atlasv2/h2-benign-seg033",
      "atlasv2/h2-benign-seg033",
      "atlasv2/h2-benign-seg033",
      "atlasv2/h2-benign-seg034",
      "atlasv2/h2-benign-seg034",
      "atlasv2/h2-benign-seg034",
      "atlasv2/h2-benign-seg034",
      "atlasv2/h2-benign-seg034",
      "atlasv2/h2-benign-seg034",
      "atlasv2/h2-benign-seg034",
      "atlasv2/h2-benign-seg034",
      "atlasv2/h2-benign-seg034",
      "atlasv2/h2-benign-seg034",
      "atlasv2/h2-benign-seg034",
      "atlasv2/h2-benign-seg034",
      "atlasv2/h2-benign-seg034",
      "atlasv2/h1-benign-seg034",
      "atlasv2/h2-benign-seg034",
      "atlasv2/h1-benign-seg034",
      "atlasv2/h2-benign-seg034",
      "atlasv2/h1-benign-seg034",
      "atlasv2/h2-benign-seg034",
      "atlasv2/h1-benign-seg034",
      "atlasv2/h2-benign-seg034",
      "atlasv2/h1-benign-seg034",
      "atlasv2/h2-benign-seg035",
      "atlasv2/h2-benign-seg035",
      "atlasv2/h2-benign-seg035",
      "atlasv2/h2-benign-seg035",
      "atlasv2/h2-benign-seg035",
      "atlasv2/h2-benign-seg035",
      "atlasv2/h2-benign-seg035",
      "atlasv2/h2-benign-seg035",
      "atlasv2/h1-benign-seg035",
      "atlasv2/h2-benign-seg035",
      "atlasv2/h1-benign-seg035",
      "atlasv2/h2-benign-seg035",
      "atlasv2/h1-benign-seg035",
      "atlasv2/h2-benign-seg035",
      "atlasv2/h1-benign-seg035",
      "atlasv2/h2-benign-seg035",
      "atlasv2/h1-benign-seg035",
      "atlasv2/h2-benign-seg035",
      "atlasv2/h1-benign-seg035",
      "atlasv2/h1-s4",
      "atlasv2/h1-s4",
      "atlasv2/h1-s4",
      "atlasv2/h1-s4",
      "atlasv2/h1-s4",
      "atlasv2/h1-s4",
      "atlasv2/h1-s4",
      "atlasv2/h1-s4",
      "atlasv2/h1-s4",
      "atlasv2/h1-s4"
    ],