{
  "display_name": "Small-Transformer-Forecaster",
  "base_experiment_name": "r010_transformer_forecaster_atlasv2_public_event_disjoint",
  "seed": 34,
  "metrics": {
    "AUPRC": 0.5071428571428571,
    "AUROC": 0.9393939393939394,
    "Brier": 0.060805269703787204,
    "LogLoss": 0.19436712929274788,
    "ECE@10": 0.04868036047387194,
    "BestF1": 0.6153846153846153,
    "LeadTime@P80": 10.0,
    "Precision@P80": 1.0,
    "Recall@P80": 0.16666666666666666,
    "LeadTimeDetail": {
      "threshold": 0.115966,
      "precision": 1.0,
      "recall": 0.16666666666666666,
      "lead_time": 10.0
    }
  },
  "threshold": 0.5,
  "policy_info": null,
  "predictions": {
    "y_true": [
      0,
      0,
      0,
      0,
      0,
      0,
      0,
      0,
      0,
      0,
      0,
      0,
      0,
      0,
      0,
      0,
      0,
      0,
      0,
      0,
      0,
      0,
      0,
      0,
      0,
      0,
      0,
      0,
      0,
      0,
      0,
      0,
      0,
      0,
      0,
      0,
      0,
      0,
      0,
      0,
      0,
      0,
      0,
      0,
      0,
      0,
      0,
      0,
      0,
      0,
      0,
      0,
      0,
      0,
      0,
      0,
      0,
      0,
      0,
      0,
      0,
      0,
      0,
      0,
      0,
      0,
      0,
      0,
      0,
      0,
      0,
      0,
      0,
      0,
      0,
      0,
      1,
      1,
      1,
      1,
      1,
      1,
      0
    ],
    "y_score": [
      0.0063018412329256535,
      0.005382736679166555,
      0.004237699788063765,
      0.004243301227688789,
      0.0037545752711594105,
      0.004105257801711559,
      0.00422004796564579,
      0.004316162783652544,
      0.005080851260572672,
      0.004506261553615332,
      0.004367519170045853,
      0.004243301227688789,
      0.0037545752711594105,
      0.0037545752711594105,
      0.0037545752711594105,
      0.0037545752711594105,
      0.0037545752711594105,
      0.0037545752711594105,
      0.0037545752711594105,
      0.0037545752711594105,
      0.0037545752711594105,
      0.0037545752711594105,
      0.0037545752711594105,
      0.0037545752711594105,
      0.0037545752711594105,
      0.0037545752711594105,
      0.0037545752711594105,
      0.0037545752711594105,
      0.0037545752711594105,
      0.0037545752711594105,
      0.0037545752711594105,
      0.011512521654367447,
      0.026837153360247612,
      0.025022152811288834,
      0.025697799399495125,
      0.010115365497767925,
      0.004507969133555889,
      0.004113992676138878,
      0.0037545752711594105,
      0.0037545752711594105,
      0.0037545752711594105,
      0.011512521654367447,
      0.008476465940475464,
      0.008374938741326332,
      0.00840724352747202,
      0.1154043972492218,
      0.0037545752711594105,
      0.0548882782459259,
      0.0037545752711594105,
      0.0548882782459259,
      0.0037545752711594105,
      0.0548882782459259,
      0.0037545752711594105,
      0.0548882782459259,
      0.004399425815790892,
      0.0037545752711594105,
      0.0037545752711594105,
      0.0037545752711594105,
      0.011277562938630581,
      0.00782674178481102,
      0.009481780230998993,
      0.00934580061584711,
      0.1154043972492218,
      0.004391919355839491,
      0.0548882782459259,
      0.004399425815790892,
      0.0548882782459259,
      0.0037545752711594105,
      0.0548882782459259,
      0.0037545752711594105,
      0.0548882782459259,
      0.0037545752711594105,
      0.0548882782459259,
      0.1154043972492218,
      0.0548882782459259,
      0.0548882782459259,
      0.0548882782459259,
      0.0548882782459259,
      0.10081106424331665,
      0.11507215350866318,
      0.11596649140119553,
      0.1045866385102272,
      0.09272617846727371
    ],
    "incident_id": [
      "atlasv2/h2-benign-seg033",
      "atlasv2/h2-benign-seg033",
      "atlasv2/h2-benign-seg033",
      "atlasv2/h2-benign-seg033",
      "atlasv2/h2-benign-seg033",
      "atlasv2/h2-benign-seg033",
      "atlasv2/h2-benign-seg033",
      "atlasv2/h2-benign-seg033",
      "atlasv2/h2-benign-seg033",
      "atlasv2/h2-benign-seg033",
      "atlasv2/h2-benign-seg033",
      "atlasv2/h2-benign-seg033",
      "atlasv2/h2-benign-seg033",
      "atlasv2/h2-benign-seg033",
      "atlasv2/h2-benign-seg033",
      "atlasv2/h2-benign-seg033",
      "atlasv2/h2-benign-seg033",
      "atlasv2/h2-benign-seg033",
      "atlasv2/h2-benign-seg033",
      "atlasv2/h2-benign-seg033",
      "atlasv2/h2-benign-seg033",
      "atlasv2/h2-benign-seg033",
      "atlasv2/h2-benign-seg033",
      "atlasv2/h2-benign-seg033",
      "atlasv2/h2-benign-seg033",
      "atlasv2/h2-benign-seg033",
      "atlasv2/h2-benign-seg033",
      "atlasv2/h2-benign-seg033",
      "atlasv2/h2-benign-seg033",
      "atlasv2/h2-benign-seg033",
      "atlasv2/h2-benign-seg033",
      "atlasv2/h2-benign-seg033",
      "atlasv2/h2-benign-seg034",
      "atlasv2/h2-benign-seg034",
      "atlasv2/h2-benign-seg034",
      "atlasv2/h2-benign-seg034",
      "atlasv2/h2-benign-seg034",
      "atlasv2/h2-benign-seg034",
      "atlasv2/h2-benign-seg034",
      "atlasv2/h2-benign-seg034",
      "atlasv2/h2-benign-seg034",
      "atlasv2/h2-benign-seg034",
      "atlasv2/h2-benign-seg034",
      "atlasv2/h2-benign-seg034",
      "atlasv2/h2-benign-seg034",
      "atlasv2/h1-benign-seg034",
      "atlasv2/h2-benign-seg034",
      "atlasv2/h1-benign-seg034",
      "atlasv2/h2-benign-seg034",
      "atlasv2/h1-benign-seg034",
      "atlasv2/h2-benign-seg034",
      "atlasv2/h1-benign-seg034",
      "atlasv2/h2-benign-seg034",
      "atlasv2/h1-benign-seg034",
      "atlasv2/h2-benign-seg035",
      "atlasv2/h2-benign-seg035",
      "atlasv2/h2-benign-seg035",
      "atlasv2/h2-benign-seg035",
      "atlasv2/h2-benign-seg035",
      "atlasv2/h2-benign-seg035",
      "atlasv2/h2-benign-seg035",
      "atlasv2/h2-benign-seg035",
      "atlasv2/h1-benign-seg035",
      "atlasv2/h2-benign-seg035",
      "atlasv2/h1-benign-seg035",
      "atlasv2/h2-benign-seg035",
      "atlasv2/h1-benign-seg035",
      "atlasv2/h2-benign-seg035",
      "atlasv2/h1-benign-seg035",
      "atlasv2/h2-benign-seg035",
      "atlasv2/h1-benign-seg035",
      "atlasv2/h2-benign-seg035",
      "atlasv2/h1-benign-seg035",
      "atlasv2/h1-s4",
      "atlasv2/h1-s4",
      "atlasv2/h1-s4",
      "atlasv2/h1-s4",
      "atlasv2/h1-s4",
      "atlasv2/h1-s4",
      "atlasv2/h1-s4",
      "atlasv2/h1-s4",
      "atlasv2/h1-s4",
      "atlasv2/h1-s4"
    ],