{
  "display_name": "LSTM-Forecaster",
  "base_experiment_name": "r018_lstm_forecaster_atlasv2_public_event_disjoint",
  "seed": 17711,
  "split": "test_event_disjoint",
  "metrics": {
    "AUPRC": 0.7916666666666666,
    "AUROC": 0.9718614718614719,
    "Brier": 0.0533780977336505,
    "LogLoss": 0.16371304335648848,
    "ECE@10": 0.049006896822486094,
    "BestF1": 0.8,
    "LeadTime@P80": 12.5,
    "Precision@P80": 1.0,
    "Recall@P80": 0.6666666666666666,
    "LeadTimeDetail": {
      "threshold": 0.115842,
      "precision": 1.0,
      "recall": 0.6666666666666666,
      "lead_time": 12.5
    }
  },
  "threshold": 0.5,
  "policy_info": null,
  "predictions": {
    "y_true": [
      0,
      0,
      0,
      0,
      0,
      0,
      0,
      0,
      0,
      0,
      0,
      0,
      0,
      0,
      0,
      0,
      0,
      0,
      0,
      0,
      0,
      0,
      0,
      0,
      0,
      0,
      0,
      0,
      0,
      0,
      0,
      0,
      0,
      0,
      0,
      0,
      0,
      0,
      0,
      0,
      0,
      0,
      0,
      0,
      0,
      0,
      0,
      0,
      0,
      0,
      0,
      0,
      0,
      0,
      0,
      0,
      0,
      0,
      0,
      0,
      0,
      0,
      0,
      0,
      0,
      0,
      0,
      0,
      0,
      0,
      0,
      0,
      0,
      0,
      0,
      0,
      1,
      1,
      1,
      1,
      1,
      1,
      0
    ],
    "y_score": [
      7.523693784605712e-05,
      0.00017789298726711422,
      0.0006833815132267773,
      0.0006748143350705504,
      0.0009449458448216319,
      0.0007116392371244729,
      0.0005539595731534064,
      0.0004173615016043186,
      0.0002887908776756376,
      0.00038882135413587093,
      0.0004992689355276525,
      0.0006748143350705504,
      0.0009449458448216319,
      0.0009449458448216319,
      0.0009449458448216319,
      0.0009449458448216319,
      0.0009449458448216319,
      0.0009449458448216319,
      0.0009449458448216319,
      0.0009449458448216319,
      0.0009449458448216319,
      0.0009449458448216319,
      0.0009449458448216319,
      0.0009449458448216319,
      0.0009449458448216319,
      0.0009449458448216319,
      0.0009449458448216319,
      0.0009449458448216319,
      0.0009449458448216319,
      0.0009449458448216319,
      0.0009449458448216319,
      0.002724133664742112,
      0.009653275832533836,
      0.009733529761433601,
      0.010923306457698345,
      0.00247030146420002,
      0.0007916884496808052,
      0.000873356475494802,
      0.0009449458448216319,
      0.0009449458448216319,
      0.0009449458448216319,
      0.002724133664742112,
      0.002658967161551118,
      0.0029725513886660337,
      0.003005357226356864,
      0.11233704537153244,
      0.0009449458448216319,
      0.05181252211332321,
      0.0009449458448216319,
      0.05181252211332321,
      0.0009449458448216319,
      0.05181252211332321,
      0.0009449458448216319,
      0.05181252211332321,
      0.0011856728233397007,
      0.0009449458448216319,
      0.0009449458448216319,
      0.0009449458448216319,
      0.0026531817857176065,
      0.002547615673393011,
      0.0033894837833940983,
      0.0033512404188513756,
      0.11233704537153244,
      0.0011463068658486009,
      0.05181252956390381,
      0.0011856728233397007,
      0.05181252956390381,
      0.0009449458448216319,
      0.05181252956390381,
      0.0009449458448216319,
      0.05181252956390381,
      0.0009449458448216319,
      0.05181252956390381,
      0.11233704537153244,
      0.05181252956390381,
      0.05181252956390381,
      0.05181252956390381,
      0.05181252956390381,
      0.1158420667052269,
      0.29280519485473633,
      0.201618954539299,
      0.19690057635307312,
      0.01436781045049429
    ],
    "incident_id": [
      "atlasv2/h2-benign-seg033",
      "atlasv2/h2-benign-seg033",
      "atlasv2/h2-benign-seg033",
      "atlasv2/h2-benign-seg033",
      "atlasv2/h2-benign-seg033",
      "atlasv2/h2-benign-seg033",
      "atlasv2/h2-benign-seg033",
      "atlasv2/h2-benign-seg033",
      "atlasv2/h2-benign-seg033",
      "atlasv2/h2-benign-seg033",
      "atlasv2/h2-benign-seg033",
      "atlasv2/h2-benign-seg033",
      "atlasv2/h2-benign-seg033",
      "atlasv2/h2-benign-seg033",
      "atlasv2/h2-benign-seg033",
      "atlasv2/h2-benign-seg033",
      "atlasv2/h2-benign-seg033",
      "atlasv2/h2-benign-seg033",
      "atlasv2/h2-benign-seg033",
      "atlasv2/h2-benign-seg033",
      "atlasv2/h2-benign-seg033",
      "atlasv2/h2-benign-seg033",
      "atlasv2/h2-benign-seg033",
      "atlasv2/h2-benign-seg033",
      "atlasv2/h2-benign-seg033",
      "atlasv2/h2-benign-seg033",
      "atlasv2/h2-benign-seg033",
      "atlasv2/h2-benign-seg033",
      "atlasv2/h2-benign-seg033",
      "atlasv2/h2-benign-seg033",
      "atlasv2/h2-benign-seg033",
      "atlasv2/h2-benign-seg033",
      "atlasv2/h2-benign-seg034",
      "atlasv2/h2-benign-seg034",
      "atlasv2/h2-benign-seg034",
      "atlasv2/h2-benign-seg034",
      "atlasv2/h2-benign-seg034",
      "atlasv2/h2-benign-seg034",
      "atlasv2/h2-benign-seg034",
      "atlasv2/h2-benign-seg034",
      "atlasv2/h2-benign-seg034",
      "atlasv2/h2-benign-seg034",
      "atlasv2/h2-benign-seg034",
      "atlasv2/h2-benign-seg034",
      "atlasv2/h2-benign-seg034",
      "atlasv2/h1-benign-seg034",
      "atlasv2/h2-benign-seg034",
      "atlasv2/h1-benign-seg034",
      "atlasv2/h2-benign-seg034",
      "atlasv2/h1-benign-seg034",
      "atlasv2/h2-benign-seg034",
      "atlasv2/h1-benign-seg034",
      "atlasv2/h2-benign-seg034",
      "atlasv2/h1-benign-seg034",
      "atlasv2/h2-benign-seg035",
      "atlasv2/h2-benign-seg035",
      "atlasv2/h2-benign-seg035",
      "atlasv2/h2-benign-seg035",
      "atlasv2/h2-benign-seg035",
      "atlasv2/h2-benign-seg035",
      "atlasv2/h2-benign-seg035",
      "atlasv2/h2-benign-seg035",
      "atlasv2/h1-benign-seg035",
      "atlasv2/h2-benign-seg035",
      "atlasv2/h1-benign-seg035",
      "atlasv2/h2-benign-seg035",
      "atlasv2/h1-benign-seg035",
      "atlasv2/h2-benign-seg035",
      "atlasv2/h1-benign-seg035",
      "atlasv2/h2-benign-seg035",
      "atlasv2/h1-benign-seg035",
      "atlasv2/h2-benign-seg035",
      "atlasv2/h1-benign-seg035",
      "atlasv2/h1-s4",
      "atlasv2/h1-s4",
      "atlasv2/h1-s4",
      "atlasv2/h1-s4",
      "atlasv2/h1-s4",
      "atlasv2/h1-s4",
      "atlasv2/h1-s4",
      "atlasv2/h1-s4",
      "atlasv2/h1-s4",
      "atlasv2/h1-s4"
    ],