{
  "display_name": "LSTM-Forecaster",
  "base_experiment_name": "r018_lstm_forecaster_atlasv2_public_event_disjoint",
  "seed": 987,
  "split": "test_event_disjoint",
  "metrics": {
    "AUPRC": 0.6952380952380952,
    "AUROC": 0.9567099567099567,
    "Brier": 0.05375944140068007,
    "LogLoss": 0.16359904885585275,
    "ECE@10": 0.047726357904128186,
    "BestF1": 0.6666666666666666,
    "LeadTime@P80": 10.0,
    "Precision@P80": 1.0,
    "Recall@P80": 0.3333333333333333,
    "LeadTimeDetail": {
      "threshold": 0.205924,
      "precision": 1.0,
      "recall": 0.3333333333333333,
      "lead_time": 10.0
    }
  },
  "threshold": 0.5,
  "policy_info": null,
  "predictions": {
    "y_true": [
      0,
      0,
      0,
      0,
      0,
      0,
      0,
      0,
      0,
      0,
      0,
      0,
      0,
      0,
      0,
      0,
      0,
      0,
      0,
      0,
      0,
      0,
      0,
      0,
      0,
      0,
      0,
      0,
      0,
      0,
      0,
      0,
      0,
      0,
      0,
      0,
      0,
      0,
      0,
      0,
      0,
      0,
      0,
      0,
      0,
      0,
      0,
      0,
      0,
      0,
      0,
      0,
      0,
      0,
      0,
      0,
      0,
      0,
      0,
      0,
      0,
      0,
      0,
      0,
      0,
      0,
      0,
      0,
      0,
      0,
      0,
      0,
      0,
      0,
      0,
      0,
      1,
      1,
      1,
      1,
      1,
      1,
      0
    ],
    "y_score": [
      6.189760460983962e-05,
      0.00013310171198099852,
      0.0005836752243340015,
      0.0005533057847060263,
      0.0008343028603121638,
      0.0006485923076979816,
      0.0004795726272277534,
      0.0003215947072021663,
      0.00019150141451973468,
      0.0002592845121398568,
      0.00035793433198705316,
      0.0005533057847060263,
      0.0008343028603121638,
      0.0008343028603121638,
      0.0008343028603121638,
      0.0008343028603121638,
      0.0008343028603121638,
      0.0008343028603121638,
      0.0008343028603121638,
      0.0008343028603121638,
      0.0008343028603121638,
      0.0008343028603121638,
      0.0008343028603121638,
      0.0008343028603121638,
      0.0008343028603121638,
      0.0008343028603121638,
      0.0008343028603121638,
      0.0008343028603121638,
      0.0008343028603121638,
      0.0008343028603121638,
      0.0008343028603121638,
      0.00244920258410275,
      0.008370619267225266,
      0.00883266981691122,
      0.010813581757247448,
      0.0031336171086877584,
      0.0008859847439453006,
      0.0008767566177994013,
      0.0008343028603121638,
      0.0008343028603121638,
      0.0008343028603121638,
      0.00244920258410275,
      0.002766585210338235,
      0.00316793005913496,
      0.0031721172854304314,
      0.13146133720874786,
      0.0008343028603121638,
      0.05772325024008751,
      0.0008343028603121638,
      0.05772325024008751,
      0.0008343028603121638,
      0.05772325024008751,
      0.0008343028603121638,
      0.05772325024008751,
      0.0011392892338335514,
      0.0008343028603121638,
      0.0008343028603121638,
      0.0008343028603121638,
      0.0024194323923438787,
      0.0025588765274733305,
      0.0033824259880930185,
      0.003497382625937462,
      0.13146133720874786,
      0.0010978328064084053,
      0.05772325024008751,
      0.0011392892338335514,
      0.05772325024008751,
      0.0008343028603121638,
      0.05772325024008751,
      0.0008343028603121638,
      0.05772325024008751,
      0.0008343028603121638,
      0.05772325024008751,
      0.13146130740642548,
      0.05772325024008751,
      0.05772325024008751,
      0.05772325024008751,
      0.05772325024008751,
      0.11450999230146408,
      0.25873056054115295,
      0.20439882576465607,
      0.20592427253723145,
      0.016533851623535156
    ],
    "incident_id": [
      "atlasv2/h2-benign-seg033",
      "atlasv2/h2-benign-seg033",
      "atlasv2/h2-benign-seg033",
      "atlasv2/h2-benign-seg033",
      "atlasv2/h2-benign-seg033",
      "atlasv2/h2-benign-seg033",
      "atlasv2/h2-benign-seg033",
      "atlasv2/h2-benign-seg033",
      "atlasv2/h2-benign-seg033",
      "atlasv2/h2-benign-seg033",
      "atlasv2/h2-benign-seg033",
      "atlasv2/h2-benign-seg033",
      "atlasv2/h2-benign-seg033",
      "atlasv2/h2-benign-seg033",
      "atlasv2/h2-benign-seg033",
      "atlasv2/h2-benign-seg033",
      "atlasv2/h2-benign-seg033",
      "atlasv2/h2-benign-seg033",
      "atlasv2/h2-benign-seg033",
      "atlasv2/h2-benign-seg033",
      "atlasv2/h2-benign-seg033",
      "atlasv2/h2-benign-seg033",
      "atlasv2/h2-benign-seg033",
      "atlasv2/h2-benign-seg033",
      "atlasv2/h2-benign-seg033",
      "atlasv2/h2-benign-seg033",
      "atlasv2/h2-benign-seg033",
      "atlasv2/h2-benign-seg033",
      "atlasv2/h2-benign-seg033",
      "atlasv2/h2-benign-seg033",
      "atlasv2/h2-benign-seg033",
      "atlasv2/h2-benign-seg033",
      "atlasv2/h2-benign-seg034",
      "atlasv2/h2-benign-seg034",
      "atlasv2/h2-benign-seg034",
      "atlasv2/h2-benign-seg034",
      "atlasv2/h2-benign-seg034",
      "atlasv2/h2-benign-seg034",
      "atlasv2/h2-benign-seg034",
      "atlasv2/h2-benign-seg034",
      "atlasv2/h2-benign-seg034",
      "atlasv2/h2-benign-seg034",
      "atlasv2/h2-benign-seg034",
      "atlasv2/h2-benign-seg034",
      "atlasv2/h2-benign-seg034",
      "atlasv2/h1-benign-seg034",
      "atlasv2/h2-benign-seg034",
      "atlasv2/h1-benign-seg034",
      "atlasv2/h2-benign-seg034",
      "atlasv2/h1-benign-seg034",
      "atlasv2/h2-benign-seg034",
      "atlasv2/h1-benign-seg034",
      "atlasv2/h2-benign-seg034",
      "atlasv2/h1-benign-seg034",
      "atlasv2/h2-benign-seg035",
      "atlasv2/h2-benign-seg035",
      "atlasv2/h2-benign-seg035",
      "atlasv2/h2-benign-seg035",
      "atlasv2/h2-benign-seg035",
      "atlasv2/h2-benign-seg035",
      "atlasv2/h2-benign-seg035",
      "atlasv2/h2-benign-seg035",
      "atlasv2/h1-benign-seg035",
      "atlasv2/h2-benign-seg035",
      "atlasv2/h1-benign-seg035",
      "atlasv2/h2-benign-seg035",
      "atlasv2/h1-benign-seg035",
      "atlasv2/h2-benign-seg035",
      "atlasv2/h1-benign-seg035",
      "atlasv2/h2-benign-seg035",
      "atlasv2/h1-benign-seg035",
      "atlasv2/h2-benign-seg035",
      "atlasv2/h1-benign-seg035",
      "atlasv2/h1-s4",
      "atlasv2/h1-s4",
      "atlasv2/h1-s4",
      "atlasv2/h1-s4",
      "atlasv2/h1-s4",
      "atlasv2/h1-s4",
      "atlasv2/h1-s4",
      "atlasv2/h1-s4",
      "atlasv2/h1-s4",
      "atlasv2/h1-s4"
    ],