{
  "display_name": "LSTM-Forecaster",
  "base_experiment_name": "r018_lstm_forecaster_atlasv2_public_event_disjoint",
  "seed": 233,
  "metrics": {
    "AUPRC": 0.7666666666666666,
    "AUROC": 0.9632034632034632,
    "Brier": 0.05442412738324561,
    "LogLoss": 0.1655263494299032,
    "ECE@10": 0.04832044482691892,
    "BestF1": 0.8,
    "LeadTime@P80": 12.5,
    "Precision@P80": 1.0,
    "Recall@P80": 0.6666666666666666,
    "LeadTimeDetail": {
      "threshold": 0.110586,
      "precision": 1.0,
      "recall": 0.6666666666666666,
      "lead_time": 12.5
    }
  },
  "threshold": 0.23893600702285767,
  "policy_info": null,
  "predictions": {
    "y_true": [
      0,
      0,
      0,
      0,
      0,
      0,
      0,
      0,
      0,
      0,
      0,
      0,
      0,
      0,
      0,
      0,
      0,
      0,
      0,
      0,
      0,
      0,
      0,
      0,
      0,
      0,
      0,
      0,
      0,
      0,
      0,
      0,
      0,
      0,
      0,
      0,
      0,
      0,
      0,
      0,
      0,
      0,
      0,
      0,
      0,
      0,
      0,
      0,
      0,
      0,
      0,
      0,
      0,
      0,
      0,
      0,
      0,
      0,
      0,
      0,
      0,
      0,
      0,
      0,
      0,
      0,
      0,
      0,
      0,
      0,
      0,
      0,
      0,
      0,
      0,
      0,
      1,
      1,
      1,
      1,
      1,
      1,
      0
    ],
    "y_score": [
      0.00020017697534058243,
      0.0004014615260530263,
      0.0011192994425073266,
      0.001078625675290823,
      0.0013970760628581047,
      0.0011394814355298877,
      0.0009604229126125574,
      0.0007870038389228284,
      0.000601177744101733,
      0.0007553872419521213,
      0.0008904404821805656,
      0.001078625675290823,
      0.0013970760628581047,
      0.0013970760628581047,
      0.0013970760628581047,
      0.0013970760628581047,
      0.0013970760628581047,
      0.0013970760628581047,
      0.0013970760628581047,
      0.0013970760628581047,
      0.0013970760628581047,
      0.0013970760628581047,
      0.0013970760628581047,
      0.0013970760628581047,
      0.0013970760628581047,
      0.0013970760628581047,
      0.0013970760628581047,
      0.0013970760628581047,
      0.0013970760628581047,
      0.0013970760628581047,
      0.0013970760628581047,
      0.0034254081547260284,
      0.011995719745755196,
      0.011481544934213161,
      0.010942471213638783,
      0.0031219625379890203,
      0.0012771233450621367,
      0.0013357227435335517,
      0.0013970760628581047,
      0.0013970760628581047,
      0.0013970760628581047,
      0.0034254081547260284,
      0.0035519099328666925,
      0.0036892371717840433,
      0.003403689479455352,
      0.10698628425598145,
      0.0013970760628581047,
      0.06005964055657387,
      0.0013970760628581047,
      0.06005964055657387,
      0.0013970760628581047,
      0.06005964055657387,
      0.0013970760628581047,
      0.06005964055657387,
      0.0016956530744209886,
      0.0013970760628581047,
      0.0013970760628581047,
      0.0013970760628581047,
      0.003440164728090167,
      0.0034944056533277035,
      0.004472564905881882,
      0.004148063249886036,
      0.10698628425598145,
      0.0017209304496645927,
      0.06005964055657387,
      0.0016956538893282413,
      0.06005964055657387,
      0.0013970753643661737,
      0.06005964055657387,
      0.0013970753643661737,
      0.06005964055657387,
      0.0013970753643661737,
      0.06005964055657387,
      0.10698626190423965,
      0.06005964055657387,
      0.06005964055657387,
      0.06005964055657387,
      0.06005964055657387,
      0.11058644205331802,
      0.2480688840150833,
      0.19361820816993713,
      0.18237830698490143,
      0.01958383619785309
    ],
    "incident_id": [
      "atlasv2/h2-benign-seg033",
      "atlasv2/h2-benign-seg033",
      "atlasv2/h2-benign-seg033",
      "atlasv2/h2-benign-seg033",
      "atlasv2/h2-benign-seg033",
      "atlasv2/h2-benign-seg033",
      "atlasv2/h2-benign-seg033",
      "atlasv2/h2-benign-seg033",
      "atlasv2/h2-benign-seg033",
      "atlasv2/h2-benign-seg033",
      "atlasv2/h2-benign-seg033",
      "atlasv2/h2-benign-seg033",
      "atlasv2/h2-benign-seg033",
      "atlasv2/h2-benign-seg033",
      "atlasv2/h2-benign-seg033",
      "atlasv2/h2-benign-seg033",
      "atlasv2/h2-benign-seg033",
      "atlasv2/h2-benign-seg033",
      "atlasv2/h2-benign-seg033",
      "atlasv2/h2-benign-seg033",
      "atlasv2/h2-benign-seg033",
      "atlasv2/h2-benign-seg033",
      "atlasv2/h2-benign-seg033",
      "atlasv2/h2-benign-seg033",
      "atlasv2/h2-benign-seg033",
      "atlasv2/h2-benign-seg033",
      "atlasv2/h2-benign-seg033",
      "atlasv2/h2-benign-seg033",
      "atlasv2/h2-benign-seg033",
      "atlasv2/h2-benign-seg033",
      "atlasv2/h2-benign-seg033",
      "atlasv2/h2-benign-seg033",
      "atlasv2/h2-benign-seg034",
      "atlasv2/h2-benign-seg034",
      "atlasv2/h2-benign-seg034",
      "atlasv2/h2-benign-seg034",
      "atlasv2/h2-benign-seg034",
      "atlasv2/h2-benign-seg034",
      "atlasv2/h2-benign-seg034",
      "atlasv2/h2-benign-seg034",
      "atlasv2/h2-benign-seg034",
      "atlasv2/h2-benign-seg034",
      "atlasv2/h2-benign-seg034",
      "atlasv2/h2-benign-seg034",
      "atlasv2/h2-benign-seg034",
      "atlasv2/h1-benign-seg034",
      "atlasv2/h2-benign-seg034",
      "atlasv2/h1-benign-seg034",
      "atlasv2/h2-benign-seg034",
      "atlasv2/h1-benign-seg034",
      "atlasv2/h2-benign-seg034",
      "atlasv2/h1-benign-seg034",
      "atlasv2/h2-benign-seg034",
      "atlasv2/h1-benign-seg034",
      "atlasv2/h2-benign-seg035",
      "atlasv2/h2-benign-seg035",
      "atlasv2/h2-benign-seg035",
      "atlasv2/h2-benign-seg035",
      "atlasv2/h2-benign-seg035",
      "atlasv2/h2-benign-seg035",
      "atlasv2/h2-benign-seg035",
      "atlasv2/h2-benign-seg035",
      "atlasv2/h1-benign-seg035",
      "atlasv2/h2-benign-seg035",
      "atlasv2/h1-benign-seg035",
      "atlasv2/h2-benign-seg035",
      "atlasv2/h1-benign-seg035",
      "atlasv2/h2-benign-seg035",
      "atlasv2/h1-benign-seg035",
      "atlasv2/h2-benign-seg035",
      "atlasv2/h1-benign-seg035",
      "atlasv2/h2-benign-seg035",
      "atlasv2/h1-benign-seg035",
      "atlasv2/h1-s4",
      "atlasv2/h1-s4",
      "atlasv2/h1-s4",
      "atlasv2/h1-s4",
      "atlasv2/h1-s4",
      "atlasv2/h1-s4",
      "atlasv2/h1-s4",
      "atlasv2/h1-s4",
      "atlasv2/h1-s4",
      "atlasv2/h1-s4"
    ],