{
  "display_name": "LSTM-Forecaster",
  "base_experiment_name": "r018_lstm_forecaster_atlasv2_public_event_disjoint",
  "seed": 34,
  "split": "test_event_disjoint",
  "metrics": {
    "AUPRC": 0.7666666666666666,
    "AUROC": 0.9632034632034632,
    "Brier": 0.0495567002357309,
    "LogLoss": 0.15710309739265557,
    "ECE@10": 0.04893333731948828,
    "BestF1": 0.8,
    "LeadTime@P80": 12.5,
    "Precision@P80": 1.0,
    "Recall@P80": 0.6666666666666666,
    "LeadTimeDetail": {
      "threshold": 0.13847,
      "precision": 1.0,
      "recall": 0.6666666666666666,
      "lead_time": 12.5
    }
  },
  "threshold": 0.3526880145072937,
  "policy_info": null,
  "predictions": {
    "y_true": [
      0,
      0,
      0,
      0,
      0,
      0,
      0,
      0,
      0,
      0,
      0,
      0,
      0,
      0,
      0,
      0,
      0,
      0,
      0,
      0,
      0,
      0,
      0,
      0,
      0,
      0,
      0,
      0,
      0,
      0,
      0,
      0,
      0,
      0,
      0,
      0,
      0,
      0,
      0,
      0,
      0,
      0,
      0,
      0,
      0,
      0,
      0,
      0,
      0,
      0,
      0,
      0,
      0,
      0,
      0,
      0,
      0,
      0,
      0,
      0,
      0,
      0,
      0,
      0,
      0,
      0,
      0,
      0,
      0,
      0,
      0,
      0,
      0,
      0,
      0,
      0,
      1,
      1,
      1,
      1,
      1,
      1,
      0
    ],
    "y_score": [
      7.877736607042607e-06,
      2.0734290956170298e-05,
      0.00013470050180330873,
      0.00012508714280556887,
      0.00020889822917524725,
      0.00015325155982282013,
      0.00010514051973586902,
      6.363611464621499e-05,
      3.482263127807528e-05,
      4.81735696666874e-05,
      7.207672751974314e-05,
      0.00012508714280556887,
      0.00020889822917524725,
      0.00020889822917524725,
      0.00020889822917524725,
      0.00020889822917524725,
      0.00020889822917524725,
      0.00020889822917524725,
      0.00020889822917524725,
      0.00020889822917524725,
      0.00020889822917524725,
      0.00020889822917524725,
      0.00020889822917524725,
      0.00020889822917524725,
      0.00020889822917524725,
      0.00020889822917524725,
      0.00020889822917524725,
      0.00020889822917524725,
      0.00020889822917524725,
      0.00020889822917524725,
      0.00020889822917524725,
      0.0010728881461545825,
      0.005984135437756777,
      0.0052070776000618935,
      0.0078061106614768505,
      0.001248164102435112,
      0.00021365132124628872,
      0.00021718691277783364,
      0.00020889822917524725,
      0.00020889822917524725,
      0.00020889822917524725,
      0.0010728881461545825,
      0.0010543469106778502,
      0.0012994151329621673,
      0.001370024518109858,
      0.11247958987951279,
      0.00020889822917524725,
      0.03744623437523842,
      0.00020889822917524725,
      0.03744623437523842,
      0.00020889822917524725,
      0.03744623437523842,
      0.00020889822917524725,
      0.03744623437523842,
      0.00025784806348383427,
      0.00020889822917524725,
      0.00020889822917524725,
      0.00020889822917524725,
      0.0010019090259447694,
      0.0009507163777016103,
      0.001459556631743908,
      0.0013954113237559795,
      0.11247958987951279,
      0.0002542952715884894,
      0.03744623437523842,
      0.00025784806348383427,
      0.03744623437523842,
      0.00020889822917524725,
      0.03744623437523842,
      0.00020889822917524725,
      0.03744623437523842,
      0.00020889822917524725,
      0.03744623437523842,
      0.11247958987951279,
      0.03744623437523842,
      0.03744623437523842,
      0.03744623437523842,
      0.03744623437523842,
      0.13847002387046814,
      0.4356327950954437,
      0.2553873360157013,
      0.23105067014694214,
      0.013844657689332962
    ],
    "incident_id": [
      "atlasv2/h2-benign-seg033",
      "atlasv2/h2-benign-seg033",
      "atlasv2/h2-benign-seg033",
      "atlasv2/h2-benign-seg033",
      "atlasv2/h2-benign-seg033",
      "atlasv2/h2-benign-seg033",
      "atlasv2/h2-benign-seg033",
      "atlasv2/h2-benign-seg033",
      "atlasv2/h2-benign-seg033",
      "atlasv2/h2-benign-seg033",
      "atlasv2/h2-benign-seg033",
      "atlasv2/h2-benign-seg033",
      "atlasv2/h2-benign-seg033",
      "atlasv2/h2-benign-seg033",
      "atlasv2/h2-benign-seg033",
      "atlasv2/h2-benign-seg033",
      "atlasv2/h2-benign-seg033",
      "atlasv2/h2-benign-seg033",
      "atlasv2/h2-benign-seg033",
      "atlasv2/h2-benign-seg033",
      "atlasv2/h2-benign-seg033",
      "atlasv2/h2-benign-seg033",
      "atlasv2/h2-benign-seg033",
      "atlasv2/h2-benign-seg033",
      "atlasv2/h2-benign-seg033",
      "atlasv2/h2-benign-seg033",
      "atlasv2/h2-benign-seg033",
      "atlasv2/h2-benign-seg033",
      "atlasv2/h2-benign-seg033",
      "atlasv2/h2-benign-seg033",
      "atlasv2/h2-benign-seg033",
      "atlasv2/h2-benign-seg033",
      "atlasv2/h2-benign-seg034",
      "atlasv2/h2-benign-seg034",
      "atlasv2/h2-benign-seg034",
      "atlasv2/h2-benign-seg034",
      "atlasv2/h2-benign-seg034",
      "atlasv2/h2-benign-seg034",
      "atlasv2/h2-benign-seg034",
      "atlasv2/h2-benign-seg034",
      "atlasv2/h2-benign-seg034",
      "atlasv2/h2-benign-seg034",
      "atlasv2/h2-benign-seg034",
      "atlasv2/h2-benign-seg034",
      "atlasv2/h2-benign-seg034",
      "atlasv2/h1-benign-seg034",
      "atlasv2/h2-benign-seg034",
      "atlasv2/h1-benign-seg034",
      "atlasv2/h2-benign-seg034",
      "atlasv2/h1-benign-seg034",
      "atlasv2/h2-benign-seg034",
      "atlasv2/h1-benign-seg034",
      "atlasv2/h2-benign-seg034",
      "atlasv2/h1-benign-seg034",
      "atlasv2/h2-benign-seg035",
      "atlasv2/h2-benign-seg035",
      "atlasv2/h2-benign-seg035",
      "atlasv2/h2-benign-seg035",
      "atlasv2/h2-benign-seg035",
      "atlasv2/h2-benign-seg035",
      "atlasv2/h2-benign-seg035",
      "atlasv2/h2-benign-seg035",
      "atlasv2/h1-benign-seg035",
      "atlasv2/h2-benign-seg035",
      "atlasv2/h1-benign-seg035",
      "atlasv2/h2-benign-seg035",
      "atlasv2/h1-benign-seg035",
      "atlasv2/h2-benign-seg035",
      "atlasv2/h1-benign-seg035",
      "atlasv2/h2-benign-seg035",
      "atlasv2/h1-benign-seg035",
      "atlasv2/h2-benign-seg035",
      "atlasv2/h1-benign-seg035",
      "atlasv2/h1-s4",
      "atlasv2/h1-s4",
      "atlasv2/h1-s4",
      "atlasv2/h1-s4",
      "atlasv2/h1-s4",
      "atlasv2/h1-s4",
      "atlasv2/h1-s4",
      "atlasv2/h1-s4",
      "atlasv2/h1-s4",
      "atlasv2/h1-s4"
    ],