{
  "display_name": "LSTM-Forecaster",
  "base_experiment_name": "r018_lstm_forecaster_atlasv2_public_event_disjoint",
  "seed": 6765,
  "split": "test_event_disjoint",
  "metrics": {
    "AUPRC": 0.7666666666666666,
    "AUROC": 0.9632034632034632,
    "Brier": 0.05427177176905771,
    "LogLoss": 0.16531444691770214,
    "ECE@10": 0.049620366148602955,
    "BestF1": 0.8,
    "LeadTime@P80": 12.5,
    "Precision@P80": 1.0,
    "Recall@P80": 0.6666666666666666,
    "LeadTimeDetail": {
      "threshold": 0.109619,
      "precision": 1.0,
      "recall": 0.6666666666666666,
      "lead_time": 12.5
    }
  },
  "threshold": 0.5,
  "policy_info": null,
  "predictions": {
    "y_true": [
      0,
      0,
      0,
      0,
      0,
      0,
      0,
      0,
      0,
      0,
      0,
      0,
      0,
      0,
      0,
      0,
      0,
      0,
      0,
      0,
      0,
      0,
      0,
      0,
      0,
      0,
      0,
      0,
      0,
      0,
      0,
      0,
      0,
      0,
      0,
      0,
      0,
      0,
      0,
      0,
      0,
      0,
      0,
      0,
      0,
      0,
      0,
      0,
      0,
      0,
      0,
      0,
      0,
      0,
      0,
      0,
      0,
      0,
      0,
      0,
      0,
      0,
      0,
      0,
      0,
      0,
      0,
      0,
      0,
      0,
      0,
      0,
      0,
      0,
      0,
      0,
      1,
      1,
      1,
      1,
      1,
      1,
      0
    ],
    "y_score": [
      4.567325959214941e-05,
      9.863745799520984e-05,
      0.0004947989364154637,
      0.0004698177217505872,
      0.0007508017588406801,
      0.0005417089560069144,
      0.0003965145442634821,
      0.00027012790087610483,
      0.0001619579124962911,
      0.0002309244591742754,
      0.0003139182517770678,
      0.0004698177217505872,
      0.0007508017588406801,
      0.0007508017588406801,
      0.0007508017588406801,
      0.0007508017588406801,
      0.0007508017588406801,
      0.0007508017588406801,
      0.0007508017588406801,
      0.0007508017588406801,
      0.0007508017588406801,
      0.0007508017588406801,
      0.0007508017588406801,
      0.0007508017588406801,
      0.0007508017588406801,
      0.0007508017588406801,
      0.0007508017588406801,
      0.0007508017588406801,
      0.0007508017588406801,
      0.0007508017588406801,
      0.0007508017588406801,
      0.0018548947991803288,
      0.00666164793074131,
      0.00728212483227253,
      0.008066365495324135,
      0.0017643312457948923,
      0.0006373631185851991,
      0.000697017356287688,
      0.0007508017588406801,
      0.0007508017588406801,
      0.0007508017588406801,
      0.0018548947991803288,
      0.0018774245399981737,
      0.0020501853432506323,
      0.0021235691383481026,
      0.106003537774086,
      0.0007508017588406801,
      0.055650994181632996,
      0.0007508017588406801,
      0.055650994181632996,
      0.0007508017588406801,
      0.055650994181632996,
      0.0007508017588406801,
      0.055650994181632996,
      0.0010209738975390792,
      0.0007508017588406801,
      0.0007508017588406801,
      0.0007508017588406801,
      0.0018503069877624512,
      0.0017942182021215558,
      0.002217985689640045,
      0.0024298422504216433,
      0.106003537774086,
      0.0009711642633192241,
      0.055650994181632996,
      0.0010209738975390792,
      0.055650994181632996,
      0.0007508017588406801,
      0.055650994181632996,
      0.0007508017588406801,
      0.055650994181632996,
      0.0007508017588406801,
      0.055650994181632996,
      0.106003537774086,
      0.055650994181632996,
      0.055650994181632996,
      0.055650994181632996,
      0.055650994181632996,
      0.10961936414241791,
      0.2676445245742798,
      0.18892163038253784,
      0.18406037986278534,
      0.015344534069299698
    ],
    "incident_id": [
      "atlasv2/h2-benign-seg033",
      "atlasv2/h2-benign-seg033",
      "atlasv2/h2-benign-seg033",
      "atlasv2/h2-benign-seg033",
      "atlasv2/h2-benign-seg033",
      "atlasv2/h2-benign-seg033",
      "atlasv2/h2-benign-seg033",
      "atlasv2/h2-benign-seg033",
      "atlasv2/h2-benign-seg033",
      "atlasv2/h2-benign-seg033",
      "atlasv2/h2-benign-seg033",
      "atlasv2/h2-benign-seg033",
      "atlasv2/h2-benign-seg033",
      "atlasv2/h2-benign-seg033",
      "atlasv2/h2-benign-seg033",
      "atlasv2/h2-benign-seg033",
      "atlasv2/h2-benign-seg033",
      "atlasv2/h2-benign-seg033",
      "atlasv2/h2-benign-seg033",
      "atlasv2/h2-benign-seg033",
      "atlasv2/h2-benign-seg033",
      "atlasv2/h2-benign-seg033",
      "atlasv2/h2-benign-seg033",
      "atlasv2/h2-benign-seg033",
      "atlasv2/h2-benign-seg033",
      "atlasv2/h2-benign-seg033",
      "atlasv2/h2-benign-seg033",
      "atlasv2/h2-benign-seg033",
      "atlasv2/h2-benign-seg033",
      "atlasv2/h2-benign-seg033",
      "atlasv2/h2-benign-seg033",
      "atlasv2/h2-benign-seg033",
      "atlasv2/h2-benign-seg034",
      "atlasv2/h2-benign-seg034",
      "atlasv2/h2-benign-seg034",
      "atlasv2/h2-benign-seg034",
      "atlasv2/h2-benign-seg034",
      "atlasv2/h2-benign-seg034",
      "atlasv2/h2-benign-seg034",
      "atlasv2/h2-benign-seg034",
      "atlasv2/h2-benign-seg034",
      "atlasv2/h2-benign-seg034",
      "atlasv2/h2-benign-seg034",
      "atlasv2/h2-benign-seg034",
      "atlasv2/h2-benign-seg034",
      "atlasv2/h1-benign-seg034",
      "atlasv2/h2-benign-seg034",
      "atlasv2/h1-benign-seg034",
      "atlasv2/h2-benign-seg034",
      "atlasv2/h1-benign-seg034",
      "atlasv2/h2-benign-seg034",
      "atlasv2/h1-benign-seg034",
      "atlasv2/h2-benign-seg034",
      "atlasv2/h1-benign-seg034",
      "atlasv2/h2-benign-seg035",
      "atlasv2/h2-benign-seg035",
      "atlasv2/h2-benign-seg035",
      "atlasv2/h2-benign-seg035",
      "atlasv2/h2-benign-seg035",
      "atlasv2/h2-benign-seg035",
      "atlasv2/h2-benign-seg035",
      "atlasv2/h2-benign-seg035",
      "atlasv2/h1-benign-seg035",
      "atlasv2/h2-benign-seg035",
      "atlasv2/h1-benign-seg035",
      "atlasv2/h2-benign-seg035",
      "atlasv2/h1-benign-seg035",
      "atlasv2/h2-benign-seg035",
      "atlasv2/h1-benign-seg035",
      "atlasv2/h2-benign-seg035",
      "atlasv2/h1-benign-seg035",
      "atlasv2/h2-benign-seg035",
      "atlasv2/h1-benign-seg035",
      "atlasv2/h1-s4",
      "atlasv2/h1-s4",
      "atlasv2/h1-s4",
      "atlasv2/h1-s4",
      "atlasv2/h1-s4",
      "atlasv2/h1-s4",
      "atlasv2/h1-s4",
      "atlasv2/h1-s4",
      "atlasv2/h1-s4",
      "atlasv2/h1-s4"
    ],