{
  "display_name": "LSTM-Forecaster",
  "base_experiment_name": "r018_lstm_forecaster_atlasv2_public_event_disjoint",
  "seed": 4181,
  "metrics": {
    "AUPRC": 0.7666666666666666,
    "AUROC": 0.9632034632034632,
    "Brier": 0.05385049499868712,
    "LogLoss": 0.1634590556597318,
    "ECE@10": 0.04964852951294036,
    "BestF1": 0.8,
    "LeadTime@P80": 12.5,
    "Precision@P80": 1.0,
    "Recall@P80": 0.6666666666666666,
    "LeadTimeDetail": {
      "threshold": 0.131893,
      "precision": 1.0,
      "recall": 0.6666666666666666,
      "lead_time": 12.5
    }
  },
  "threshold": 0.26998400688171387,
  "policy_info": null,
  "predictions": {
    "y_true": [
      0,
      0,
      0,
      0,
      0,
      0,
      0,
      0,
      0,
      0,
      0,
      0,
      0,
      0,
      0,
      0,
      0,
      0,
      0,
      0,
      0,
      0,
      0,
      0,
      0,
      0,
      0,
      0,
      0,
      0,
      0,
      0,
      0,
      0,
      0,
      0,
      0,
      0,
      0,
      0,
      0,
      0,
      0,
      0,
      0,
      0,
      0,
      0,
      0,
      0,
      0,
      0,
      0,
      0,
      0,
      0,
      0,
      0,
      0,
      0,
      0,
      0,
      0,
      0,
      0,
      0,
      0,
      0,
      0,
      0,
      0,
      0,
      0,
      0,
      0,
      0,
      1,
      1,
      1,
      1,
      1,
      1,
      0
    ],
    "y_score": [
      1.2934985534229781e-05,
      4.2511685023782775e-05,
      0.0002909691829700023,
      0.00027666756068356335,
      0.0004284515744075179,
      0.0003048422222491354,
      0.00022367296332959086,
      0.00015327932487707585,
      0.00010016730811912566,
      0.00013954209862276912,
      0.00018711660231929272,
      0.00027666756068356335,
      0.0004284515744075179,
      0.0004284515744075179,
      0.0004284515744075179,
      0.0004284515744075179,
      0.0004284515744075179,
      0.0004284515744075179,
      0.0004284515744075179,
      0.0004284515744075179,
      0.0004284515744075179,
      0.0004284515744075179,
      0.0004284515744075179,
      0.0004284515744075179,
      0.0004284515744075179,
      0.0004284515744075179,
      0.0004284515744075179,
      0.0004284515744075179,
      0.0004284515744075179,
      0.0004284515744075179,
      0.0004284515744075179,
      0.0013468675315380096,
      0.0032297035213559866,
      0.0027335018385201693,
      0.0037914591375738382,
      0.0010609673336148262,
      0.00036561506567522883,
      0.00039953808300197124,
      0.0004284515744075179,
      0.0004284515744075179,
      0.0004284515744075179,
      0.0013468675315380096,
      0.0013058272888883948,
      0.001352974446490407,
      0.001307207508943975,
      0.11170504242181778,
      0.0004284515744075179,
      0.054409947246313095,
      0.0004284515744075179,
      0.054409947246313095,
      0.0004284515744075179,
      0.054409947246313095,
      0.0004284515744075179,
      0.054409947246313095,
      0.0005710916593670845,
      0.0004284515744075179,
      0.0004284515744075179,
      0.0004284515744075179,
      0.0011973811779171228,
      0.0011743992799893022,
      0.00168864824809134,
      0.001550105051137507,
      0.11170504242181778,
      0.0005623761680908501,
      0.054409947246313095,
      0.0005710916593670845,
      0.054409947246313095,
      0.00042845139978453517,
      0.054409947246313095,
      0.00042845139978453517,
      0.054409947246313095,
      0.00042845139978453517,
      0.054409947246313095,
      0.11170504242181778,
      0.054409947246313095,
      0.054409947246313095,
      0.054409947246313095,
      0.054409947246313095,
      0.1318933069705963,
      0.2818083167076111,
      0.19061379134655,
      0.1715252846479416,
      0.019184013828635216
    ],
    "incident_id": [
      "atlasv2/h2-benign-seg033",
      "atlasv2/h2-benign-seg033",
      "atlasv2/h2-benign-seg033",
      "atlasv2/h2-benign-seg033",
      "atlasv2/h2-benign-seg033",
      "atlasv2/h2-benign-seg033",
      "atlasv2/h2-benign-seg033",
      "atlasv2/h2-benign-seg033",
      "atlasv2/h2-benign-seg033",
      "atlasv2/h2-benign-seg033",
      "atlasv2/h2-benign-seg033",
      "atlasv2/h2-benign-seg033",
      "atlasv2/h2-benign-seg033",
      "atlasv2/h2-benign-seg033",
      "atlasv2/h2-benign-seg033",
      "atlasv2/h2-benign-seg033",
      "atlasv2/h2-benign-seg033",
      "atlasv2/h2-benign-seg033",
      "atlasv2/h2-benign-seg033",
      "atlasv2/h2-benign-seg033",
      "atlasv2/h2-benign-seg033",
      "atlasv2/h2-benign-seg033",
      "atlasv2/h2-benign-seg033",
      "atlasv2/h2-benign-seg033",
      "atlasv2/h2-benign-seg033",
      "atlasv2/h2-benign-seg033",
      "atlasv2/h2-benign-seg033",
      "atlasv2/h2-benign-seg033",
      "atlasv2/h2-benign-seg033",
      "atlasv2/h2-benign-seg033",
      "atlasv2/h2-benign-seg033",
      "atlasv2/h2-benign-seg033",
      "atlasv2/h2-benign-seg034",
      "atlasv2/h2-benign-seg034",
      "atlasv2/h2-benign-seg034",
      "atlasv2/h2-benign-seg034",
      "atlasv2/h2-benign-seg034",
      "atlasv2/h2-benign-seg034",
      "atlasv2/h2-benign-seg034",
      "atlasv2/h2-benign-seg034",
      "atlasv2/h2-benign-seg034",
      "atlasv2/h2-benign-seg034",
      "atlasv2/h2-benign-seg034",
      "atlasv2/h2-benign-seg034",
      "atlasv2/h2-benign-seg034",
      "atlasv2/h1-benign-seg034",
      "atlasv2/h2-benign-seg034",
      "atlasv2/h1-benign-seg034",
      "atlasv2/h2-benign-seg034",
      "atlasv2/h1-benign-seg034",
      "atlasv2/h2-benign-seg034",
      "atlasv2/h1-benign-seg034",
      "atlasv2/h2-benign-seg034",
      "atlasv2/h1-benign-seg034",
      "atlasv2/h2-benign-seg035",
      "atlasv2/h2-benign-seg035",
      "atlasv2/h2-benign-seg035",
      "atlasv2/h2-benign-seg035",
      "atlasv2/h2-benign-seg035",
      "atlasv2/h2-benign-seg035",
      "atlasv2/h2-benign-seg035",
      "atlasv2/h2-benign-seg035",
      "atlasv2/h1-benign-seg035",
      "atlasv2/h2-benign-seg035",
      "atlasv2/h1-benign-seg035",
      "atlasv2/h2-benign-seg035",
      "atlasv2/h1-benign-seg035",
      "atlasv2/h2-benign-seg035",
      "atlasv2/h1-benign-seg035",
      "atlasv2/h2-benign-seg035",
      "atlasv2/h1-benign-seg035",
      "atlasv2/h2-benign-seg035",
      "atlasv2/h1-benign-seg035",
      "atlasv2/h1-s4",
      "atlasv2/h1-s4",
      "atlasv2/h1-s4",
      "atlasv2/h1-s4",
      "atlasv2/h1-s4",
      "atlasv2/h1-s4",
      "atlasv2/h1-s4",
      "atlasv2/h1-s4",
      "atlasv2/h1-s4",
      "atlasv2/h1-s4"
    ],