{
  "display_name": "LSTM-Forecaster",
  "base_experiment_name": "r018_lstm_forecaster_atlasv2_public_event_disjoint",
  "seed": 2584,
  "split": "test_event_disjoint",
  "metrics": {
    "AUPRC": 0.6952380952380952,
    "AUROC": 0.9567099567099566,
    "Brier": 0.05754510344972208,
    "LogLoss": 0.17812027257452048,
    "ECE@10": 0.05354596538671169,
    "BestF1": 0.6666666666666666,
    "LeadTime@P80": 12.5,
    "Precision@P80": 1.0,
    "Recall@P80": 0.3333333333333333,
    "LeadTimeDetail": {
      "threshold": 0.146536,
      "precision": 1.0,
      "recall": 0.3333333333333333,
      "lead_time": 12.5
    }
  },
  "threshold": 0.5,
  "policy_info": null,
  "predictions": {
    "y_true": [
      0,
      0,
      0,
      0,
      0,
      0,
      0,
      0,
      0,
      0,
      0,
      0,
      0,
      0,
      0,
      0,
      0,
      0,
      0,
      0,
      0,
      0,
      0,
      0,
      0,
      0,
      0,
      0,
      0,
      0,
      0,
      0,
      0,
      0,
      0,
      0,
      0,
      0,
      0,
      0,
      0,
      0,
      0,
      0,
      0,
      0,
      0,
      0,
      0,
      0,
      0,
      0,
      0,
      0,
      0,
      0,
      0,
      0,
      0,
      0,
      0,
      0,
      0,
      0,
      0,
      0,
      0,
      0,
      0,
      0,
      0,
      0,
      0,
      0,
      0,
      0,
      1,
      1,
      1,
      1,
      1,
      1,
      0
    ],
    "y_score": [
      3.950597601942718e-05,
      0.0001169531315099448,
      0.00044665992027148604,
      0.0004482021613512188,
      0.000664633815176785,
      0.0004708186024799943,
      0.00034679556847549975,
      0.00024835485965013504,
      0.00015183990763034672,
      0.00022609739971812814,
      0.0003115539439022541,
      0.0004482021613512188,
      0.000664633815176785,
      0.000664633815176785,
      0.000664633815176785,
      0.000664633815176785,
      0.000664633815176785,
      0.000664633815176785,
      0.000664633815176785,
      0.000664633815176785,
      0.000664633815176785,
      0.000664633815176785,
      0.000664633815176785,
      0.000664633815176785,
      0.000664633815176785,
      0.000664633815176785,
      0.000664633815176785,
      0.000664633815176785,
      0.000664633815176785,
      0.000664633815176785,
      0.000664633815176785,
      0.0013576484052464366,
      0.0033787505235522985,
      0.004131028428673744,
      0.004968047607690096,
      0.0013916045427322388,
      0.000540752022061497,
      0.0006108248489908874,
      0.000664633815176785,
      0.000664633815176785,
      0.000664633815176785,
      0.0013576484052464366,
      0.0015692044980823994,
      0.0017940097022801638,
      0.00182562496047467,
      0.09061816334724426,
      0.000664633815176785,
      0.048434145748615265,
      0.000664633815176785,
      0.048434145748615265,
      0.000664633815176785,
      0.048434145748615265,
      0.000664633815176785,
      0.048434145748615265,
      0.0007393407286144793,
      0.000664633815176785,
      0.000664633815176785,
      0.000664633815176785,
      0.0014208359643816948,
      0.0015516498824581504,
      0.0016969408607110381,
      0.0017828939016908407,
      0.09061816334724426,
      0.0007056630565784872,
      0.048434145748615265,
      0.0007393410778604448,
      0.048434145748615265,
      0.000664633815176785,
      0.048434145748615265,
      0.000664633815176785,
      0.048434145748615265,
      0.000664633815176785,
      0.048434145748615265,
      0.09061816334724426,
      0.048434145748615265,
      0.048434145748615265,
      0.048434145748615265,
      0.048434145748615265,
      0.0872853621840477,
      0.20271265506744385,
      0.15290381014347076,
      0.14653554558753967,
      0.007999406196177006
    ],
    "incident_id": [
      "atlasv2/h2-benign-seg033",
      "atlasv2/h2-benign-seg033",
      "atlasv2/h2-benign-seg033",
      "atlasv2/h2-benign-seg033",
      "atlasv2/h2-benign-seg033",
      "atlasv2/h2-benign-seg033",
      "atlasv2/h2-benign-seg033",
      "atlasv2/h2-benign-seg033",
      "atlasv2/h2-benign-seg033",
      "atlasv2/h2-benign-seg033",
      "atlasv2/h2-benign-seg033",
      "atlasv2/h2-benign-seg033",
      "atlasv2/h2-benign-seg033",
      "atlasv2/h2-benign-seg033",
      "atlasv2/h2-benign-seg033",
      "atlasv2/h2-benign-seg033",
      "atlasv2/h2-benign-seg033",
      "atlasv2/h2-benign-seg033",
      "atlasv2/h2-benign-seg033",
      "atlasv2/h2-benign-seg033",
      "atlasv2/h2-benign-seg033",
      "atlasv2/h2-benign-seg033",
      "atlasv2/h2-benign-seg033",
      "atlasv2/h2-benign-seg033",
      "atlasv2/h2-benign-seg033",
      "atlasv2/h2-benign-seg033",
      "atlasv2/h2-benign-seg033",
      "atlasv2/h2-benign-seg033",
      "atlasv2/h2-benign-seg033",
      "atlasv2/h2-benign-seg033",
      "atlasv2/h2-benign-seg033",
      "atlasv2/h2-benign-seg033",
      "atlasv2/h2-benign-seg034",
      "atlasv2/h2-benign-seg034",
      "atlasv2/h2-benign-seg034",
      "atlasv2/h2-benign-seg034",
      "atlasv2/h2-benign-seg034",
      "atlasv2/h2-benign-seg034",
      "atlasv2/h2-benign-seg034",
      "atlasv2/h2-benign-seg034",
      "atlasv2/h2-benign-seg034",
      "atlasv2/h2-benign-seg034",
      "atlasv2/h2-benign-seg034",
      "atlasv2/h2-benign-seg034",
      "atlasv2/h2-benign-seg034",
      "atlasv2/h1-benign-seg034",
      "atlasv2/h2-benign-seg034",
      "atlasv2/h1-benign-seg034",
      "atlasv2/h2-benign-seg034",
      "atlasv2/h1-benign-seg034",
      "atlasv2/h2-benign-seg034",
      "atlasv2/h1-benign-seg034",
      "atlasv2/h2-benign-seg034",
      "atlasv2/h1-benign-seg034",
      "atlasv2/h2-benign-seg035",
      "atlasv2/h2-benign-seg035",
      "atlasv2/h2-benign-seg035",
      "atlasv2/h2-benign-seg035",
      "atlasv2/h2-benign-seg035",
      "atlasv2/h2-benign-seg035",
      "atlasv2/h2-benign-seg035",
      "atlasv2/h2-benign-seg035",
      "atlasv2/h1-benign-seg035",
      "atlasv2/h2-benign-seg035",
      "atlasv2/h1-benign-seg035",
      "atlasv2/h2-benign-seg035",
      "atlasv2/h1-benign-seg035",
      "atlasv2/h2-benign-seg035",
      "atlasv2/h1-benign-seg035",
      "atlasv2/h2-benign-seg035",
      "atlasv2/h1-benign-seg035",
      "atlasv2/h2-benign-seg035",
      "atlasv2/h1-benign-seg035",
      "atlasv2/h1-s4",
      "atlasv2/h1-s4",
      "atlasv2/h1-s4",
      "atlasv2/h1-s4",
      "atlasv2/h1-s4",
      "atlasv2/h1-s4",
      "atlasv2/h1-s4",
      "atlasv2/h1-s4",
      "atlasv2/h1-s4",
      "atlasv2/h1-s4"
    ],