{
  "display_name": "LSTM-Forecaster",
  "base_experiment_name": "r018_lstm_forecaster_atlasv2_public_event_disjoint",
  "seed": 28657,
  "split": "test_event_disjoint",
  "metrics": {
    "AUPRC": 0.7666666666666666,
    "AUROC": 0.9632034632034632,
    "Brier": 0.05196550568408064,
    "LogLoss": 0.1595880320828871,
    "ECE@10": 0.05032147579352689,
    "BestF1": 0.8,
    "LeadTime@P80": 12.5,
    "Precision@P80": 1.0,
    "Recall@P80": 0.6666666666666666,
    "LeadTimeDetail": {
      "threshold": 0.087877,
      "precision": 1.0,
      "recall": 0.6666666666666666,
      "lead_time": 12.5
    }
  },
  "threshold": 0.2655569911003113,
  "policy_info": null,
  "predictions": {
    "y_true": [
      0,
      0,
      0,
      0,
      0,
      0,
      0,
      0,
      0,
      0,
      0,
      0,
      0,
      0,
      0,
      0,
      0,
      0,
      0,
      0,
      0,
      0,
      0,
      0,
      0,
      0,
      0,
      0,
      0,
      0,
      0,
      0,
      0,
      0,
      0,
      0,
      0,
      0,
      0,
      0,
      0,
      0,
      0,
      0,
      0,
      0,
      0,
      0,
      0,
      0,
      0,
      0,
      0,
      0,
      0,
      0,
      0,
      0,
      0,
      0,
      0,
      0,
      0,
      0,
      0,
      0,
      0,
      0,
      0,
      0,
      0,
      0,
      0,
      0,
      0,
      0,
      1,
      1,
      1,
      1,
      1,
      1,
      0
    ],
    "y_score": [
      1.6385860362788662e-05,
      3.5097644285997376e-05,
      0.00024804010172374547,
      0.00021340171224437654,
      0.0004132574249524623,
      0.00029534741770476103,
      0.00020953555940650403,
      0.00013583595864474773,
      8.778674964560196e-05,
      0.00011125561286462471,
      0.00014498467498924583,
      0.00021340171224437654,
      0.0004132574249524623,
      0.0004132574249524623,
      0.0004132574249524623,
      0.0004132574249524623,
      0.0004132574249524623,
      0.0004132574249524623,
      0.0004132574249524623,
      0.0004132574249524623,
      0.0004132574249524623,
      0.0004132574249524623,
      0.0004132574249524623,
      0.0004132574249524623,
      0.0004132574249524623,
      0.0004132574249524623,
      0.0004132574249524623,
      0.0004132574249524623,
      0.0004132574249524623,
      0.0004132574249524623,
      0.0004132574249524623,
      0.0017724843928590417,
      0.006760747171938419,
      0.005275704897940159,
      0.005499023944139481,
      0.0009625715902075171,
      0.0003251145244576037,
      0.00035877746995538473,
      0.0004132574249524623,
      0.0004132574249524623,
      0.0004132574249524623,
      0.0017724843928590417,
      0.0013724282616749406,
      0.0012882653390988708,
      0.0011071496410295367,
      0.08787666261196136,
      0.0004132574249524623,
      0.04694671556353569,
      0.0004132574249524623,
      0.04694671556353569,
      0.0004132574249524623,
      0.04694671556353569,
      0.0004132574249524623,
      0.04694671556353569,
      0.0005207177600823343,
      0.0004132574249524623,
      0.0004132574249524623,
      0.0004132574249524623,
      0.0016249477630481124,
      0.0013146582059562206,
      0.0019097941694781184,
      0.0015244322130456567,
      0.08787666261196136,
      0.0005309932166710496,
      0.04694671556353569,
      0.0005207175272516906,
      0.04694671556353569,
      0.0004132574249524623,
      0.04694671556353569,
      0.0004132574249524623,
      0.04694671556353569,
      0.0004132574249524623,
      0.04694671556353569,
      0.08787666261196136,
      0.04694671556353569,
      0.04694671556353569,
      0.04694671556353569,
      0.04694671556353569,
      0.13722389936447144,
      0.344995379447937,
      0.21732953190803528,
      0.18588410317897797,
      0.014157724566757679
    ],
    "incident_id": [
      "atlasv2/h2-benign-seg033",
      "atlasv2/h2-benign-seg033",
      "atlasv2/h2-benign-seg033",
      "atlasv2/h2-benign-seg033",
      "atlasv2/h2-benign-seg033",
      "atlasv2/h2-benign-seg033",
      "atlasv2/h2-benign-seg033",
      "atlasv2/h2-benign-seg033",
      "atlasv2/h2-benign-seg033",
      "atlasv2/h2-benign-seg033",
      "atlasv2/h2-benign-seg033",
      "atlasv2/h2-benign-seg033",
      "atlasv2/h2-benign-seg033",
      "atlasv2/h2-benign-seg033",
      "atlasv2/h2-benign-seg033",
      "atlasv2/h2-benign-seg033",
      "atlasv2/h2-benign-seg033",
      "atlasv2/h2-benign-seg033",
      "atlasv2/h2-benign-seg033",
      "atlasv2/h2-benign-seg033",
      "atlasv2/h2-benign-seg033",
      "atlasv2/h2-benign-seg033",
      "atlasv2/h2-benign-seg033",
      "atlasv2/h2-benign-seg033",
      "atlasv2/h2-benign-seg033",
      "atlasv2/h2-benign-seg033",
      "atlasv2/h2-benign-seg033",
      "atlasv2/h2-benign-seg033",
      "atlasv2/h2-benign-seg033",
      "atlasv2/h2-benign-seg033",
      "atlasv2/h2-benign-seg033",
      "atlasv2/h2-benign-seg033",
      "atlasv2/h2-benign-seg034",
      "atlasv2/h2-benign-seg034",
      "atlasv2/h2-benign-seg034",
      "atlasv2/h2-benign-seg034",
      "atlasv2/h2-benign-seg034",
      "atlasv2/h2-benign-seg034",
      "atlasv2/h2-benign-seg034",
      "atlasv2/h2-benign-seg034",
      "atlasv2/h2-benign-seg034",
      "atlasv2/h2-benign-seg034",
      "atlasv2/h2-benign-seg034",
      "atlasv2/h2-benign-seg034",
      "atlasv2/h2-benign-seg034",
      "atlasv2/h1-benign-seg034",
      "atlasv2/h2-benign-seg034",
      "atlasv2/h1-benign-seg034",
      "atlasv2/h2-benign-seg034",
      "atlasv2/h1-benign-seg034",
      "atlasv2/h2-benign-seg034",
      "atlasv2/h1-benign-seg034",
      "atlasv2/h2-benign-seg034",
      "atlasv2/h1-benign-seg034",
      "atlasv2/h2-benign-seg035",
      "atlasv2/h2-benign-seg035",
      "atlasv2/h2-benign-seg035",
      "atlasv2/h2-benign-seg035",
      "atlasv2/h2-benign-seg035",
      "atlasv2/h2-benign-seg035",
      "atlasv2/h2-benign-seg035",
      "atlasv2/h2-benign-seg035",
      "atlasv2/h1-benign-seg035",
      "atlasv2/h2-benign-seg035",
      "atlasv2/h1-benign-seg035",
      "atlasv2/h2-benign-seg035",
      "atlasv2/h1-benign-seg035",
      "atlasv2/h2-benign-seg035",
      "atlasv2/h1-benign-seg035",
      "atlasv2/h2-benign-seg035",
      "atlasv2/h1-benign-seg035",
      "atlasv2/h2-benign-seg035",
      "atlasv2/h1-benign-seg035",
      "atlasv2/h1-s4",
      "atlasv2/h1-s4",
      "atlasv2/h1-s4",
      "atlasv2/h1-s4",
      "atlasv2/h1-s4",
      "atlasv2/h1-s4",
      "atlasv2/h1-s4",
      "atlasv2/h1-s4",
      "atlasv2/h1-s4",
      "atlasv2/h1-s4"
    ],