{
  "display_name": "LSTM-Forecaster",
  "base_experiment_name": "r018_lstm_forecaster_atlasv2_public_event_disjoint",
  "seed": 10946,
  "metrics": {
    "AUPRC": 0.6952380952380952,
    "AUROC": 0.9567099567099566,
    "Brier": 0.058326084197816576,
    "LogLoss": 0.18193191769291972,
    "ECE@10": 0.05404142736917865,
    "BestF1": 0.6666666666666666,
    "LeadTime@P80": 12.5,
    "Precision@P80": 1.0,
    "Recall@P80": 0.3333333333333333,
    "LeadTimeDetail": {
      "threshold": 0.149758,
      "precision": 1.0,
      "recall": 0.3333333333333333,
      "lead_time": 12.5
    }
  },
  "threshold": 0.2113579958677292,
  "policy_info": null,
  "predictions": {
    "y_true": [
      0,
      0,
      0,
      0,
      0,
      0,
      0,
      0,
      0,
      0,
      0,
      0,
      0,
      0,
      0,
      0,
      0,
      0,
      0,
      0,
      0,
      0,
      0,
      0,
      0,
      0,
      0,
      0,
      0,
      0,
      0,
      0,
      0,
      0,
      0,
      0,
      0,
      0,
      0,
      0,
      0,
      0,
      0,
      0,
      0,
      0,
      0,
      0,
      0,
      0,
      0,
      0,
      0,
      0,
      0,
      0,
      0,
      0,
      0,
      0,
      0,
      0,
      0,
      0,
      0,
      0,
      0,
      0,
      0,
      0,
      0,
      0,
      0,
      0,
      0,
      0,
      1,
      1,
      1,
      1,
      1,
      1,
      0
    ],
    "y_score": [
      3.201638537575491e-05,
      9.218470950145274e-05,
      0.0004109768196940422,
      0.0004063165979459882,
      0.0005761517095379531,
      0.00040342501597478986,
      0.00030779323424212635,
      0.00023158990370575339,
      0.0001478462218074128,
      0.00022736853861715645,
      0.00030090767540968955,
      0.0004063165979459882,
      0.0005761517095379531,
      0.0005761517095379531,
      0.0005761517095379531,
      0.0005761517095379531,
      0.0005761517095379531,
      0.0005761517095379531,
      0.0005761517095379531,
      0.0005761517095379531,
      0.0005761517095379531,
      0.0005761517095379531,
      0.0005761517095379531,
      0.0005761517095379531,
      0.0005761517095379531,
      0.0005761517095379531,
      0.0005761517095379531,
      0.0005761517095379531,
      0.0005761517095379531,
      0.0005761517095379531,
      0.0005761517095379531,
      0.001322180381976068,
      0.004249803721904755,
      0.005000132601708174,
      0.005775304511189461,
      0.0016006648074835539,
      0.0005041638505645096,
      0.0005459415260702372,
      0.0005761517095379531,
      0.0005761517095379531,
      0.0005761517095379531,
      0.001322180381976068,
      0.0017538161482661963,
      0.00199867389164865,
      0.0019270528573542833,
      0.09812547266483307,
      0.0005761517095379531,
      0.046218276023864746,
      0.0005761517095379531,
      0.046218276023864746,
      0.0005761517095379531,
      0.046218276023864746,
      0.0005761517095379531,
      0.046218276023864746,
      0.0006798736285418272,
      0.0005761517095379531,
      0.0005761517095379531,
      0.0005761517095379531,
      0.0013349843211472034,
      0.0016893307911232114,
      0.0018387360032647848,
      0.0019768490456044674,
      0.09812547266483307,
      0.0006607030518352985,
      0.046218276023864746,
      0.0006798736285418272,
      0.046218276023864746,
      0.0005761517095379531,
      0.046218276023864746,
      0.0005761517095379531,
      0.046218276023864746,
      0.0005761517095379531,
      0.046218276023864746,
      0.09812547266483307,
      0.046218276023864746,
      0.046218276023864746,
      0.046218276023864746,
      0.046218276023864746,
      0.07961003482341766,
      0.18087927997112274,
      0.14975842833518982,
      0.14668568968772888,
      0.005574075970798731
    ],
    "incident_id": [
      "atlasv2/h2-benign-seg033",
      "atlasv2/h2-benign-seg033",
      "atlasv2/h2-benign-seg033",
      "atlasv2/h2-benign-seg033",
      "atlasv2/h2-benign-seg033",
      "atlasv2/h2-benign-seg033",
      "atlasv2/h2-benign-seg033",
      "atlasv2/h2-benign-seg033",
      "atlasv2/h2-benign-seg033",
      "atlasv2/h2-benign-seg033",
      "atlasv2/h2-benign-seg033",
      "atlasv2/h2-benign-seg033",
      "atlasv2/h2-benign-seg033",
      "atlasv2/h2-benign-seg033",
      "atlasv2/h2-benign-seg033",
      "atlasv2/h2-benign-seg033",
      "atlasv2/h2-benign-seg033",
      "atlasv2/h2-benign-seg033",
      "atlasv2/h2-benign-seg033",
      "atlasv2/h2-benign-seg033",
      "atlasv2/h2-benign-seg033",
      "atlasv2/h2-benign-seg033",
      "atlasv2/h2-benign-seg033",
      "atlasv2/h2-benign-seg033",
      "atlasv2/h2-benign-seg033",
      "atlasv2/h2-benign-seg033",
      "atlasv2/h2-benign-seg033",
      "atlasv2/h2-benign-seg033",
      "atlasv2/h2-benign-seg033",
      "atlasv2/h2-benign-seg033",
      "atlasv2/h2-benign-seg033",
      "atlasv2/h2-benign-seg033",
      "atlasv2/h2-benign-seg034",
      "atlasv2/h2-benign-seg034",
      "atlasv2/h2-benign-seg034",
      "atlasv2/h2-benign-seg034",
      "atlasv2/h2-benign-seg034",
      "atlasv2/h2-benign-seg034",
      "atlasv2/h2-benign-seg034",
      "atlasv2/h2-benign-seg034",
      "atlasv2/h2-benign-seg034",
      "atlasv2/h2-benign-seg034",
      "atlasv2/h2-benign-seg034",
      "atlasv2/h2-benign-seg034",
      "atlasv2/h2-benign-seg034",
      "atlasv2/h1-benign-seg034",
      "atlasv2/h2-benign-seg034",
      "atlasv2/h1-benign-seg034",
      "atlasv2/h2-benign-seg034",
      "atlasv2/h1-benign-seg034",
      "atlasv2/h2-benign-seg034",
      "atlasv2/h1-benign-seg034",
      "atlasv2/h2-benign-seg034",
      "atlasv2/h1-benign-seg034",
      "atlasv2/h2-benign-seg035",
      "atlasv2/h2-benign-seg035",
      "atlasv2/h2-benign-seg035",
      "atlasv2/h2-benign-seg035",
      "atlasv2/h2-benign-seg035",
      "atlasv2/h2-benign-seg035",
      "atlasv2/h2-benign-seg035",
      "atlasv2/h2-benign-seg035",
      "atlasv2/h1-benign-seg035",
      "atlasv2/h2-benign-seg035",
      "atlasv2/h1-benign-seg035",
      "atlasv2/h2-benign-seg035",
      "atlasv2/h1-benign-seg035",
      "atlasv2/h2-benign-seg035",
      "atlasv2/h1-benign-seg035",
      "atlasv2/h2-benign-seg035",
      "atlasv2/h1-benign-seg035",
      "atlasv2/h2-benign-seg035",
      "atlasv2/h1-benign-seg035",
      "atlasv2/h1-s4",
      "atlasv2/h1-s4",
      "atlasv2/h1-s4",
      "atlasv2/h1-s4",
      "atlasv2/h1-s4",
      "atlasv2/h1-s4",
      "atlasv2/h1-s4",
      "atlasv2/h1-s4",
      "atlasv2/h1-s4",
      "atlasv2/h1-s4"
    ],