{
  "display_name": "LSTM-Forecaster",
  "base_experiment_name": "r018_lstm_forecaster_atlasv2_public_event_disjoint",
  "seed": 1597,
  "split": "test_event_disjoint",
  "metrics": {
    "AUPRC": 0.7666666666666666,
    "AUROC": 0.9632034632034632,
    "Brier": 0.05180084345675725,
    "LogLoss": 0.16241618166328783,
    "ECE@10": 0.05133979511662023,
    "BestF1": 0.8,
    "LeadTime@P80": 10.0,
    "Precision@P80": 1.0,
    "Recall@P80": 0.5,
    "LeadTimeDetail": {
      "threshold": 0.207464,
      "precision": 1.0,
      "recall": 0.5,
      "lead_time": 10.0
    }
  },
  "threshold": 0.5,
  "policy_info": null,
  "predictions": {
    "y_true": [
      0,
      0,
      0,
      0,
      0,
      0,
      0,
      0,
      0,
      0,
      0,
      0,
      0,
      0,
      0,
      0,
      0,
      0,
      0,
      0,
      0,
      0,
      0,
      0,
      0,
      0,
      0,
      0,
      0,
      0,
      0,
      0,
      0,
      0,
      0,
      0,
      0,
      0,
      0,
      0,
      0,
      0,
      0,
      0,
      0,
      0,
      0,
      0,
      0,
      0,
      0,
      0,
      0,
      0,
      0,
      0,
      0,
      0,
      0,
      0,
      0,
      0,
      0,
      0,
      0,
      0,
      0,
      0,
      0,
      0,
      0,
      0,
      0,
      0,
      0,
      0,
      1,
      1,
      1,
      1,
      1,
      1,
      0
    ],
    "y_score": [
      1.627752135391347e-05,
      3.933185507776216e-05,
      0.00019551432342268527,
      0.00018225588428322226,
      0.0002480453404132277,
      0.00018689442367758602,
      0.00014607860066462308,
      0.00010960699728457257,
      8.117645484162495e-05,
      0.00010838741582119837,
      0.0001374434505123645,
      0.00018225588428322226,
      0.0002480453404132277,
      0.0002480453404132277,
      0.0002480453404132277,
      0.0002480453404132277,
      0.0002480453404132277,
      0.0002480453404132277,
      0.0002480453404132277,
      0.0002480453404132277,
      0.0002480453404132277,
      0.0002480453404132277,
      0.0002480453404132277,
      0.0002480453404132277,
      0.0002480453404132277,
      0.0002480453404132277,
      0.0002480453404132277,
      0.0002480453404132277,
      0.0002480453404132277,
      0.0002480453404132277,
      0.0002480453404132277,
      0.0013900547055527568,
      0.0077718389220535755,
      0.006666799075901508,
      0.006738265044987202,
      0.0009536934667266905,
      0.00024287875567097217,
      0.00024623944773338735,
      0.0002480453404132277,
      0.0002480453404132277,
      0.0002480453404132277,
      0.0013900547055527568,
      0.0011743645882233977,
      0.0011943738209083676,
      0.0010323943570256233,
      0.09165817499160767,
      0.0002480453404132277,
      0.03804227337241173,
      0.0002480453404132277,
      0.03804227337241173,
      0.0002480453404132277,
      0.03804227337241173,
      0.0002480453404132277,
      0.03804227337241173,
      0.0003653414314612746,
      0.0002480453404132277,
      0.0002480453404132277,
      0.0002480453404132277,
      0.0012830286286771297,
      0.0010530415456742048,
      0.0016279971459880471,
      0.0013510017888620496,
      0.09165817499160767,
      0.00036754366010427475,
      0.03804227337241173,
      0.0003653414314612746,
      0.03804227337241173,
      0.0002480453404132277,
      0.03804227337241173,
      0.0002480453404132277,
      0.03804227337241173,
      0.0002480453404132277,
      0.03804227337241173,
      0.09165817499160767,
      0.03804227337241173,
      0.03804227337241173,
      0.03804227337241173,
      0.03804227337241173,
      0.12482898682355881,
      0.35650140047073364,
      0.22590090334415436,
      0.20746438205242157,
      0.009792282246053219
    ],
    "incident_id": [
      "atlasv2/h2-benign-seg033",
      "atlasv2/h2-benign-seg033",
      "atlasv2/h2-benign-seg033",
      "atlasv2/h2-benign-seg033",
      "atlasv2/h2-benign-seg033",
      "atlasv2/h2-benign-seg033",
      "atlasv2/h2-benign-seg033",
      "atlasv2/h2-benign-seg033",
      "atlasv2/h2-benign-seg033",
      "atlasv2/h2-benign-seg033",
      "atlasv2/h2-benign-seg033",
      "atlasv2/h2-benign-seg033",
      "atlasv2/h2-benign-seg033",
      "atlasv2/h2-benign-seg033",
      "atlasv2/h2-benign-seg033",
      "atlasv2/h2-benign-seg033",
      "atlasv2/h2-benign-seg033",
      "atlasv2/h2-benign-seg033",
      "atlasv2/h2-benign-seg033",
      "atlasv2/h2-benign-seg033",
      "atlasv2/h2-benign-seg033",
      "atlasv2/h2-benign-seg033",
      "atlasv2/h2-benign-seg033",
      "atlasv2/h2-benign-seg033",
      "atlasv2/h2-benign-seg033",
      "atlasv2/h2-benign-seg033",
      "atlasv2/h2-benign-seg033",
      "atlasv2/h2-benign-seg033",
      "atlasv2/h2-benign-seg033",
      "atlasv2/h2-benign-seg033",
      "atlasv2/h2-benign-seg033",
      "atlasv2/h2-benign-seg033",
      "atlasv2/h2-benign-seg034",
      "atlasv2/h2-benign-seg034",
      "atlasv2/h2-benign-seg034",
      "atlasv2/h2-benign-seg034",
      "atlasv2/h2-benign-seg034",
      "atlasv2/h2-benign-seg034",
      "atlasv2/h2-benign-seg034",
      "atlasv2/h2-benign-seg034",
      "atlasv2/h2-benign-seg034",
      "atlasv2/h2-benign-seg034",
      "atlasv2/h2-benign-seg034",
      "atlasv2/h2-benign-seg034",
      "atlasv2/h2-benign-seg034",
      "atlasv2/h1-benign-seg034",
      "atlasv2/h2-benign-seg034",
      "atlasv2/h1-benign-seg034",
      "atlasv2/h2-benign-seg034",
      "atlasv2/h1-benign-seg034",
      "atlasv2/h2-benign-seg034",
      "atlasv2/h1-benign-seg034",
      "atlasv2/h2-benign-seg034",
      "atlasv2/h1-benign-seg034",
      "atlasv2/h2-benign-seg035",
      "atlasv2/h2-benign-seg035",
      "atlasv2/h2-benign-seg035",
      "atlasv2/h2-benign-seg035",
      "atlasv2/h2-benign-seg035",
      "atlasv2/h2-benign-seg035",
      "atlasv2/h2-benign-seg035",
      "atlasv2/h2-benign-seg035",
      "atlasv2/h1-benign-seg035",
      "atlasv2/h2-benign-seg035",
      "atlasv2/h1-benign-seg035",
      "atlasv2/h2-benign-seg035",
      "atlasv2/h1-benign-seg035",
      "atlasv2/h2-benign-seg035",
      "atlasv2/h1-benign-seg035",
      "atlasv2/h2-benign-seg035",
      "atlasv2/h1-benign-seg035",
      "atlasv2/h2-benign-seg035",
      "atlasv2/h1-benign-seg035",
      "atlasv2/h1-s4",
      "atlasv2/h1-s4",
      "atlasv2/h1-s4",
      "atlasv2/h1-s4",
      "atlasv2/h1-s4",
      "atlasv2/h1-s4",
      "atlasv2/h1-s4",
      "atlasv2/h1-s4",
      "atlasv2/h1-s4",
      "atlasv2/h1-s4"
    ],