{
  "display_name": "LSTM-Forecaster",
  "base_experiment_name": "r018_lstm_forecaster_atlasv2_public_event_disjoint",
  "seed": 144,
  "split": "test_event_disjoint",
  "metrics": {
    "AUPRC": 0.6952380952380952,
    "AUROC": 0.948051948051948,
    "Brier": 0.05068887084400687,
    "LogLoss": 0.1594627905405613,
    "ECE@10": 0.04400888006258981,
    "BestF1": 0.6666666666666666,
    "LeadTime@P80": 10.0,
    "Precision@P80": 1.0,
    "Recall@P80": 0.5,
    "LeadTimeDetail": {
      "threshold": 0.277937,
      "precision": 1.0,
      "recall": 0.5,
      "lead_time": 10.0
    }
  },
  "threshold": 0.5,
  "policy_info": null,
  "predictions": {
    "y_true": [
      0,
      0,
      0,
      0,
      0,
      0,
      0,
      0,
      0,
      0,
      0,
      0,
      0,
      0,
      0,
      0,
      0,
      0,
      0,
      0,
      0,
      0,
      0,
      0,
      0,
      0,
      0,
      0,
      0,
      0,
      0,
      0,
      0,
      0,
      0,
      0,
      0,
      0,
      0,
      0,
      0,
      0,
      0,
      0,
      0,
      0,
      0,
      0,
      0,
      0,
      0,
      0,
      0,
      0,
      0,
      0,
      0,
      0,
      0,
      0,
      0,
      0,
      0,
      0,
      0,
      0,
      0,
      0,
      0,
      0,
      0,
      0,
      0,
      0,
      0,
      0,
      1,
      1,
      1,
      1,
      1,
      1,
      0
    ],
    "y_score": [
      0.0005053953500464559,
      0.001093783532269299,
      0.002112041227519512,
      0.002158127259463072,
      0.002458075061440468,
      0.0017730463296175003,
      0.0015222708461806178,
      0.0013673172798007727,
      0.0012201123172417283,
      0.0017218918073922396,
      0.001968138851225376,
      0.002158127259463072,
      0.002458075061440468,
      0.002458075061440468,
      0.002458075061440468,
      0.002458075061440468,
      0.002458075061440468,
      0.002458075061440468,
      0.002458075061440468,
      0.002458075061440468,
      0.002458075061440468,
      0.002458075061440468,
      0.002458075061440468,
      0.002458075061440468,
      0.002458075061440468,
      0.002458075061440468,
      0.002458075061440468,
      0.002458075061440468,
      0.002458075061440468,
      0.002458075061440468,
      0.002458075061440468,
      0.006383186671882868,
      0.02902654930949211,
      0.03748849406838417,
      0.04385414347052574,
      0.007776252459734678,
      0.0021738933864980936,
      0.002298893639817834,
      0.002458075061440468,
      0.002458075061440468,
      0.002458075061440468,
      0.006383186671882868,
      0.007380915805697441,
      0.008334032259881496,
      0.008418102748692036,
      0.12405172735452652,
      0.002458075061440468,
      0.05235905200242996,
      0.002458075061440468,
      0.05235905200242996,
      0.002458075061440468,
      0.05235905200242996,
      0.002458075061440468,
      0.05235905200242996,
      0.0027578386943787336,
      0.002458075061440468,
      0.002458075061440468,
      0.002458075061440468,
      0.006225591991096735,
      0.007128437981009483,
      0.009303062222898006,
      0.009590990841388702,
      0.12405172735452652,
      0.002821277594193816,
      0.05235904082655907,
      0.0027578386943787336,
      0.05235904082655907,
      0.002458075061440468,
      0.05235904082655907,
      0.002458075061440468,
      0.05235904082655907,
      0.002458075061440468,
      0.05235904082655907,
      0.12405172735452652,
      0.05235904082655907,
      0.05235904082655907,
      0.05235904082655907,
      0.05235904082655907,
      0.10332692414522171,
      0.2904415428638458,
      0.27793729305267334,
      0.2929374575614929,
      0.030977562069892883
    ],
    "incident_id": [
      "atlasv2/h2-benign-seg033",
      "atlasv2/h2-benign-seg033",
      "atlasv2/h2-benign-seg033",
      "atlasv2/h2-benign-seg033",
      "atlasv2/h2-benign-seg033",
      "atlasv2/h2-benign-seg033",
      "atlasv2/h2-benign-seg033",
      "atlasv2/h2-benign-seg033",
      "atlasv2/h2-benign-seg033",
      "atlasv2/h2-benign-seg033",
      "atlasv2/h2-benign-seg033",
      "atlasv2/h2-benign-seg033",
      "atlasv2/h2-benign-seg033",
      "atlasv2/h2-benign-seg033",
      "atlasv2/h2-benign-seg033",
      "atlasv2/h2-benign-seg033",
      "atlasv2/h2-benign-seg033",
      "atlasv2/h2-benign-seg033",
      "atlasv2/h2-benign-seg033",
      "atlasv2/h2-benign-seg033",
      "atlasv2/h2-benign-seg033",
      "atlasv2/h2-benign-seg033",
      "atlasv2/h2-benign-seg033",
      "atlasv2/h2-benign-seg033",
      "atlasv2/h2-benign-seg033",
      "atlasv2/h2-benign-seg033",
      "atlasv2/h2-benign-seg033",
      "atlasv2/h2-benign-seg033",
      "atlasv2/h2-benign-seg033",
      "atlasv2/h2-benign-seg033",
      "atlasv2/h2-benign-seg033",
      "atlasv2/h2-benign-seg033",
      "atlasv2/h2-benign-seg034",
      "atlasv2/h2-benign-seg034",
      "atlasv2/h2-benign-seg034",
      "atlasv2/h2-benign-seg034",
      "atlasv2/h2-benign-seg034",
      "atlasv2/h2-benign-seg034",
      "atlasv2/h2-benign-seg034",
      "atlasv2/h2-benign-seg034",
      "atlasv2/h2-benign-seg034",
      "atlasv2/h2-benign-seg034",
      "atlasv2/h2-benign-seg034",
      "atlasv2/h2-benign-seg034",
      "atlasv2/h2-benign-seg034",
      "atlasv2/h1-benign-seg034",
      "atlasv2/h2-benign-seg034",
      "atlasv2/h1-benign-seg034",
      "atlasv2/h2-benign-seg034",
      "atlasv2/h1-benign-seg034",
      "atlasv2/h2-benign-seg034",
      "atlasv2/h1-benign-seg034",
      "atlasv2/h2-benign-seg034",
      "atlasv2/h1-benign-seg034",
      "atlasv2/h2-benign-seg035",
      "atlasv2/h2-benign-seg035",
      "atlasv2/h2-benign-seg035",
      "atlasv2/h2-benign-seg035",
      "atlasv2/h2-benign-seg035",
      "atlasv2/h2-benign-seg035",
      "atlasv2/h2-benign-seg035",
      "atlasv2/h2-benign-seg035",
      "atlasv2/h1-benign-seg035",
      "atlasv2/h2-benign-seg035",
      "atlasv2/h1-benign-seg035",
      "atlasv2/h2-benign-seg035",
      "atlasv2/h1-benign-seg035",
      "atlasv2/h2-benign-seg035",
      "atlasv2/h1-benign-seg035",
      "atlasv2/h2-benign-seg035",
      "atlasv2/h1-benign-seg035",
      "atlasv2/h2-benign-seg035",
      "atlasv2/h1-benign-seg035",
      "atlasv2/h1-s4",
      "atlasv2/h1-s4",
      "atlasv2/h1-s4",
      "atlasv2/h1-s4",
      "atlasv2/h1-s4",
      "atlasv2/h1-s4",
      "atlasv2/h1-s4",
      "atlasv2/h1-s4",
      "atlasv2/h1-s4",
      "atlasv2/h1-s4"
    ],