{
  "display_name": "LSTM-Forecaster",
  "base_experiment_name": "r018_lstm_forecaster_atlasv2_public_event_disjoint",
  "seed": 377,
  "split": "test_event_disjoint",
  "metrics": {
    "AUPRC": 0.7666666666666666,
    "AUROC": 0.9545454545454546,
    "Brier": 0.05600159456875408,
    "LogLoss": 0.17393904652135278,
    "ECE@10": 0.05342873326775676,
    "BestF1": 0.8,
    "LeadTime@P80": 12.5,
    "Precision@P80": 1.0,
    "Recall@P80": 0.6666666666666666,
    "LeadTimeDetail": {
      "threshold": 0.09618,
      "precision": 1.0,
      "recall": 0.6666666666666666,
      "lead_time": 12.5
    }
  },
  "threshold": 0.2577280104160309,
  "policy_info": null,
  "predictions": {
    "y_true": [
      0,
      0,
      0,
      0,
      0,
      0,
      0,
      0,
      0,
      0,
      0,
      0,
      0,
      0,
      0,
      0,
      0,
      0,
      0,
      0,
      0,
      0,
      0,
      0,
      0,
      0,
      0,
      0,
      0,
      0,
      0,
      0,
      0,
      0,
      0,
      0,
      0,
      0,
      0,
      0,
      0,
      0,
      0,
      0,
      0,
      0,
      0,
      0,
      0,
      0,
      0,
      0,
      0,
      0,
      0,
      0,
      0,
      0,
      0,
      0,
      0,
      0,
      0,
      0,
      0,
      0,
      0,
      0,
      0,
      0,
      0,
      0,
      0,
      0,
      0,
      0,
      1,
      1,
      1,
      1,
      1,
      1,
      0
    ],
    "y_score": [
      1.2850873645220418e-05,
      3.248698340030387e-05,
      0.00021654425654560328,
      0.00020270729146432132,
      0.00032348334207199514,
      0.00022994914615992457,
      0.00016489444533362985,
      0.0001107136340579018,
      6.924837362021208e-05,
      9.797012171475217e-05,
      0.00013519823551177979,
      0.00020270729146432132,
      0.00032348334207199514,
      0.00032348334207199514,
      0.00032348334207199514,
      0.00032348334207199514,
      0.00032348334207199514,
      0.00032348334207199514,
      0.00032348334207199514,
      0.00032348334207199514,
      0.00032348334207199514,
      0.00032348334207199514,
      0.00032348334207199514,
      0.00032348334207199514,
      0.00032348334207199514,
      0.00032348334207199514,
      0.00032348334207199514,
      0.00032348334207199514,
      0.00032348334207199514,
      0.00032348334207199514,
      0.00032348334207199514,
      0.0012124208733439445,
      0.0036986293271183968,
      0.003243196988478303,
      0.0038145824801176786,
      0.0010492271976545453,
      0.0002762066142167896,
      0.0003006716724485159,
      0.00032348334207199514,
      0.00032348334207199514,
      0.00032348334207199514,
      0.0012124208733439445,
      0.0012705607805401087,
      0.0013928415719419718,
      0.0012872325023636222,
      0.09617964178323746,
      0.00032348334207199514,
      0.042107097804546356,
      0.00032348334207199514,
      0.042107097804546356,
      0.00032348334207199514,
      0.042107097804546356,
      0.00032348334207199514,
      0.042107097804546356,
      0.00043064801138825715,
      0.00032348334207199514,
      0.00032348334207199514,
      0.00032348334207199514,
      0.001158395316451788,
      0.001203313353471458,
      0.0018573312554508448,
      0.00162877154070884,
      0.09617964178323746,
      0.00043598224874585867,
      0.04210709407925606,
      0.00043064801138825715,
      0.04210709407925606,
      0.00032348334207199514,
      0.04210709407925606,
      0.00032348334207199514,
      0.04210709407925606,
      0.00032348334207199514,
      0.04210709407925606,
      0.09617964178323746,
      0.04210709407925606,
      0.04210709407925606,
      0.04210709407925606,
      0.04210709407925606,
      0.10946061462163925,
      0.257976233959198,
      0.16843636333942413,
      0.14534412324428558,
      0.010213338769972324
    ],
    "incident_id": [
      "atlasv2/h2-benign-seg033",
      "atlasv2/h2-benign-seg033",
      "atlasv2/h2-benign-seg033",
      "atlasv2/h2-benign-seg033",
      "atlasv2/h2-benign-seg033",
      "atlasv2/h2-benign-seg033",
      "atlasv2/h2-benign-seg033",
      "atlasv2/h2-benign-seg033",
      "atlasv2/h2-benign-seg033",
      "atlasv2/h2-benign-seg033",
      "atlasv2/h2-benign-seg033",
      "atlasv2/h2-benign-seg033",
      "atlasv2/h2-benign-seg033",
      "atlasv2/h2-benign-seg033",
      "atlasv2/h2-benign-seg033",
      "atlasv2/h2-benign-seg033",
      "atlasv2/h2-benign-seg033",
      "atlasv2/h2-benign-seg033",
      "atlasv2/h2-benign-seg033",
      "atlasv2/h2-benign-seg033",
      "atlasv2/h2-benign-seg033",
      "atlasv2/h2-benign-seg033",
      "atlasv2/h2-benign-seg033",
      "atlasv2/h2-benign-seg033",
      "atlasv2/h2-benign-seg033",
      "atlasv2/h2-benign-seg033",
      "atlasv2/h2-benign-seg033",
      "atlasv2/h2-benign-seg033",
      "atlasv2/h2-benign-seg033",
      "atlasv2/h2-benign-seg033",
      "atlasv2/h2-benign-seg033",
      "atlasv2/h2-benign-seg033",
      "atlasv2/h2-benign-seg034",
      "atlasv2/h2-benign-seg034",
      "atlasv2/h2-benign-seg034",
      "atlasv2/h2-benign-seg034",
      "atlasv2/h2-benign-seg034",
      "atlasv2/h2-benign-seg034",
      "atlasv2/h2-benign-seg034",
      "atlasv2/h2-benign-seg034",
      "atlasv2/h2-benign-seg034",
      "atlasv2/h2-benign-seg034",
      "atlasv2/h2-benign-seg034",
      "atlasv2/h2-benign-seg034",
      "atlasv2/h2-benign-seg034",
      "atlasv2/h1-benign-seg034",
      "atlasv2/h2-benign-seg034",
      "atlasv2/h1-benign-seg034",
      "atlasv2/h2-benign-seg034",
      "atlasv2/h1-benign-seg034",
      "atlasv2/h2-benign-seg034",
      "atlasv2/h1-benign-seg034",
      "atlasv2/h2-benign-seg034",
      "atlasv2/h1-benign-seg034",
      "atlasv2/h2-benign-seg035",
      "atlasv2/h2-benign-seg035",
      "atlasv2/h2-benign-seg035",
      "atlasv2/h2-benign-seg035",
      "atlasv2/h2-benign-seg035",
      "atlasv2/h2-benign-seg035",
      "atlasv2/h2-benign-seg035",
      "atlasv2/h2-benign-seg035",
      "atlasv2/h1-benign-seg035",
      "atlasv2/h2-benign-seg035",
      "atlasv2/h1-benign-seg035",
      "atlasv2/h2-benign-seg035",
      "atlasv2/h1-benign-seg035",
      "atlasv2/h2-benign-seg035",
      "atlasv2/h1-benign-seg035",
      "atlasv2/h2-benign-seg035",
      "atlasv2/h1-benign-seg035",
      "atlasv2/h2-benign-seg035",
      "atlasv2/h1-benign-seg035",
      "atlasv2/h1-s4",
      "atlasv2/h1-s4",
      "atlasv2/h1-s4",
      "atlasv2/h1-s4",
      "atlasv2/h1-s4",
      "atlasv2/h1-s4",
      "atlasv2/h1-s4",
      "atlasv2/h1-s4",
      "atlasv2/h1-s4",
      "atlasv2/h1-s4"
    ],