{
  "display_name": "LSTM-Forecaster",
  "base_experiment_name": "r018_lstm_forecaster_atlasv2_public_event_disjoint",
  "seed": 75025,
  "split": "test_event_disjoint",
  "metrics": {
    "AUPRC": 0.7666666666666666,
    "AUROC": 0.9632034632034632,
    "Brier": 0.051067892531820404,
    "LogLoss": 0.15474032889166964,
    "ECE@10": 0.046241442693903394,
    "BestF1": 0.8,
    "LeadTime@P80": 12.5,
    "Precision@P80": 1.0,
    "Recall@P80": 0.6666666666666666,
    "LeadTimeDetail": {
      "threshold": 0.147993,
      "precision": 1.0,
      "recall": 0.6666666666666666,
      "lead_time": 12.5
    }
  },
  "threshold": 0.24971599876880646,
  "policy_info": null,
  "predictions": {
    "y_true": [
      0,
      0,
      0,
      0,
      0,
      0,
      0,
      0,
      0,
      0,
      0,
      0,
      0,
      0,
      0,
      0,
      0,
      0,
      0,
      0,
      0,
      0,
      0,
      0,
      0,
      0,
      0,
      0,
      0,
      0,
      0,
      0,
      0,
      0,
      0,
      0,
      0,
      0,
      0,
      0,
      0,
      0,
      0,
      0,
      0,
      0,
      0,
      0,
      0,
      0,
      0,
      0,
      0,
      0,
      0,
      0,
      0,
      0,
      0,
      0,
      0,
      0,
      0,
      0,
      0,
      0,
      0,
      0,
      0,
      0,
      0,
      0,
      0,
      0,
      0,
      0,
      1,
      1,
      1,
      1,
      1,
      1,
      0
    ],
    "y_score": [
      5.0880222261184826e-05,
      0.00010751644731499255,
      0.0005820275982841849,
      0.0005383544485084713,
      0.0008539085392840207,
      0.0006981469341553748,
      0.0005433580372482538,
      0.00038474478060379624,
      0.00024389932514168322,
      0.0002969502820633352,
      0.00037730360054410994,
      0.0005383544485084713,
      0.0008539085392840207,
      0.0008539085392840207,
      0.0008539085392840207,
      0.0008539085392840207,
      0.0008539085392840207,
      0.0008539085392840207,
      0.0008539085392840207,
      0.0008539085392840207,
      0.0008539085392840207,
      0.0008539085392840207,
      0.0008539085392840207,
      0.0008539085392840207,
      0.0008539085392840207,
      0.0008539085392840207,
      0.0008539085392840207,
      0.0008539085392840207,
      0.0008539085392840207,
      0.0008539085392840207,
      0.0008539085392840207,
      0.0025469274260103703,
      0.009093892760574818,
      0.007519049104303122,
      0.007712302729487419,
      0.0019391184905543923,
      0.000719671428669244,
      0.0007917763432487845,
      0.0008539085392840207,
      0.0008539085392840207,
      0.0008539085392840207,
      0.0025469274260103703,
      0.002463455544784665,
      0.0025407858192920685,
      0.002383309416472912,
      0.11402780562639236,
      0.0008539085392840207,
      0.06118088588118553,
      0.0008539085392840207,
      0.06118088588118553,
      0.0008539085392840207,
      0.06118088588118553,
      0.0008539085392840207,
      0.06118088588118553,
      0.001090752542950213,
      0.0008539085392840207,
      0.0008539085392840207,
      0.0008539085392840207,
      0.0024141643662005663,
      0.0023148839827626944,
      0.0031315891537815332,
      0.0028205050621181726,
      0.11402780562639236,
      0.0010775087866932154,
      0.06118088588118553,
      0.001090752542950213,
      0.06118088588118553,
      0.0008539085392840207,
      0.06118088588118553,
      0.0008539085392840207,
      0.06118088588118553,
      0.0008539085392840207,
      0.06118088588118553,
      0.11402780562639236,
      0.06118088588118553,
      0.06118088588118553,
      0.06118088588118553,
      0.06118088588118553,
      0.14799334108829498,
      0.36145055294036865,
      0.22242575883865356,
      0.18953897058963776,
      0.01637880876660347
    ],
    "incident_id": [
      "atlasv2/h2-benign-seg033",
      "atlasv2/h2-benign-seg033",
      "atlasv2/h2-benign-seg033",
      "atlasv2/h2-benign-seg033",
      "atlasv2/h2-benign-seg033",
      "atlasv2/h2-benign-seg033",
      "atlasv2/h2-benign-seg033",
      "atlasv2/h2-benign-seg033",
      "atlasv2/h2-benign-seg033",
      "atlasv2/h2-benign-seg033",
      "atlasv2/h2-benign-seg033",
      "atlasv2/h2-benign-seg033",
      "atlasv2/h2-benign-seg033",
      "atlasv2/h2-benign-seg033",
      "atlasv2/h2-benign-seg033",
      "atlasv2/h2-benign-seg033",
      "atlasv2/h2-benign-seg033",
      "atlasv2/h2-benign-seg033",
      "atlasv2/h2-benign-seg033",
      "atlasv2/h2-benign-seg033",
      "atlasv2/h2-benign-seg033",
      "atlasv2/h2-benign-seg033",
      "atlasv2/h2-benign-seg033",
      "atlasv2/h2-benign-seg033",
      "atlasv2/h2-benign-seg033",
      "atlasv2/h2-benign-seg033",
      "atlasv2/h2-benign-seg033",
      "atlasv2/h2-benign-seg033",
      "atlasv2/h2-benign-seg033",
      "atlasv2/h2-benign-seg033",
      "atlasv2/h2-benign-seg033",
      "atlasv2/h2-benign-seg033",
      "atlasv2/h2-benign-seg034",
      "atlasv2/h2-benign-seg034",
      "atlasv2/h2-benign-seg034",
      "atlasv2/h2-benign-seg034",
      "atlasv2/h2-benign-seg034",
      "atlasv2/h2-benign-seg034",
      "atlasv2/h2-benign-seg034",
      "atlasv2/h2-benign-seg034",
      "atlasv2/h2-benign-seg034",
      "atlasv2/h2-benign-seg034",
      "atlasv2/h2-benign-seg034",
      "atlasv2/h2-benign-seg034",
      "atlasv2/h2-benign-seg034",
      "atlasv2/h1-benign-seg034",
      "atlasv2/h2-benign-seg034",
      "atlasv2/h1-benign-seg034",
      "atlasv2/h2-benign-seg034",
      "atlasv2/h1-benign-seg034",
      "atlasv2/h2-benign-seg034",
      "atlasv2/h1-benign-seg034",
      "atlasv2/h2-benign-seg034",
      "atlasv2/h1-benign-seg034",
      "atlasv2/h2-benign-seg035",
      "atlasv2/h2-benign-seg035",
      "atlasv2/h2-benign-seg035",
      "atlasv2/h2-benign-seg035",
      "atlasv2/h2-benign-seg035",
      "atlasv2/h2-benign-seg035",
      "atlasv2/h2-benign-seg035",
      "atlasv2/h2-benign-seg035",
      "atlasv2/h1-benign-seg035",
      "atlasv2/h2-benign-seg035",
      "atlasv2/h1-benign-seg035",
      "atlasv2/h2-benign-seg035",
      "atlasv2/h1-benign-seg035",
      "atlasv2/h2-benign-seg035",
      "atlasv2/h1-benign-seg035",
      "atlasv2/h2-benign-seg035",
      "atlasv2/h1-benign-seg035",
      "atlasv2/h2-benign-seg035",
      "atlasv2/h1-benign-seg035",
      "atlasv2/h1-s4",
      "atlasv2/h1-s4",
      "atlasv2/h1-s4",
      "atlasv2/h1-s4",
      "atlasv2/h1-s4",
      "atlasv2/h1-s4",
      "atlasv2/h1-s4",
      "atlasv2/h1-s4",
      "atlasv2/h1-s4",
      "atlasv2/h1-s4"
    ],