{
  "display_name": "LSTM-Forecaster",
  "base_experiment_name": "r018_lstm_forecaster_atlasv2_public_event_disjoint",
  "seed": 13,
  "split": "test_event_disjoint",
  "metrics": {
    "AUPRC": 0.7666666666666666,
    "AUROC": 0.9632034632034632,
    "Brier": 0.05349150228289988,
    "LogLoss": 0.16473751120034724,
    "ECE@10": 0.04576989116163992,
    "BestF1": 0.8,
    "LeadTime@P80": 10.0,
    "Precision@P80": 1.0,
    "Recall@P80": 0.5,
    "LeadTimeDetail": {
      "threshold": 0.116063,
      "precision": 1.0,
      "recall": 0.5,
      "lead_time": 10.0
    }
  },
  "threshold": 0.5,
  "policy_info": null,
  "predictions": {
    "y_true": [
      0,
      0,
      0,
      0,
      0,
      0,
      0,
      0,
      0,
      0,
      0,
      0,
      0,
      0,
      0,
      0,
      0,
      0,
      0,
      0,
      0,
      0,
      0,
      0,
      0,
      0,
      0,
      0,
      0,
      0,
      0,
      0,
      0,
      0,
      0,
      0,
      0,
      0,
      0,
      0,
      0,
      0,
      0,
      0,
      0,
      0,
      0,
      0,
      0,
      0,
      0,
      0,
      0,
      0,
      0,
      0,
      0,
      0,
      0,
      0,
      0,
      0,
      0,
      0,
      0,
      0,
      0,
      0,
      0,
      0,
      0,
      0,
      0,
      0,
      0,
      0,
      1,
      1,
      1,
      1,
      1,
      1,
      0
    ],
    "y_score": [
      0.0007082822266966105,
      0.0012697919737547636,
      0.0026357623282819986,
      0.0026777288876473904,
      0.0031471189577132463,
      0.0023781792260706425,
      0.0019833557307720184,
      0.0016779404832050204,
      0.0013543982058763504,
      0.0018684808164834976,
      0.002247701631858945,
      0.0026777288876473904,
      0.0031471189577132463,
      0.0031471189577132463,
      0.0031471189577132463,
      0.0031471189577132463,
      0.0031471189577132463,
      0.0031471189577132463,
      0.0031471189577132463,
      0.0031471189577132463,
      0.0031471189577132463,
      0.0031471189577132463,
      0.0031471189577132463,
      0.0031471189577132463,
      0.0031471189577132463,
      0.0031471189577132463,
      0.0031471189577132463,
      0.0031471189577132463,
      0.0031471189577132463,
      0.0031471189577132463,
      0.0031471189577132463,
      0.00828078668564558,
      0.026495931670069695,
      0.024299172684550285,
      0.02303902432322502,
      0.007093200460076332,
      0.002976246178150177,
      0.0030729426071047783,
      0.0031471189577132463,
      0.0031471189577132463,
      0.0031471189577132463,
      0.00828078668564558,
      0.008149851113557816,
      0.008329312317073345,
      0.007701005320996046,
      0.11005941778421402,
      0.0031471189577132463,
      0.05869060754776001,
      0.0031471189577132463,
      0.05869060754776001,
      0.0031471189577132463,
      0.05869060754776001,
      0.0031471189577132463,
      0.05869060754776001,
      0.003463424975052476,
      0.0031471189577132463,
      0.0031471189577132463,
      0.0031471189577132463,
      0.008217962458729744,
      0.00782101135700941,
      0.00843802746385336,
      0.008008700795471668,
      0.11005941778421402,
      0.00349741755053401,
      0.05869060754776001,
      0.003463424975052476,
      0.05869060754776001,
      0.0031471203546971083,
      0.05869060754776001,
      0.0031471203546971083,
      0.05869060754776001,
      0.0031471203546971083,
      0.05869060754776001,
      0.11005941778421402,
      0.05869060754776001,
      0.05869060754776001,
      0.05869060754776001,
      0.05869060754776001,
      0.11606289446353912,
      0.2664564847946167,
      0.20634518563747406,
      0.1995825171470642,
      0.0235332902520895
    ],
    "incident_id": [
      "atlasv2/h2-benign-seg033",
      "atlasv2/h2-benign-seg033",
      "atlasv2/h2-benign-seg033",
      "atlasv2/h2-benign-seg033",
      "atlasv2/h2-benign-seg033",
      "atlasv2/h2-benign-seg033",
      "atlasv2/h2-benign-seg033",
      "atlasv2/h2-benign-seg033",
      "atlasv2/h2-benign-seg033",
      "atlasv2/h2-benign-seg033",
      "atlasv2/h2-benign-seg033",
      "atlasv2/h2-benign-seg033",
      "atlasv2/h2-benign-seg033",
      "atlasv2/h2-benign-seg033",
      "atlasv2/h2-benign-seg033",
      "atlasv2/h2-benign-seg033",
      "atlasv2/h2-benign-seg033",
      "atlasv2/h2-benign-seg033",
      "atlasv2/h2-benign-seg033",
      "atlasv2/h2-benign-seg033",
      "atlasv2/h2-benign-seg033",
      "atlasv2/h2-benign-seg033",
      "atlasv2/h2-benign-seg033",
      "atlasv2/h2-benign-seg033",
      "atlasv2/h2-benign-seg033",
      "atlasv2/h2-benign-seg033",
      "atlasv2/h2-benign-seg033",
      "atlasv2/h2-benign-seg033",
      "atlasv2/h2-benign-seg033",
      "atlasv2/h2-benign-seg033",
      "atlasv2/h2-benign-seg033",
      "atlasv2/h2-benign-seg033",
      "atlasv2/h2-benign-seg034",
      "atlasv2/h2-benign-seg034",
      "atlasv2/h2-benign-seg034",
      "atlasv2/h2-benign-seg034",
      "atlasv2/h2-benign-seg034",
      "atlasv2/h2-benign-seg034",
      "atlasv2/h2-benign-seg034",
      "atlasv2/h2-benign-seg034",
      "atlasv2/h2-benign-seg034",
      "atlasv2/h2-benign-seg034",
      "atlasv2/h2-benign-seg034",
      "atlasv2/h2-benign-seg034",
      "atlasv2/h2-benign-seg034",
      "atlasv2/h1-benign-seg034",
      "atlasv2/h2-benign-seg034",
      "atlasv2/h1-benign-seg034",
      "atlasv2/h2-benign-seg034",
      "atlasv2/h1-benign-seg034",
      "atlasv2/h2-benign-seg034",
      "atlasv2/h1-benign-seg034",
      "atlasv2/h2-benign-seg034",
      "atlasv2/h1-benign-seg034",
      "atlasv2/h2-benign-seg035",
      "atlasv2/h2-benign-seg035",
      "atlasv2/h2-benign-seg035",
      "atlasv2/h2-benign-seg035",
      "atlasv2/h2-benign-seg035",
      "atlasv2/h2-benign-seg035",
      "atlasv2/h2-benign-seg035",
      "atlasv2/h2-benign-seg035",
      "atlasv2/h1-benign-seg035",
      "atlasv2/h2-benign-seg035",
      "atlasv2/h1-benign-seg035",
      "atlasv2/h2-benign-seg035",
      "atlasv2/h1-benign-seg035",
      "atlasv2/h2-benign-seg035",
      "atlasv2/h1-benign-seg035",
      "atlasv2/h2-benign-seg035",
      "atlasv2/h1-benign-seg035",
      "atlasv2/h2-benign-seg035",
      "atlasv2/h1-benign-seg035",
      "atlasv2/h1-s4",
      "atlasv2/h1-s4",
      "atlasv2/h1-s4",
      "atlasv2/h1-s4",
      "atlasv2/h1-s4",
      "atlasv2/h1-s4",
      "atlasv2/h1-s4",
      "atlasv2/h1-s4",
      "atlasv2/h1-s4",
      "atlasv2/h1-s4"
    ],