{
  "display_name": "LSTM-Forecaster",
  "base_experiment_name": "r018_lstm_forecaster_atlasv2_public_event_disjoint",
  "seed": 89,
  "metrics": {
    "AUPRC": 0.6952380952380952,
    "AUROC": 0.9567099567099567,
    "Brier": 0.05823000585943444,
    "LogLoss": 0.1829717786086925,
    "ECE@10": 0.05556747690279297,
    "BestF1": 0.6666666666666666,
    "LeadTime@P80": 10.0,
    "Precision@P80": 1.0,
    "Recall@P80": 0.5,
    "LeadTimeDetail": {
      "threshold": 0.149462,
      "precision": 1.0,
      "recall": 0.5,
      "lead_time": 10.0
    }
  },
  "threshold": 0.5,
  "policy_info": null,
  "predictions": {
    "y_true": [
      0,
      0,
      0,
      0,
      0,
      0,
      0,
      0,
      0,
      0,
      0,
      0,
      0,
      0,
      0,
      0,
      0,
      0,
      0,
      0,
      0,
      0,
      0,
      0,
      0,
      0,
      0,
      0,
      0,
      0,
      0,
      0,
      0,
      0,
      0,
      0,
      0,
      0,
      0,
      0,
      0,
      0,
      0,
      0,
      0,
      0,
      0,
      0,
      0,
      0,
      0,
      0,
      0,
      0,
      0,
      0,
      0,
      0,
      0,
      0,
      0,
      0,
      0,
      0,
      0,
      0,
      0,
      0,
      0,
      0,
      0,
      0,
      0,
      0,
      0,
      0,
      1,
      1,
      1,
      1,
      1,
      1,
      0
    ],
    "y_score": [
      2.0557405150611885e-05,
      4.483408702071756e-05,
      0.00023952695482876152,
      0.00021538432338275015,
      0.00037827674532309175,
      0.0002864263951778412,
      0.00020978268003091216,
      0.00013859159662388265,
      8.094023360172287e-05,
      0.00010538243077462539,
      0.00014094462676439434,
      0.00021538432338275015,
      0.00037827674532309175,
      0.00037827674532309175,
      0.00037827674532309175,
      0.00037827674532309175,
      0.00037827674532309175,
      0.00037827674532309175,
      0.00037827674532309175,
      0.00037827674532309175,
      0.00037827674532309175,
      0.00037827674532309175,
      0.00037827674532309175,
      0.00037827674532309175,
      0.00037827674532309175,
      0.00037827674532309175,
      0.00037827674532309175,
      0.00037827674532309175,
      0.00037827674532309175,
      0.00037827674532309175,
      0.00037827674532309175,
      0.0009642177610658109,
      0.002942513208836317,
      0.003691204125061631,
      0.005013082642108202,
      0.0009318748489022255,
      0.00031190997106023133,
      0.00034547035465948284,
      0.00037827674532309175,
      0.00037827674532309175,
      0.00037827674532309175,
      0.0009642177610658109,
      0.0010318966815248132,
      0.0011627571657299995,
      0.0011545214802026749,
      0.08255000412464142,
      0.00037827674532309175,
      0.040060725063085556,
      0.00037827674532309175,
      0.040060725063085556,
      0.00037827674532309175,
      0.040060725063085556,
      0.00037827674532309175,
      0.040060725063085556,
      0.0004677942197304219,
      0.00037827674532309175,
      0.00037827674532309175,
      0.00037827674532309175,
      0.0009399685659445822,
      0.000978392898105085,
      0.0012289556907489896,
      0.0012280242517590523,
      0.08255000412464142,
      0.00045241788029670715,
      0.040060725063085556,
      0.0004677942197304219,
      0.040060725063085556,
      0.000378276570700109,
      0.040060725063085556,
      0.000378276570700109,
      0.040060725063085556,
      0.000378276570700109,
      0.040060725063085556,
      0.08255000412464142,
      0.040060725063085556,
      0.040060725063085556,
      0.040060725063085556,
      0.040060725063085556,
      0.08060407638549805,
      0.18732286989688873,
      0.14992527663707733,
      0.14946214854717255,
      0.013687706552445889
    ],
    "incident_id": [
      "atlasv2/h2-benign-seg033",
      "atlasv2/h2-benign-seg033",
      "atlasv2/h2-benign-seg033",
      "atlasv2/h2-benign-seg033",
      "atlasv2/h2-benign-seg033",
      "atlasv2/h2-benign-seg033",
      "atlasv2/h2-benign-seg033",
      "atlasv2/h2-benign-seg033",
      "atlasv2/h2-benign-seg033",
      "atlasv2/h2-benign-seg033",
      "atlasv2/h2-benign-seg033",
      "atlasv2/h2-benign-seg033",
      "atlasv2/h2-benign-seg033",
      "atlasv2/h2-benign-seg033",
      "atlasv2/h2-benign-seg033",
      "atlasv2/h2-benign-seg033",
      "atlasv2/h2-benign-seg033",
      "atlasv2/h2-benign-seg033",
      "atlasv2/h2-benign-seg033",
      "atlasv2/h2-benign-seg033",
      "atlasv2/h2-benign-seg033",
      "atlasv2/h2-benign-seg033",
      "atlasv2/h2-benign-seg033",
      "atlasv2/h2-benign-seg033",
      "atlasv2/h2-benign-seg033",
      "atlasv2/h2-benign-seg033",
      "atlasv2/h2-benign-seg033",
      "atlasv2/h2-benign-seg033",
      "atlasv2/h2-benign-seg033",
      "atlasv2/h2-benign-seg033",
      "atlasv2/h2-benign-seg033",
      "atlasv2/h2-benign-seg033",
      "atlasv2/h2-benign-seg034",
      "atlasv2/h2-benign-seg034",
      "atlasv2/h2-benign-seg034",
      "atlasv2/h2-benign-seg034",
      "atlasv2/h2-benign-seg034",
      "atlasv2/h2-benign-seg034",
      "atlasv2/h2-benign-seg034",
      "atlasv2/h2-benign-seg034",
      "atlasv2/h2-benign-seg034",
      "atlasv2/h2-benign-seg034",
      "atlasv2/h2-benign-seg034",
      "atlasv2/h2-benign-seg034",
      "atlasv2/h2-benign-seg034",
      "atlasv2/h1-benign-seg034",
      "atlasv2/h2-benign-seg034",
      "atlasv2/h1-benign-seg034",
      "atlasv2/h2-benign-seg034",
      "atlasv2/h1-benign-seg034",
      "atlasv2/h2-benign-seg034",
      "atlasv2/h1-benign-seg034",
      "atlasv2/h2-benign-seg034",
      "atlasv2/h1-benign-seg034",
      "atlasv2/h2-benign-seg035",
      "atlasv2/h2-benign-seg035",
      "atlasv2/h2-benign-seg035",
      "atlasv2/h2-benign-seg035",
      "atlasv2/h2-benign-seg035",
      "atlasv2/h2-benign-seg035",
      "atlasv2/h2-benign-seg035",
      "atlasv2/h2-benign-seg035",
      "atlasv2/h1-benign-seg035",
      "atlasv2/h2-benign-seg035",
      "atlasv2/h1-benign-seg035",
      "atlasv2/h2-benign-seg035",
      "atlasv2/h1-benign-seg035",
      "atlasv2/h2-benign-seg035",
      "atlasv2/h1-benign-seg035",
      "atlasv2/h2-benign-seg035",
      "atlasv2/h1-benign-seg035",
      "atlasv2/h2-benign-seg035",
      "atlasv2/h1-benign-seg035",
      "atlasv2/h1-s4",
      "atlasv2/h1-s4",
      "atlasv2/h1-s4",
      "atlasv2/h1-s4",
      "atlasv2/h1-s4",
      "atlasv2/h1-s4",
      "atlasv2/h1-s4",
      "atlasv2/h1-s4",
      "atlasv2/h1-s4",
      "atlasv2/h1-s4"
    ],