{
  "display_name": "LSTM-Forecaster",
  "base_experiment_name": "r018_lstm_forecaster_atlasv2_public_event_disjoint",
  "seed": 55,
  "split": "test_event_disjoint",
  "metrics": {
    "AUPRC": 0.7666666666666666,
    "AUROC": 0.9632034632034632,
    "Brier": 0.05613420457934494,
    "LogLoss": 0.17650248705634536,
    "ECE@10": 0.05508081151611005,
    "BestF1": 0.8,
    "LeadTime@P80": 12.5,
    "Precision@P80": 1.0,
    "Recall@P80": 0.6666666666666666,
    "LeadTimeDetail": {
      "threshold": 0.069987,
      "precision": 1.0,
      "recall": 0.6666666666666666,
      "lead_time": 12.5
    }
  },
  "threshold": 0.5,
  "policy_info": null,
  "predictions": {
    "y_true": [
      0,
      0,
      0,
      0,
      0,
      0,
      0,
      0,
      0,
      0,
      0,
      0,
      0,
      0,
      0,
      0,
      0,
      0,
      0,
      0,
      0,
      0,
      0,
      0,
      0,
      0,
      0,
      0,
      0,
      0,
      0,
      0,
      0,
      0,
      0,
      0,
      0,
      0,
      0,
      0,
      0,
      0,
      0,
      0,
      0,
      0,
      0,
      0,
      0,
      0,
      0,
      0,
      0,
      0,
      0,
      0,
      0,
      0,
      0,
      0,
      0,
      0,
      0,
      0,
      0,
      0,
      0,
      0,
      0,
      0,
      0,
      0,
      0,
      0,
      0,
      0,
      1,
      1,
      1,
      1,
      1,
      1,
      0
    ],
    "y_score": [
      3.2683343306416646e-05,
      6.492072861874476e-05,
      0.0002801153459586203,
      0.0002570980868767947,
      0.00037821021396666765,
      0.0002932061906903982,
      0.00022592497407458723,
      0.00016233345377258956,
      0.00011332175927236676,
      0.00014343782095238566,
      0.0001849255640991032,
      0.0002570980868767947,
      0.00037821021396666765,
      0.00037821021396666765,
      0.00037821021396666765,
      0.00037821021396666765,
      0.00037821021396666765,
      0.00037821021396666765,
      0.00037821021396666765,
      0.00037821021396666765,
      0.00037821021396666765,
      0.00037821021396666765,
      0.00037821021396666765,
      0.00037821021396666765,
      0.00037821021396666765,
      0.00037821021396666765,
      0.00037821021396666765,
      0.00037821021396666765,
      0.00037821021396666765,
      0.00037821021396666765,
      0.00037821021396666765,
      0.0014438850339502096,
      0.006768087390810251,
      0.0053154039196670055,
      0.005106322932988405,
      0.000994783011265099,
      0.00036859753890894353,
      0.0003754716890398413,
      0.00037821021396666765,
      0.00037821021396666765,
      0.00037821021396666765,
      0.0014438850339502096,
      0.001173240365460515,
      0.0011900035897269845,
      0.0010543534299358726,
      0.06998667865991592,
      0.00037821021396666765,
      0.03709087520837784,
      0.00037821021396666765,
      0.03709087520837784,
      0.00037821021396666765,
      0.03709087520837784,
      0.00037821021396666765,
      0.03709087520837784,
      0.0005102557479403913,
      0.00037821021396666765,
      0.00037821021396666765,
      0.00037821021396666765,
      0.0012952591059729457,
      0.0010640600230544806,
      0.001558041083626449,
      0.001316727022640407,
      0.06998667865991592,
      0.0005175811820663512,
      0.03709087520837784,
      0.0005102557479403913,
      0.03709087520837784,
      0.0003782100393436849,
      0.03709087520837784,
      0.0003782100393436849,
      0.03709087520837784,
      0.0003782100393436849,
      0.03709087520837784,
      0.06998667865991592,
      0.03709087520837784,
      0.03709087520837784,
      0.03709087520837784,
      0.03709087520837784,
      0.1026308685541153,
      0.2797822654247284,
      0.15777814388275146,
      0.13897235691547394,
      0.010485379956662655
    ],
    "incident_id": [
      "atlasv2/h2-benign-seg033",
      "atlasv2/h2-benign-seg033",
      "atlasv2/h2-benign-seg033",
      "atlasv2/h2-benign-seg033",
      "atlasv2/h2-benign-seg033",
      "atlasv2/h2-benign-seg033",
      "atlasv2/h2-benign-seg033",
      "atlasv2/h2-benign-seg033",
      "atlasv2/h2-benign-seg033",
      "atlasv2/h2-benign-seg033",
      "atlasv2/h2-benign-seg033",
      "atlasv2/h2-benign-seg033",
      "atlasv2/h2-benign-seg033",
      "atlasv2/h2-benign-seg033",
      "atlasv2/h2-benign-seg033",
      "atlasv2/h2-benign-seg033",
      "atlasv2/h2-benign-seg033",
      "atlasv2/h2-benign-seg033",
      "atlasv2/h2-benign-seg033",
      "atlasv2/h2-benign-seg033",
      "atlasv2/h2-benign-seg033",
      "atlasv2/h2-benign-seg033",
      "atlasv2/h2-benign-seg033",
      "atlasv2/h2-benign-seg033",
      "atlasv2/h2-benign-seg033",
      "atlasv2/h2-benign-seg033",
      "atlasv2/h2-benign-seg033",
      "atlasv2/h2-benign-seg033",
      "atlasv2/h2-benign-seg033",
      "atlasv2/h2-benign-seg033",
      "atlasv2/h2-benign-seg033",
      "atlasv2/h2-benign-seg033",
      "atlasv2/h2-benign-seg034",
      "atlasv2/h2-benign-seg034",
      "atlasv2/h2-benign-seg034",
      "atlasv2/h2-benign-seg034",
      "atlasv2/h2-benign-seg034",
      "atlasv2/h2-benign-seg034",
      "atlasv2/h2-benign-seg034",
      "atlasv2/h2-benign-seg034",
      "atlasv2/h2-benign-seg034",
      "atlasv2/h2-benign-seg034",
      "atlasv2/h2-benign-seg034",
      "atlasv2/h2-benign-seg034",
      "atlasv2/h2-benign-seg034",
      "atlasv2/h1-benign-seg034",
      "atlasv2/h2-benign-seg034",
      "atlasv2/h1-benign-seg034",
      "atlasv2/h2-benign-seg034",
      "atlasv2/h1-benign-seg034",
      "atlasv2/h2-benign-seg034",
      "atlasv2/h1-benign-seg034",
      "atlasv2/h2-benign-seg034",
      "atlasv2/h1-benign-seg034",
      "atlasv2/h2-benign-seg035",
      "atlasv2/h2-benign-seg035",
      "atlasv2/h2-benign-seg035",
      "atlasv2/h2-benign-seg035",
      "atlasv2/h2-benign-seg035",
      "atlasv2/h2-benign-seg035",
      "atlasv2/h2-benign-seg035",
      "atlasv2/h2-benign-seg035",
      "atlasv2/h1-benign-seg035",
      "atlasv2/h2-benign-seg035",
      "atlasv2/h1-benign-seg035",
      "atlasv2/h2-benign-seg035",
      "atlasv2/h1-benign-seg035",
      "atlasv2/h2-benign-seg035",
      "atlasv2/h1-benign-seg035",
      "atlasv2/h2-benign-seg035",
      "atlasv2/h1-benign-seg035",
      "atlasv2/h2-benign-seg035",
      "atlasv2/h1-benign-seg035",
      "atlasv2/h1-s4",
      "atlasv2/h1-s4",
      "atlasv2/h1-s4",
      "atlasv2/h1-s4",
      "atlasv2/h1-s4",
      "atlasv2/h1-s4",
      "atlasv2/h1-s4",
      "atlasv2/h1-s4",
      "atlasv2/h1-s4",
      "atlasv2/h1-s4"
    ],