{
  "display_name": "LSTM-Forecaster",
  "base_experiment_name": "r018_lstm_forecaster_atlasv2_public_event_disjoint",
  "seed": 46368,
  "metrics": {
    "AUPRC": 0.6952380952380952,
    "AUROC": 0.9567099567099567,
    "Brier": 0.05009454897074609,
    "LogLoss": 0.15559162202415852,
    "ECE@10": 0.04643575563579405,
    "BestF1": 0.6666666666666666,
    "LeadTime@P80": 10.0,
    "Precision@P80": 1.0,
    "Recall@P80": 0.5,
    "LeadTimeDetail": {
      "threshold": 0.266541,
      "precision": 1.0,
      "recall": 0.5,
      "lead_time": 10.0
    }
  },
  "threshold": 0.3382900059223175,
  "policy_info": null,
  "predictions": {
    "y_true": [
      0,
      0,
      0,
      0,
      0,
      0,
      0,
      0,
      0,
      0,
      0,
      0,
      0,
      0,
      0,
      0,
      0,
      0,
      0,
      0,
      0,
      0,
      0,
      0,
      0,
      0,
      0,
      0,
      0,
      0,
      0,
      0,
      0,
      0,
      0,
      0,
      0,
      0,
      0,
      0,
      0,
      0,
      0,
      0,
      0,
      0,
      0,
      0,
      0,
      0,
      0,
      0,
      0,
      0,
      0,
      0,
      0,
      0,
      0,
      0,
      0,
      0,
      0,
      0,
      0,
      0,
      0,
      0,
      0,
      0,
      0,
      0,
      0,
      0,
      0,
      0,
      1,
      1,
      1,
      1,
      1,
      1,
      0
    ],
    "y_score": [
      4.0792372601572424e-05,
      9.060743468580768e-05,
      0.00041628454346209764,
      0.00039948761695995927,
      0.0005465475260280073,
      0.00043811238720081747,
      0.00035244179889559746,
      0.00026542405248619616,
      0.0001780925813363865,
      0.00023189613420981914,
      0.00029312263359315693,
      0.00039948761695995927,
      0.0005465475260280073,
      0.0005465475260280073,
      0.0005465475260280073,
      0.0005465475260280073,
      0.0005465475260280073,
      0.0005465475260280073,
      0.0005465475260280073,
      0.0005465475260280073,
      0.0005465475260280073,
      0.0005465475260280073,
      0.0005465475260280073,
      0.0005465475260280073,
      0.0005465475260280073,
      0.0005465475260280073,
      0.0005465475260280073,
      0.0005465475260280073,
      0.0005465475260280073,
      0.0005465475260280073,
      0.0005465475260280073,
      0.0018387027084827423,
      0.012126126326620579,
      0.01449146494269371,
      0.017057346180081367,
      0.00255652517080307,
      0.0005633573746308684,
      0.0005654653650708497,
      0.0005465475260280073,
      0.0005465475260280073,
      0.0005465475260280073,
      0.0018387027084827423,
      0.0020300380419939756,
      0.002494715852662921,
      0.002618327271193266,
      0.1304759532213211,
      0.0005465475260280073,
      0.04914165288209915,
      0.0005465475260280073,
      0.04914165288209915,
      0.0005465475260280073,
      0.04914165288209915,
      0.0005465475260280073,
      0.04914165288209915,
      0.0007757949060760438,
      0.0005465475260280073,
      0.0005465475260280073,
      0.0005465475260280073,
      0.0018205607775598764,
      0.0019237084779888391,
      0.0028502820059657097,
      0.0030448196921497583,
      0.1304759532213211,
      0.0007381534087471664,
      0.04914165288209915,
      0.0007757949060760438,
      0.04914165288209915,
      0.0005465475260280073,
      0.04914165288209915,
      0.0005465475260280073,
      0.04914165288209915,
      0.0005465475260280073,
      0.04914165288209915,
      0.1304759532213211,
      0.04914165288209915,
      0.04914165288209915,
      0.04914165288209915,
      0.04914165288209915,
      0.12067341804504395,
      0.33549660444259644,
      0.26654112339019775,
      0.28025370836257935,
      0.021346377208828926
    ],
    "incident_id": [
      "atlasv2/h2-benign-seg033",
      "atlasv2/h2-benign-seg033",
      "atlasv2/h2-benign-seg033",
      "atlasv2/h2-benign-seg033",
      "atlasv2/h2-benign-seg033",
      "atlasv2/h2-benign-seg033",
      "atlasv2/h2-benign-seg033",
      "atlasv2/h2-benign-seg033",
      "atlasv2/h2-benign-seg033",
      "atlasv2/h2-benign-seg033",
      "atlasv2/h2-benign-seg033",
      "atlasv2/h2-benign-seg033",
      "atlasv2/h2-benign-seg033",
      "atlasv2/h2-benign-seg033",
      "atlasv2/h2-benign-seg033",
      "atlasv2/h2-benign-seg033",
      "atlasv2/h2-benign-seg033",
      "atlasv2/h2-benign-seg033",
      "atlasv2/h2-benign-seg033",
      "atlasv2/h2-benign-seg033",
      "atlasv2/h2-benign-seg033",
      "atlasv2/h2-benign-seg033",
      "atlasv2/h2-benign-seg033",
      "atlasv2/h2-benign-seg033",
      "atlasv2/h2-benign-seg033",
      "atlasv2/h2-benign-seg033",
      "atlasv2/h2-benign-seg033",
      "atlasv2/h2-benign-seg033",
      "atlasv2/h2-benign-seg033",
      "atlasv2/h2-benign-seg033",
      "atlasv2/h2-benign-seg033",
      "atlasv2/h2-benign-seg033",
      "atlasv2/h2-benign-seg034",
      "atlasv2/h2-benign-seg034",
      "atlasv2/h2-benign-seg034",
      "atlasv2/h2-benign-seg034",
      "atlasv2/h2-benign-seg034",
      "atlasv2/h2-benign-seg034",
      "atlasv2/h2-benign-seg034",
      "atlasv2/h2-benign-seg034",
      "atlasv2/h2-benign-seg034",
      "atlasv2/h2-benign-seg034",
      "atlasv2/h2-benign-seg034",
      "atlasv2/h2-benign-seg034",
      "atlasv2/h2-benign-seg034",
      "atlasv2/h1-benign-seg034",
      "atlasv2/h2-benign-seg034",
      "atlasv2/h1-benign-seg034",
      "atlasv2/h2-benign-seg034",
      "atlasv2/h1-benign-seg034",
      "atlasv2/h2-benign-seg034",
      "atlasv2/h1-benign-seg034",
      "atlasv2/h2-benign-seg034",
      "atlasv2/h1-benign-seg034",
      "atlasv2/h2-benign-seg035",
      "atlasv2/h2-benign-seg035",
      "atlasv2/h2-benign-seg035",
      "atlasv2/h2-benign-seg035",
      "atlasv2/h2-benign-seg035",
      "atlasv2/h2-benign-seg035",
      "atlasv2/h2-benign-seg035",
      "atlasv2/h2-benign-seg035",
      "atlasv2/h1-benign-seg035",
      "atlasv2/h2-benign-seg035",
      "atlasv2/h1-benign-seg035",
      "atlasv2/h2-benign-seg035",
      "atlasv2/h1-benign-seg035",
      "atlasv2/h2-benign-seg035",
      "atlasv2/h1-benign-seg035",
      "atlasv2/h2-benign-seg035",
      "atlasv2/h1-benign-seg035",
      "atlasv2/h2-benign-seg035",
      "atlasv2/h1-benign-seg035",
      "atlasv2/h1-s4",
      "atlasv2/h1-s4",
      "atlasv2/h1-s4",
      "atlasv2/h1-s4",
      "atlasv2/h1-s4",
      "atlasv2/h1-s4",
      "atlasv2/h1-s4",
      "atlasv2/h1-s4",
      "atlasv2/h1-s4",
      "atlasv2/h1-s4"
    ],