{
  "display_name": "LSTM-Forecaster",
  "base_experiment_name": "r018_lstm_forecaster_atlasv2_public_event_disjoint",
  "seed": 610,
  "metrics": {
    "AUPRC": 0.6952380952380952,
    "AUROC": 0.948051948051948,
    "Brier": 0.060313974589080284,
    "LogLoss": 0.1961007802868681,
    "ECE@10": 0.058670320479214715,
    "BestF1": 0.6666666666666666,
    "LeadTime@P80": 10.0,
    "Precision@P80": 1.0,
    "Recall@P80": 0.5,
    "LeadTimeDetail": {
      "threshold": 0.126744,
      "precision": 1.0,
      "recall": 0.5,
      "lead_time": 10.0
    }
  },
  "threshold": 0.18621599674224854,
  "policy_info": null,
  "predictions": {
    "y_true": [
      0,
      0,
      0,
      0,
      0,
      0,
      0,
      0,
      0,
      0,
      0,
      0,
      0,
      0,
      0,
      0,
      0,
      0,
      0,
      0,
      0,
      0,
      0,
      0,
      0,
      0,
      0,
      0,
      0,
      0,
      0,
      0,
      0,
      0,
      0,
      0,
      0,
      0,
      0,
      0,
      0,
      0,
      0,
      0,
      0,
      0,
      0,
      0,
      0,
      0,
      0,
      0,
      0,
      0,
      0,
      0,
      0,
      0,
      0,
      0,
      0,
      0,
      0,
      0,
      0,
      0,
      0,
      0,
      0,
      0,
      0,
      0,
      0,
      0,
      0,
      0,
      1,
      1,
      1,
      1,
      1,
      1,
      0
    ],
    "y_score": [
      1.6180387319764122e-05,
      3.872353772749193e-05,
      0.0002154389803763479,
      0.000207460907404311,
      0.00030632747802883387,
      0.0002263706992380321,
      0.00017307796224486083,
      0.00012428732588887215,
      8.01239802967757e-05,
      0.0001121625246014446,
      0.00014602539886254817,
      0.000207460907404311,
      0.00030632747802883387,
      0.00030632747802883387,
      0.00030632747802883387,
      0.00030632747802883387,
      0.00030632747802883387,
      0.00030632747802883387,
      0.00030632747802883387,
      0.00030632747802883387,
      0.00030632747802883387,
      0.00030632747802883387,
      0.00030632747802883387,
      0.00030632747802883387,
      0.00030632747802883387,
      0.00030632747802883387,
      0.00030632747802883387,
      0.00030632747802883387,
      0.00030632747802883387,
      0.00030632747802883387,
      0.00030632747802883387,
      0.0007692801300436258,
      0.0029201144352555275,
      0.0032401278149336576,
      0.004290880169719458,
      0.0009137809975072742,
      0.0002737180038820952,
      0.00029371847631409764,
      0.00030632747802883387,
      0.00030632747802883387,
      0.00030632747802883387,
      0.0007692801300436258,
      0.0008842836250551045,
      0.0010265117743983865,
      0.0010819496819749475,
      0.06815588474273682,
      0.00030632747802883387,
      0.03087247908115387,
      0.00030632747802883387,
      0.03087247908115387,
      0.00030632747802883387,
      0.03087247908115387,
      0.00030632747802883387,
      0.03087247908115387,
      0.0003950274840462953,
      0.00030632747802883387,
      0.00030632747802883387,
      0.00030632747802883387,
      0.0007217391394078732,
      0.0008399779326282442,
      0.0010864166542887688,
      0.0012782015837728977,
      0.06815588474273682,
      0.0003745407739188522,
      0.030872469767928123,
      0.000395027658669278,
      0.030872469767928123,
      0.00030632747802883387,
      0.030872469767928123,
      0.00030632747802883387,
      0.030872469767928123,
      0.00030632747802883387,
      0.030872469767928123,
      0.06815588474273682,
      0.030872469767928123,
      0.030872469767928123,
      0.030872469767928123,
      0.030872469767928123,
      0.061479028314352036,
      0.16350193321704865,
      0.12674447894096375,
      0.12826694548130035,
      0.011350519955158234
    ],
    "incident_id": [
      "atlasv2/h2-benign-seg033",
      "atlasv2/h2-benign-seg033",
      "atlasv2/h2-benign-seg033",
      "atlasv2/h2-benign-seg033",
      "atlasv2/h2-benign-seg033",
      "atlasv2/h2-benign-seg033",
      "atlasv2/h2-benign-seg033",
      "atlasv2/h2-benign-seg033",
      "atlasv2/h2-benign-seg033",
      "atlasv2/h2-benign-seg033",
      "atlasv2/h2-benign-seg033",
      "atlasv2/h2-benign-seg033",
      "atlasv2/h2-benign-seg033",
      "atlasv2/h2-benign-seg033",
      "atlasv2/h2-benign-seg033",
      "atlasv2/h2-benign-seg033",
      "atlasv2/h2-benign-seg033",
      "atlasv2/h2-benign-seg033",
      "atlasv2/h2-benign-seg033",
      "atlasv2/h2-benign-seg033",
      "atlasv2/h2-benign-seg033",
      "atlasv2/h2-benign-seg033",
      "atlasv2/h2-benign-seg033",
      "atlasv2/h2-benign-seg033",
      "atlasv2/h2-benign-seg033",
      "atlasv2/h2-benign-seg033",
      "atlasv2/h2-benign-seg033",
      "atlasv2/h2-benign-seg033",
      "atlasv2/h2-benign-seg033",
      "atlasv2/h2-benign-seg033",
      "atlasv2/h2-benign-seg033",
      "atlasv2/h2-benign-seg033",
      "atlasv2/h2-benign-seg034",
      "atlasv2/h2-benign-seg034",
      "atlasv2/h2-benign-seg034",
      "atlasv2/h2-benign-seg034",
      "atlasv2/h2-benign-seg034",
      "atlasv2/h2-benign-seg034",
      "atlasv2/h2-benign-seg034",
      "atlasv2/h2-benign-seg034",
      "atlasv2/h2-benign-seg034",
      "atlasv2/h2-benign-seg034",
      "atlasv2/h2-benign-seg034",
      "atlasv2/h2-benign-seg034",
      "atlasv2/h2-benign-seg034",
      "atlasv2/h1-benign-seg034",
      "atlasv2/h2-benign-seg034",
      "atlasv2/h1-benign-seg034",
      "atlasv2/h2-benign-seg034",
      "atlasv2/h1-benign-seg034",
      "atlasv2/h2-benign-seg034",
      "atlasv2/h1-benign-seg034",
      "atlasv2/h2-benign-seg034",
      "atlasv2/h1-benign-seg034",
      "atlasv2/h2-benign-seg035",
      "atlasv2/h2-benign-seg035",
      "atlasv2/h2-benign-seg035",
      "atlasv2/h2-benign-seg035",
      "atlasv2/h2-benign-seg035",
      "atlasv2/h2-benign-seg035",
      "atlasv2/h2-benign-seg035",
      "atlasv2/h2-benign-seg035",
      "atlasv2/h1-benign-seg035",
      "atlasv2/h2-benign-seg035",
      "atlasv2/h1-benign-seg035",
      "atlasv2/h2-benign-seg035",
      "atlasv2/h1-benign-seg035",
      "atlasv2/h2-benign-seg035",
      "atlasv2/h1-benign-seg035",
      "atlasv2/h2-benign-seg035",
      "atlasv2/h1-benign-seg035",
      "atlasv2/h2-benign-seg035",
      "atlasv2/h1-benign-seg035",
      "atlasv2/h1-s4",
      "atlasv2/h1-s4",
      "atlasv2/h1-s4",
      "atlasv2/h1-s4",
      "atlasv2/h1-s4",
      "atlasv2/h1-s4",
      "atlasv2/h1-s4",
      "atlasv2/h1-s4",
      "atlasv2/h1-s4",
      "atlasv2/h1-s4"
    ],