{
  "display_name": "DLinear-Forecaster",
  "base_experiment_name": "r020_dlinear_forecaster_atlasv2_public_event_disjoint",
  "seed": 987,
  "metrics": {
    "AUPRC": 0.6904761904761904,
    "AUROC": 0.9523809523809523,
    "Brier": 0.05805966528701278,
    "LogLoss": 0.1800599847206493,
    "ECE@10": 0.04060682462085127,
    "BestF1": 0.6666666666666666,
    "LeadTime@P80": 12.5,
    "Precision@P80": 1.0,
    "Recall@P80": 0.3333333333333333,
    "LeadTimeDetail": {
      "threshold": 0.127348,
      "precision": 1.0,
      "recall": 0.3333333333333333,
      "lead_time": 12.5
    }
  },
  "threshold": 0.5,
  "policy_info": null,
  "predictions": {
    "y_true": [
      0,
      0,
      0,
      0,
      0,
      0,
      0,
      0,
      0,
      0,
      0,
      0,
      0,
      0,
      0,
      0,
      0,
      0,
      0,
      0,
      0,
      0,
      0,
      0,
      0,
      0,
      0,
      0,
      0,
      0,
      0,
      0,
      0,
      0,
      0,
      0,
      0,
      0,
      0,
      0,
      0,
      0,
      0,
      0,
      0,
      0,
      0,
      0,
      0,
      0,
      0,
      0,
      0,
      0,
      0,
      0,
      0,
      0,
      0,
      0,
      0,
      0,
      0,
      0,
      0,
      0,
      0,
      0,
      0,
      0,
      0,
      0,
      0,
      0,
      0,
      0,
      1,
      1,
      1,
      1,
      1,
      1,
      0
    ],
    "y_score": [
      0.005961133632808924,
      0.0034730001352727413,
      0.0014070937177166343,
      0.0014103859430179,
      0.003919590264558792,
      0.0016358435386791825,
      0.0013897304888814688,
      0.001770341768860817,
      0.0028013468254357576,
      0.0019670480396598577,
      0.0014565068995580077,
      0.0014103859430179,
      0.003919590264558792,
      0.003919590264558792,
      0.003919590264558792,
      0.003919590264558792,
      0.003919590264558792,
      0.003919590264558792,
      0.003919590264558792,
      0.003919590264558792,
      0.003919590264558792,
      0.003919590264558792,
      0.003919590264558792,
      0.003919590264558792,
      0.003919590264558792,
      0.003919590264558792,
      0.003919590264558792,
      0.003919590264558792,
      0.003919590264558792,
      0.003919590264558792,
      0.003919590264558792,
      0.01673232764005661,
      0.055254120379686356,
      0.05501101166009903,
      0.05649401247501373,
      0.019356558099389076,
      0.00269691227003932,
      0.002500025322660804,
      0.003919590264558792,
      0.003919590264558792,
      0.003919590264558792,
      0.01673232764005661,
      0.016682013869285583,
      0.016336733475327492,
      0.016894081607460976,
      0.1238873079419136,
      0.003919590264558792,
      0.08670710027217865,
      0.003919590264558792,
      0.08670710027217865,
      0.003919590264558792,
      0.08670710027217865,
      0.003919590264558792,
      0.08670710027217865,
      0.002617517951875925,
      0.003919590264558792,
      0.003919590264558792,
      0.003919590264558792,
      0.01679815724492073,
      0.01672586426138878,
      0.01781977340579033,
      0.01826254278421402,
      0.1238873079419136,
      0.002597658196464181,
      0.08670710027217865,
      0.002617517951875925,
      0.08670710027217865,
      0.003919590264558792,
      0.08670710027217865,
      0.003919590264558792,
      0.08670710027217865,
      0.003919590264558792,
      0.08670710027217865,
      0.1238873079419136,
      0.08670710027217865,
      0.08670710027217865,
      0.08670710027217865,
      0.08670710027217865,
      0.12338362634181976,
      0.14802509546279907,
      0.13666878640651703,
      0.127347931265831,
      0.08919543772935867
    ],
    "incident_id": [
      "atlasv2/h2-benign-seg033",
      "atlasv2/h2-benign-seg033",
      "atlasv2/h2-benign-seg033",
      "atlasv2/h2-benign-seg033",
      "atlasv2/h2-benign-seg033",
      "atlasv2/h2-benign-seg033",
      "atlasv2/h2-benign-seg033",
      "atlasv2/h2-benign-seg033",
      "atlasv2/h2-benign-seg033",
      "atlasv2/h2-benign-seg033",
      "atlasv2/h2-benign-seg033",
      "atlasv2/h2-benign-seg033",
      "atlasv2/h2-benign-seg033",
      "atlasv2/h2-benign-seg033",
      "atlasv2/h2-benign-seg033",
      "atlasv2/h2-benign-seg033",
      "atlasv2/h2-benign-seg033",
      "atlasv2/h2-benign-seg033",
      "atlasv2/h2-benign-seg033",
      "atlasv2/h2-benign-seg033",
      "atlasv2/h2-benign-seg033",
      "atlasv2/h2-benign-seg033",
      "atlasv2/h2-benign-seg033",
      "atlasv2/h2-benign-seg033",
      "atlasv2/h2-benign-seg033",
      "atlasv2/h2-benign-seg033",
      "atlasv2/h2-benign-seg033",
      "atlasv2/h2-benign-seg033",
      "atlasv2/h2-benign-seg033",
      "atlasv2/h2-benign-seg033",
      "atlasv2/h2-benign-seg033",
      "atlasv2/h2-benign-seg033",
      "atlasv2/h2-benign-seg034",
      "atlasv2/h2-benign-seg034",
      "atlasv2/h2-benign-seg034",
      "atlasv2/h2-benign-seg034",
      "atlasv2/h2-benign-seg034",
      "atlasv2/h2-benign-seg034",
      "atlasv2/h2-benign-seg034",
      "atlasv2/h2-benign-seg034",
      "atlasv2/h2-benign-seg034",
      "atlasv2/h2-benign-seg034",
      "atlasv2/h2-benign-seg034",
      "atlasv2/h2-benign-seg034",
      "atlasv2/h2-benign-seg034",
      "atlasv2/h1-benign-seg034",
      "atlasv2/h2-benign-seg034",
      "atlasv2/h1-benign-seg034",
      "atlasv2/h2-benign-seg034",
      "atlasv2/h1-benign-seg034",
      "atlasv2/h2-benign-seg034",
      "atlasv2/h1-benign-seg034",
      "atlasv2/h2-benign-seg034",
      "atlasv2/h1-benign-seg034",
      "atlasv2/h2-benign-seg035",
      "atlasv2/h2-benign-seg035",
      "atlasv2/h2-benign-seg035",
      "atlasv2/h2-benign-seg035",
      "atlasv2/h2-benign-seg035",
      "atlasv2/h2-benign-seg035",
      "atlasv2/h2-benign-seg035",
      "atlasv2/h2-benign-seg035",
      "atlasv2/h1-benign-seg035",
      "atlasv2/h2-benign-seg035",
      "atlasv2/h1-benign-seg035",
      "atlasv2/h2-benign-seg035",
      "atlasv2/h1-benign-seg035",
      "atlasv2/h2-benign-seg035",
      "atlasv2/h1-benign-seg035",
      "atlasv2/h2-benign-seg035",
      "atlasv2/h1-benign-seg035",
      "atlasv2/h2-benign-seg035",
      "atlasv2/h1-benign-seg035",
      "atlasv2/h1-s4",
      "atlasv2/h1-s4",
      "atlasv2/h1-s4",
      "atlasv2/h1-s4",
      "atlasv2/h1-s4",
      "atlasv2/h1-s4",
      "atlasv2/h1-s4",
      "atlasv2/h1-s4",
      "atlasv2/h1-s4",
      "atlasv2/h1-s4"
    ],