{
  "display_name": "DLinear-Forecaster",
  "base_experiment_name": "r020_dlinear_forecaster_atlasv2_public_event_disjoint",
  "seed": 6765,
  "metrics": {
    "AUPRC": 0.6904761904761904,
    "AUROC": 0.9523809523809524,
    "Brier": 0.05733223013705601,
    "LogLoss": 0.17716787993580396,
    "ECE@10": 0.04690097058079687,
    "BestF1": 0.6666666666666666,
    "LeadTime@P80": 12.5,
    "Precision@P80": 1.0,
    "Recall@P80": 0.3333333333333333,
    "LeadTimeDetail": {
      "threshold": 0.157421,
      "precision": 1.0,
      "recall": 0.3333333333333333,
      "lead_time": 12.5
    }
  },
  "threshold": 0.5,
  "policy_info": null,
  "predictions": {
    "y_true": [
      0,
      0,
      0,
      0,
      0,
      0,
      0,
      0,
      0,
      0,
      0,
      0,
      0,
      0,
      0,
      0,
      0,
      0,
      0,
      0,
      0,
      0,
      0,
      0,
      0,
      0,
      0,
      0,
      0,
      0,
      0,
      0,
      0,
      0,
      0,
      0,
      0,
      0,
      0,
      0,
      0,
      0,
      0,
      0,
      0,
      0,
      0,
      0,
      0,
      0,
      0,
      0,
      0,
      0,
      0,
      0,
      0,
      0,
      0,
      0,
      0,
      0,
      0,
      0,
      0,
      0,
      0,
      0,
      0,
      0,
      0,
      0,
      0,
      0,
      0,
      0,
      1,
      1,
      1,
      1,
      1,
      1,
      0
    ],
    "y_score": [
      0.0013081415090709925,
      0.0005625313497148454,
      0.00016483172657899559,
      0.00016395830607507378,
      0.000626056338660419,
      0.0002459770767018199,
      0.00024368202139157802,
      0.0003935872227884829,
      0.0006765701109543443,
      0.00038113913615234196,
      0.00021725545229855925,
      0.00016395830607507378,
      0.000626056338660419,
      0.000626056338660419,
      0.000626056338660419,
      0.000626056338660419,
      0.000626056338660419,
      0.000626056338660419,
      0.000626056338660419,
      0.000626056338660419,
      0.000626056338660419,
      0.000626056338660419,
      0.000626056338660419,
      0.000626056338660419,
      0.000626056338660419,
      0.000626056338660419,
      0.000626056338660419,
      0.000626056338660419,
      0.000626056338660419,
      0.000626056338660419,
      0.000626056338660419,
      0.00831496063619852,
      0.043504610657691956,
      0.043800100684165955,
      0.04723256453871727,
      0.00937542226165533,
      0.00030197561136446893,
      0.0002829970035236329,
      0.000626056338660419,
      0.000626056338660419,
      0.000626056338660419,
      0.00831496063619852,
      0.00850403867661953,
      0.00858523789793253,
      0.008810442872345448,
      0.1364593803882599,
      0.000626056338660419,
      0.05701634660363197,
      0.000626056338660419,
      0.05701634660363197,
      0.000626056338660419,
      0.05701634660363197,
      0.000626056338660419,
      0.05701634660363197,
      0.0003282542456872761,
      0.000626056338660419,
      0.000626056338660419,
      0.000626056338660419,
      0.009371304884552956,
      0.009577185846865177,
      0.010004224255681038,
      0.010301865637302399,
      0.1364593803882599,
      0.000326970883179456,
      0.05701634660363197,
      0.0003282542456872761,
      0.05701634660363197,
      0.000626056338660419,
      0.05701634660363197,
      0.000626056338660419,
      0.05701634660363197,
      0.000626056338660419,
      0.05701634660363197,
      0.1364593803882599,
      0.05701634660363197,
      0.05701634660363197,
      0.05701634660363197,
      0.05701634660363197,
      0.13595476746559143,
      0.17357444763183594,
      0.15742120146751404,
      0.14363078773021698,
      0.09360072761774063
    ],
    "incident_id": [
      "atlasv2/h2-benign-seg033",
      "atlasv2/h2-benign-seg033",
      "atlasv2/h2-benign-seg033",
      "atlasv2/h2-benign-seg033",
      "atlasv2/h2-benign-seg033",
      "atlasv2/h2-benign-seg033",
      "atlasv2/h2-benign-seg033",
      "atlasv2/h2-benign-seg033",
      "atlasv2/h2-benign-seg033",
      "atlasv2/h2-benign-seg033",
      "atlasv2/h2-benign-seg033",
      "atlasv2/h2-benign-seg033",
      "atlasv2/h2-benign-seg033",
      "atlasv2/h2-benign-seg033",
      "atlasv2/h2-benign-seg033",
      "atlasv2/h2-benign-seg033",
      "atlasv2/h2-benign-seg033",
      "atlasv2/h2-benign-seg033",
      "atlasv2/h2-benign-seg033",
      "atlasv2/h2-benign-seg033",
      "atlasv2/h2-benign-seg033",
      "atlasv2/h2-benign-seg033",
      "atlasv2/h2-benign-seg033",
      "atlasv2/h2-benign-seg033",
      "atlasv2/h2-benign-seg033",
      "atlasv2/h2-benign-seg033",
      "atlasv2/h2-benign-seg033",
      "atlasv2/h2-benign-seg033",
      "atlasv2/h2-benign-seg033",
      "atlasv2/h2-benign-seg033",
      "atlasv2/h2-benign-seg033",
      "atlasv2/h2-benign-seg033",
      "atlasv2/h2-benign-seg034",
      "atlasv2/h2-benign-seg034",
      "atlasv2/h2-benign-seg034",
      "atlasv2/h2-benign-seg034",
      "atlasv2/h2-benign-seg034",
      "atlasv2/h2-benign-seg034",
      "atlasv2/h2-benign-seg034",
      "atlasv2/h2-benign-seg034",
      "atlasv2/h2-benign-seg034",
      "atlasv2/h2-benign-seg034",
      "atlasv2/h2-benign-seg034",
      "atlasv2/h2-benign-seg034",
      "atlasv2/h2-benign-seg034",
      "atlasv2/h1-benign-seg034",
      "atlasv2/h2-benign-seg034",
      "atlasv2/h1-benign-seg034",
      "atlasv2/h2-benign-seg034",
      "atlasv2/h1-benign-seg034",
      "atlasv2/h2-benign-seg034",
      "atlasv2/h1-benign-seg034",
      "atlasv2/h2-benign-seg034",
      "atlasv2/h1-benign-seg034",
      "atlasv2/h2-benign-seg035",
      "atlasv2/h2-benign-seg035",
      "atlasv2/h2-benign-seg035",
      "atlasv2/h2-benign-seg035",
      "atlasv2/h2-benign-seg035",
      "atlasv2/h2-benign-seg035",
      "atlasv2/h2-benign-seg035",
      "atlasv2/h2-benign-seg035",
      "atlasv2/h1-benign-seg035",
      "atlasv2/h2-benign-seg035",
      "atlasv2/h1-benign-seg035",
      "atlasv2/h2-benign-seg035",
      "atlasv2/h1-benign-seg035",
      "atlasv2/h2-benign-seg035",
      "atlasv2/h1-benign-seg035",
      "atlasv2/h2-benign-seg035",
      "atlasv2/h1-benign-seg035",
      "atlasv2/h2-benign-seg035",
      "atlasv2/h1-benign-seg035",
      "atlasv2/h1-s4",
      "atlasv2/h1-s4",
      "atlasv2/h1-s4",
      "atlasv2/h1-s4",
      "atlasv2/h1-s4",
      "atlasv2/h1-s4",
      "atlasv2/h1-s4",
      "atlasv2/h1-s4",
      "atlasv2/h1-s4",
      "atlasv2/h1-s4"
    ],