{
  "display_name": "DLinear-Forecaster",
  "base_experiment_name": "r020_dlinear_forecaster_atlasv2_public_event_disjoint",
  "seed": 4181,
  "metrics": {
    "AUPRC": 0.7619047619047619,
    "AUROC": 0.9588744588744588,
    "Brier": 0.05697329570506358,
    "LogLoss": 0.1752478742249445,
    "ECE@10": 0.04097927698068859,
    "BestF1": 0.8,
    "LeadTime@P80": 12.5,
    "Precision@P80": 1.0,
    "Recall@P80": 0.6666666666666666,
    "LeadTimeDetail": {
      "threshold": 0.123629,
      "precision": 1.0,
      "recall": 0.6666666666666666,
      "lead_time": 12.5
    }
  },
  "threshold": 0.5,
  "policy_info": null,
  "predictions": {
    "y_true": [
      0,
      0,
      0,
      0,
      0,
      0,
      0,
      0,
      0,
      0,
      0,
      0,
      0,
      0,
      0,
      0,
      0,
      0,
      0,
      0,
      0,
      0,
      0,
      0,
      0,
      0,
      0,
      0,
      0,
      0,
      0,
      0,
      0,
      0,
      0,
      0,
      0,
      0,
      0,
      0,
      0,
      0,
      0,
      0,
      0,
      0,
      0,
      0,
      0,
      0,
      0,
      0,
      0,
      0,
      0,
      0,
      0,
      0,
      0,
      0,
      0,
      0,
      0,
      0,
      0,
      0,
      0,
      0,
      0,
      0,
      0,
      0,
      0,
      0,
      0,
      0,
      1,
      1,
      1,
      1,
      1,
      1,
      0
    ],
    "y_score": [
      0.0065849944949150085,
      0.0034153196029365063,
      0.0009827145840972662,
      0.0009702792740426958,
      0.0018786571454256773,
      0.0011023386614397168,
      0.0012779684038832784,
      0.0020397582557052374,
      0.003483439330011606,
      0.0021554313134402037,
      0.0013356965500861406,
      0.0009702792740426958,
      0.0018786571454256773,
      0.0018786571454256773,
      0.0018786571454256773,
      0.0018786571454256773,
      0.0018786571454256773,
      0.0018786571454256773,
      0.0018786571454256773,
      0.0018786571454256773,
      0.0018786571454256773,
      0.0018786571454256773,
      0.0018786571454256773,
      0.0018786571454256773,
      0.0018786571454256773,
      0.0018786571454256773,
      0.0018786571454256773,
      0.0018786571454256773,
      0.0018786571454256773,
      0.0018786571454256773,
      0.0018786571454256773,
      0.0159551240503788,
      0.06774457544088364,
      0.06853033602237701,
      0.06891169399023056,
      0.01934661529958248,
      0.0015783295966684818,
      0.0012604971416294575,
      0.0018786571454256773,
      0.0018786571454256773,
      0.0018786571454256773,
      0.0159551240503788,
      0.015560542233288288,
      0.016559503972530365,
      0.015053052455186844,
      0.12362869083881378,
      0.0018786571454256773,
      0.08244088292121887,
      0.0018786571454256773,
      0.08244088292121887,
      0.0018786571454256773,
      0.08244088292121887,
      0.0018786571454256773,
      0.08244088292121887,
      0.001421384746208787,
      0.0018786571454256773,
      0.0018786571454256773,
      0.0018786571454256773,
      0.015277203172445297,
      0.014886680990457535,
      0.018336134031414986,
      0.01685943454504013,
      0.12362869083881378,
      0.0014582214644178748,
      0.08244088292121887,
      0.001421384746208787,
      0.08244088292121887,
      0.0018786571454256773,
      0.08244088292121887,
      0.0018786571454256773,
      0.08244088292121887,
      0.0018786571454256773,
      0.08244088292121887,
      0.12362869083881378,
      0.08244088292121887,
      0.08244088292121887,
      0.08244088292121887,
      0.08244088292121887,
      0.1252448856830597,
      0.16685521602630615,
      0.15652498602867126,
      0.14731833338737488,
      0.09772929549217224
    ],
    "incident_id": [
      "atlasv2/h2-benign-seg033",
      "atlasv2/h2-benign-seg033",
      "atlasv2/h2-benign-seg033",
      "atlasv2/h2-benign-seg033",
      "atlasv2/h2-benign-seg033",
      "atlasv2/h2-benign-seg033",
      "atlasv2/h2-benign-seg033",
      "atlasv2/h2-benign-seg033",
      "atlasv2/h2-benign-seg033",
      "atlasv2/h2-benign-seg033",
      "atlasv2/h2-benign-seg033",
      "atlasv2/h2-benign-seg033",
      "atlasv2/h2-benign-seg033",
      "atlasv2/h2-benign-seg033",
      "atlasv2/h2-benign-seg033",
      "atlasv2/h2-benign-seg033",
      "atlasv2/h2-benign-seg033",
      "atlasv2/h2-benign-seg033",
      "atlasv2/h2-benign-seg033",
      "atlasv2/h2-benign-seg033",
      "atlasv2/h2-benign-seg033",
      "atlasv2/h2-benign-seg033",
      "atlasv2/h2-benign-seg033",
      "atlasv2/h2-benign-seg033",
      "atlasv2/h2-benign-seg033",
      "atlasv2/h2-benign-seg033",
      "atlasv2/h2-benign-seg033",
      "atlasv2/h2-benign-seg033",
      "atlasv2/h2-benign-seg033",
      "atlasv2/h2-benign-seg033",
      "atlasv2/h2-benign-seg033",
      "atlasv2/h2-benign-seg033",
      "atlasv2/h2-benign-seg034",
      "atlasv2/h2-benign-seg034",
      "atlasv2/h2-benign-seg034",
      "atlasv2/h2-benign-seg034",
      "atlasv2/h2-benign-seg034",
      "atlasv2/h2-benign-seg034",
      "atlasv2/h2-benign-seg034",
      "atlasv2/h2-benign-seg034",
      "atlasv2/h2-benign-seg034",
      "atlasv2/h2-benign-seg034",
      "atlasv2/h2-benign-seg034",
      "atlasv2/h2-benign-seg034",
      "atlasv2/h2-benign-seg034",
      "atlasv2/h1-benign-seg034",
      "atlasv2/h2-benign-seg034",
      "atlasv2/h1-benign-seg034",
      "atlasv2/h2-benign-seg034",
      "atlasv2/h1-benign-seg034",
      "atlasv2/h2-benign-seg034",
      "atlasv2/h1-benign-seg034",
      "atlasv2/h2-benign-seg034",
      "atlasv2/h1-benign-seg034",
      "atlasv2/h2-benign-seg035",
      "atlasv2/h2-benign-seg035",
      "atlasv2/h2-benign-seg035",
      "atlasv2/h2-benign-seg035",
      "atlasv2/h2-benign-seg035",
      "atlasv2/h2-benign-seg035",
      "atlasv2/h2-benign-seg035",
      "atlasv2/h2-benign-seg035",
      "atlasv2/h1-benign-seg035",
      "atlasv2/h2-benign-seg035",
      "atlasv2/h1-benign-seg035",
      "atlasv2/h2-benign-seg035",
      "atlasv2/h1-benign-seg035",
      "atlasv2/h2-benign-seg035",
      "atlasv2/h1-benign-seg035",
      "atlasv2/h2-benign-seg035",
      "atlasv2/h1-benign-seg035",
      "atlasv2/h2-benign-seg035",
      "atlasv2/h1-benign-seg035",
      "atlasv2/h1-s4",
      "atlasv2/h1-s4",
      "atlasv2/h1-s4",
      "atlasv2/h1-s4",
      "atlasv2/h1-s4",
      "atlasv2/h1-s4",
      "atlasv2/h1-s4",
      "atlasv2/h1-s4",
      "atlasv2/h1-s4",
      "atlasv2/h1-s4"
    ],