{
  "display_name": "DLinear-Forecaster",
  "base_experiment_name": "r020_dlinear_forecaster_atlasv2_public_event_disjoint",
  "seed": 233,
  "metrics": {
    "AUPRC": 0.7619047619047619,
    "AUROC": 0.9588744588744589,
    "Brier": 0.06198897166798372,
    "LogLoss": 0.20422082521508658,
    "ECE@10": 0.05646783977214679,
    "BestF1": 0.8,
    "LeadTime@P80": 12.5,
    "Precision@P80": 1.0,
    "Recall@P80": 0.6666666666666666,
    "LeadTimeDetail": {
      "threshold": 0.081132,
      "precision": 1.0,
      "recall": 0.6666666666666666,
      "lead_time": 12.5
    }
  },
  "threshold": 0.5,
  "policy_info": null,
  "predictions": {
    "y_true": [
      0,
      0,
      0,
      0,
      0,
      0,
      0,
      0,
      0,
      0,
      0,
      0,
      0,
      0,
      0,
      0,
      0,
      0,
      0,
      0,
      0,
      0,
      0,
      0,
      0,
      0,
      0,
      0,
      0,
      0,
      0,
      0,
      0,
      0,
      0,
      0,
      0,
      0,
      0,
      0,
      0,
      0,
      0,
      0,
      0,
      0,
      0,
      0,
      0,
      0,
      0,
      0,
      0,
      0,
      0,
      0,
      0,
      0,
      0,
      0,
      0,
      0,
      0,
      0,
      0,
      0,
      0,
      0,
      0,
      0,
      0,
      0,
      0,
      0,
      0,
      0,
      1,
      1,
      1,
      1,
      1,
      1,
      0
    ],
    "y_score": [
      0.0013488715048879385,
      0.0005870565655641258,
      0.0002217778965132311,
      0.00021449060295708477,
      0.0010007070377469063,
      0.000347701134160161,
      0.0002977596886921674,
      0.0004278018604964018,
      0.0006690768641419709,
      0.0003966704825870693,
      0.0002540478599257767,
      0.00021449060295708477,
      0.0010007070377469063,
      0.0010007070377469063,
      0.0010007070377469063,
      0.0010007070377469063,
      0.0010007070377469063,
      0.0010007070377469063,
      0.0010007070377469063,
      0.0010007070377469063,
      0.0010007070377469063,
      0.0010007070377469063,
      0.0010007070377469063,
      0.0010007070377469063,
      0.0010007070377469063,
      0.0010007070377469063,
      0.0010007070377469063,
      0.0010007070377469063,
      0.0010007070377469063,
      0.0010007070377469063,
      0.0010007070377469063,
      0.004927221219986677,
      0.03020433522760868,
      0.030678821727633476,
      0.02908155880868435,
      0.00532756932079792,
      0.0003861580044031143,
      0.00041624484583735466,
      0.0010007070377469063,
      0.0010007070377469063,
      0.0010007070377469063,
      0.004927221219986677,
      0.004714183509349823,
      0.005102216266095638,
      0.004726273939013481,
      0.0811319351196289,
      0.0010007070377469063,
      0.03190212324261665,
      0.0010007070377469063,
      0.03190212324261665,
      0.0010007070377469063,
      0.03190212324261665,
      0.0010007070377469063,
      0.03190212324261665,
      0.0006804998265579343,
      0.0010007070377469063,
      0.0010007070377469063,
      0.0010007070377469063,
      0.0052796234376728535,
      0.005058689974248409,
      0.007364442106336355,
      0.006874170619994402,
      0.0811319351196289,
      0.0006995121366344392,
      0.03190212324261665,
      0.0006804998265579343,
      0.03190212324261665,
      0.0010007070377469063,
      0.03190212324261665,
      0.0010007070377469063,
      0.03190212324261665,
      0.0010007070377469063,
      0.03190212324261665,
      0.0811319351196289,
      0.03190212324261665,
      0.03190212324261665,
      0.03190212324261665,
      0.03190212324261665,
      0.08444961160421371,
      0.11790405213832855,
      0.10640548169612885,
      0.0958053469657898,
      0.06534907966852188
    ],
    "incident_id": [
      "atlasv2/h2-benign-seg033",
      "atlasv2/h2-benign-seg033",
      "atlasv2/h2-benign-seg033",
      "atlasv2/h2-benign-seg033",
      "atlasv2/h2-benign-seg033",
      "atlasv2/h2-benign-seg033",
      "atlasv2/h2-benign-seg033",
      "atlasv2/h2-benign-seg033",
      "atlasv2/h2-benign-seg033",
      "atlasv2/h2-benign-seg033",
      "atlasv2/h2-benign-seg033",
      "atlasv2/h2-benign-seg033",
      "atlasv2/h2-benign-seg033",
      "atlasv2/h2-benign-seg033",
      "atlasv2/h2-benign-seg033",
      "atlasv2/h2-benign-seg033",
      "atlasv2/h2-benign-seg033",
      "atlasv2/h2-benign-seg033",
      "atlasv2/h2-benign-seg033",
      "atlasv2/h2-benign-seg033",
      "atlasv2/h2-benign-seg033",
      "atlasv2/h2-benign-seg033",
      "atlasv2/h2-benign-seg033",
      "atlasv2/h2-benign-seg033",
      "atlasv2/h2-benign-seg033",
      "atlasv2/h2-benign-seg033",
      "atlasv2/h2-benign-seg033",
      "atlasv2/h2-benign-seg033",
      "atlasv2/h2-benign-seg033",
      "atlasv2/h2-benign-seg033",
      "atlasv2/h2-benign-seg033",
      "atlasv2/h2-benign-seg033",
      "atlasv2/h2-benign-seg034",
      "atlasv2/h2-benign-seg034",
      "atlasv2/h2-benign-seg034",
      "atlasv2/h2-benign-seg034",
      "atlasv2/h2-benign-seg034",
      "atlasv2/h2-benign-seg034",
      "atlasv2/h2-benign-seg034",
      "atlasv2/h2-benign-seg034",
      "atlasv2/h2-benign-seg034",
      "atlasv2/h2-benign-seg034",
      "atlasv2/h2-benign-seg034",
      "atlasv2/h2-benign-seg034",
      "atlasv2/h2-benign-seg034",
      "atlasv2/h1-benign-seg034",
      "atlasv2/h2-benign-seg034",
      "atlasv2/h1-benign-seg034",
      "atlasv2/h2-benign-seg034",
      "atlasv2/h1-benign-seg034",
      "atlasv2/h2-benign-seg034",
      "atlasv2/h1-benign-seg034",
      "atlasv2/h2-benign-seg034",
      "atlasv2/h1-benign-seg034",
      "atlasv2/h2-benign-seg035",
      "atlasv2/h2-benign-seg035",
      "atlasv2/h2-benign-seg035",
      "atlasv2/h2-benign-seg035",
      "atlasv2/h2-benign-seg035",
      "atlasv2/h2-benign-seg035",
      "atlasv2/h2-benign-seg035",
      "atlasv2/h2-benign-seg035",
      "atlasv2/h1-benign-seg035",
      "atlasv2/h2-benign-seg035",
      "atlasv2/h1-benign-seg035",
      "atlasv2/h2-benign-seg035",
      "atlasv2/h1-benign-seg035",
      "atlasv2/h2-benign-seg035",
      "atlasv2/h1-benign-seg035",
      "atlasv2/h2-benign-seg035",
      "atlasv2/h1-benign-seg035",
      "atlasv2/h2-benign-seg035",
      "atlasv2/h1-benign-seg035",
      "atlasv2/h1-s4",
      "atlasv2/h1-s4",
      "atlasv2/h1-s4",
      "atlasv2/h1-s4",
      "atlasv2/h1-s4",
      "atlasv2/h1-s4",
      "atlasv2/h1-s4",
      "atlasv2/h1-s4",
      "atlasv2/h1-s4",
      "atlasv2/h1-s4"
    ],