{
  "display_name": "DLinear-Forecaster",
  "base_experiment_name": "r020_dlinear_forecaster_atlasv2_public_event_disjoint",
  "seed": 1597,
  "split": "test_event_disjoint",
  "metrics": {
    "AUPRC": 0.753623188405797,
    "AUROC": 0.9502164502164503,
    "Brier": 0.0597441971074326,
    "LogLoss": 0.18913547168909142,
    "ECE@10": 0.05012333741080554,
    "BestF1": 0.8,
    "LeadTime@P80": 12.5,
    "Precision@P80": 1.0,
    "Recall@P80": 0.6666666666666666,
    "LeadTimeDetail": {
      "threshold": 0.091709,
      "precision": 1.0,
      "recall": 0.6666666666666666,
      "lead_time": 12.5
    }
  },
  "threshold": 0.5,
  "policy_info": null,
  "predictions": {
    "y_true": [
      0,
      0,
      0,
      0,
      0,
      0,
      0,
      0,
      0,
      0,
      0,
      0,
      0,
      0,
      0,
      0,
      0,
      0,
      0,
      0,
      0,
      0,
      0,
      0,
      0,
      0,
      0,
      0,
      0,
      0,
      0,
      0,
      0,
      0,
      0,
      0,
      0,
      0,
      0,
      0,
      0,
      0,
      0,
      0,
      0,
      0,
      0,
      0,
      0,
      0,
      0,
      0,
      0,
      0,
      0,
      0,
      0,
      0,
      0,
      0,
      0,
      0,
      0,
      0,
      0,
      0,
      0,
      0,
      0,
      0,
      0,
      0,
      0,
      0,
      0,
      0,
      1,
      1,
      1,
      1,
      1,
      1,
      0
    ],
    "y_score": [
      0.0024674583692103624,
      0.0010950862197205424,
      0.0004039680352434516,
      0.0004003348876722157,
      0.0013647973537445068,
      0.0005988362827338278,
      0.0005698323948308825,
      0.0008227257058024406,
      0.00128091627266258,
      0.0007921921787783504,
      0.0005007731379009783,
      0.0004003348876722157,
      0.0013647973537445068,
      0.0013647973537445068,
      0.0013647973537445068,
      0.0013647973537445068,
      0.0013647973537445068,
      0.0013647973537445068,
      0.0013647973537445068,
      0.0013647973537445068,
      0.0013647973537445068,
      0.0013647973537445068,
      0.0013647973537445068,
      0.0013647973537445068,
      0.0013647973537445068,
      0.0013647973537445068,
      0.0013647973537445068,
      0.0013647973537445068,
      0.0013647973537445068,
      0.0013647973537445068,
      0.0013647973537445068,
      0.010252070613205433,
      0.05269968509674072,
      0.052966345101594925,
      0.05100933089852333,
      0.011279993690550327,
      0.0006364838336594403,
      0.0006294816848821938,
      0.0013647973537445068,
      0.0013647973537445068,
      0.0013647973537445068,
      0.010252070613205433,
      0.010122057050466537,
      0.010360082611441612,
      0.009991821832954884,
      0.0910181924700737,
      0.0013647973537445068,
      0.051917530596256256,
      0.0013647973537445068,
      0.051917530596256256,
      0.0013647973537445068,
      0.051917530596256256,
      0.0013647973537445068,
      0.051917530596256256,
      0.00107794557698071,
      0.0013647973537445068,
      0.0013647973537445068,
      0.0013647973537445068,
      0.010928592644631863,
      0.010797562077641487,
      0.014681756496429443,
      0.014247865416109562,
      0.0910181924700737,
      0.0010849501704797149,
      0.051917530596256256,
      0.00107794557698071,
      0.051917530596256256,
      0.0013647973537445068,
      0.051917530596256256,
      0.0013647973537445068,
      0.051917530596256256,
      0.0013647973537445068,
      0.051917530596256256,
      0.0910181924700737,
      0.051917530596256256,
      0.051917530596256256,
      0.051917530596256256,
      0.051917530596256256,
      0.09170939028263092,
      0.14206451177597046,
      0.13040859997272491,
      0.12047714740037918,
      0.07865405827760696
    ],
    "incident_id": [
      "atlasv2/h2-benign-seg033",
      "atlasv2/h2-benign-seg033",
      "atlasv2/h2-benign-seg033",
      "atlasv2/h2-benign-seg033",
      "atlasv2/h2-benign-seg033",
      "atlasv2/h2-benign-seg033",
      "atlasv2/h2-benign-seg033",
      "atlasv2/h2-benign-seg033",
      "atlasv2/h2-benign-seg033",
      "atlasv2/h2-benign-seg033",
      "atlasv2/h2-benign-seg033",
      "atlasv2/h2-benign-seg033",
      "atlasv2/h2-benign-seg033",
      "atlasv2/h2-benign-seg033",
      "atlasv2/h2-benign-seg033",
      "atlasv2/h2-benign-seg033",
      "atlasv2/h2-benign-seg033",
      "atlasv2/h2-benign-seg033",
      "atlasv2/h2-benign-seg033",
      "atlasv2/h2-benign-seg033",
      "atlasv2/h2-benign-seg033",
      "atlasv2/h2-benign-seg033",
      "atlasv2/h2-benign-seg033",
      "atlasv2/h2-benign-seg033",
      "atlasv2/h2-benign-seg033",
      "atlasv2/h2-benign-seg033",
      "atlasv2/h2-benign-seg033",
      "atlasv2/h2-benign-seg033",
      "atlasv2/h2-benign-seg033",
      "atlasv2/h2-benign-seg033",
      "atlasv2/h2-benign-seg033",
      "atlasv2/h2-benign-seg033",
      "atlasv2/h2-benign-seg034",
      "atlasv2/h2-benign-seg034",
      "atlasv2/h2-benign-seg034",
      "atlasv2/h2-benign-seg034",
      "atlasv2/h2-benign-seg034",
      "atlasv2/h2-benign-seg034",
      "atlasv2/h2-benign-seg034",
      "atlasv2/h2-benign-seg034",
      "atlasv2/h2-benign-seg034",
      "atlasv2/h2-benign-seg034",
      "atlasv2/h2-benign-seg034",
      "atlasv2/h2-benign-seg034",
      "atlasv2/h2-benign-seg034",
      "atlasv2/h1-benign-seg034",
      "atlasv2/h2-benign-seg034",
      "atlasv2/h1-benign-seg034",
      "atlasv2/h2-benign-seg034",
      "atlasv2/h1-benign-seg034",
      "atlasv2/h2-benign-seg034",
      "atlasv2/h1-benign-seg034",
      "atlasv2/h2-benign-seg034",
      "atlasv2/h1-benign-seg034",
      "atlasv2/h2-benign-seg035",
      "atlasv2/h2-benign-seg035",
      "atlasv2/h2-benign-seg035",
      "atlasv2/h2-benign-seg035",
      "atlasv2/h2-benign-seg035",
      "atlasv2/h2-benign-seg035",
      "atlasv2/h2-benign-seg035",
      "atlasv2/h2-benign-seg035",
      "atlasv2/h1-benign-seg035",
      "atlasv2/h2-benign-seg035",
      "atlasv2/h1-benign-seg035",
      "atlasv2/h2-benign-seg035",
      "atlasv2/h1-benign-seg035",
      "atlasv2/h2-benign-seg035",
      "atlasv2/h1-benign-seg035",
      "atlasv2/h2-benign-seg035",
      "atlasv2/h1-benign-seg035",
      "atlasv2/h2-benign-seg035",
      "atlasv2/h1-benign-seg035",
      "atlasv2/h1-s4",
      "atlasv2/h1-s4",
      "atlasv2/h1-s4",
      "atlasv2/h1-s4",
      "atlasv2/h1-s4",
      "atlasv2/h1-s4",
      "atlasv2/h1-s4",
      "atlasv2/h1-s4",
      "atlasv2/h1-s4",
      "atlasv2/h1-s4"
    ],