{
  "display_name": "DLinear-Forecaster",
  "base_experiment_name": "r020_dlinear_forecaster_atlasv2_public_event_disjoint",
  "seed": 7,
  "split": "test_event_disjoint",
  "metrics": {
    "AUPRC": 0.7499999999999999,
    "AUROC": 0.9458874458874459,
    "Brier": 0.055950056475063195,
    "LogLoss": 0.17347588364838404,
    "ECE@10": 0.03832642397708653,
    "BestF1": 0.8,
    "LeadTime@P80": 12.5,
    "Precision@P80": 1.0,
    "Recall@P80": 0.6666666666666666,
    "LeadTimeDetail": {
      "threshold": 0.151453,
      "precision": 1.0,
      "recall": 0.6666666666666666,
      "lead_time": 12.5
    }
  },
  "threshold": 0.5,
  "policy_info": null,
  "predictions": {
    "y_true": [
      0,
      0,
      0,
      0,
      0,
      0,
      0,
      0,
      0,
      0,
      0,
      0,
      0,
      0,
      0,
      0,
      0,
      0,
      0,
      0,
      0,
      0,
      0,
      0,
      0,
      0,
      0,
      0,
      0,
      0,
      0,
      0,
      0,
      0,
      0,
      0,
      0,
      0,
      0,
      0,
      0,
      0,
      0,
      0,
      0,
      0,
      0,
      0,
      0,
      0,
      0,
      0,
      0,
      0,
      0,
      0,
      0,
      0,
      0,
      0,
      0,
      0,
      0,
      0,
      0,
      0,
      0,
      0,
      0,
      0,
      0,
      0,
      0,
      0,
      0,
      0,
      1,
      1,
      1,
      1,
      1,
      1,
      0
    ],
    "y_score": [
      0.00691384868696332,
      0.004060039296746254,
      0.00145636813249439,
      0.0014283449854701757,
      0.002740816678851843,
      0.0017945538274943829,
      0.002255432540550828,
      0.003760778810828924,
      0.00597317423671484,
      0.0036601244937628508,
      0.0021780882962048054,
      0.0014283449854701757,
      0.002740816678851843,
      0.002740816678851843,
      0.002740816678851843,
      0.002740816678851843,
      0.002740816678851843,
      0.002740816678851843,
      0.002740816678851843,
      0.002740816678851843,
      0.002740816678851843,
      0.002740816678851843,
      0.002740816678851843,
      0.002740816678851843,
      0.002740816678851843,
      0.002740816678851843,
      0.002740816678851843,
      0.002740816678851843,
      0.002740816678851843,
      0.002740816678851843,
      0.002740816678851843,
      0.023591088131070137,
      0.07700864970684052,
      0.07759655267000198,
      0.08228985965251923,
      0.025829903781414032,
      0.0018541117897257209,
      0.0016056486638262868,
      0.002740816678851843,
      0.002740816678851843,
      0.002740816678851843,
      0.023591088131070137,
      0.02331363968551159,
      0.02423621341586113,
      0.023555120453238487,
      0.149854376912117,
      0.002740816678851843,
      0.07542888075113297,
      0.002740816678851843,
      0.07542888075113297,
      0.002740816678851843,
      0.07542888075113297,
      0.002740816678851843,
      0.07542888075113297,
      0.001778849633410573,
      0.002740816678851843,
      0.002740816678851843,
      0.002740816678851843,
      0.024651112034916878,
      0.02441689930856228,
      0.025105072185397148,
      0.0245247483253479,
      0.149854376912117,
      0.0018074190011247993,
      0.07542888075113297,
      0.001778849633410573,
      0.07542888075113297,
      0.002740816678851843,
      0.07542888075113297,
      0.002740816678851843,
      0.07542888075113297,
      0.002740816678851843,
      0.07542888075113297,
      0.149854376912117,
      0.07542888075113297,
      0.07542888075113297,
      0.07542888075113297,
      0.07542888075113297,
      0.15145321190357208,
      0.18730895221233368,
      0.1730038970708847,
      0.16076959669589996,
      0.10234169661998749
    ],
    "incident_id": [
      "atlasv2/h2-benign-seg033",
      "atlasv2/h2-benign-seg033",
      "atlasv2/h2-benign-seg033",
      "atlasv2/h2-benign-seg033",
      "atlasv2/h2-benign-seg033",
      "atlasv2/h2-benign-seg033",
      "atlasv2/h2-benign-seg033",
      "atlasv2/h2-benign-seg033",
      "atlasv2/h2-benign-seg033",
      "atlasv2/h2-benign-seg033",
      "atlasv2/h2-benign-seg033",
      "atlasv2/h2-benign-seg033",
      "atlasv2/h2-benign-seg033",
      "atlasv2/h2-benign-seg033",
      "atlasv2/h2-benign-seg033",
      "atlasv2/h2-benign-seg033",
      "atlasv2/h2-benign-seg033",
      "atlasv2/h2-benign-seg033",
      "atlasv2/h2-benign-seg033",
      "atlasv2/h2-benign-seg033",
      "atlasv2/h2-benign-seg033",
      "atlasv2/h2-benign-seg033",
      "atlasv2/h2-benign-seg033",
      "atlasv2/h2-benign-seg033",
      "atlasv2/h2-benign-seg033",
      "atlasv2/h2-benign-seg033",
      "atlasv2/h2-benign-seg033",
      "atlasv2/h2-benign-seg033",
      "atlasv2/h2-benign-seg033",
      "atlasv2/h2-benign-seg033",
      "atlasv2/h2-benign-seg033",
      "atlasv2/h2-benign-seg033",
      "atlasv2/h2-benign-seg034",
      "atlasv2/h2-benign-seg034",
      "atlasv2/h2-benign-seg034",
      "atlasv2/h2-benign-seg034",
      "atlasv2/h2-benign-seg034",
      "atlasv2/h2-benign-seg034",
      "atlasv2/h2-benign-seg034",
      "atlasv2/h2-benign-seg034",
      "atlasv2/h2-benign-seg034",
      "atlasv2/h2-benign-seg034",
      "atlasv2/h2-benign-seg034",
      "atlasv2/h2-benign-seg034",
      "atlasv2/h2-benign-seg034",
      "atlasv2/h1-benign-seg034",
      "atlasv2/h2-benign-seg034",
      "atlasv2/h1-benign-seg034",
      "atlasv2/h2-benign-seg034",
      "atlasv2/h1-benign-seg034",
      "atlasv2/h2-benign-seg034",
      "atlasv2/h1-benign-seg034",
      "atlasv2/h2-benign-seg034",
      "atlasv2/h1-benign-seg034",
      "atlasv2/h2-benign-seg035",
      "atlasv2/h2-benign-seg035",
      "atlasv2/h2-benign-seg035",
      "atlasv2/h2-benign-seg035",
      "atlasv2/h2-benign-seg035",
      "atlasv2/h2-benign-seg035",
      "atlasv2/h2-benign-seg035",
      "atlasv2/h2-benign-seg035",
      "atlasv2/h1-benign-seg035",
      "atlasv2/h2-benign-seg035",
      "atlasv2/h1-benign-seg035",
      "atlasv2/h2-benign-seg035",
      "atlasv2/h1-benign-seg035",
      "atlasv2/h2-benign-seg035",
      "atlasv2/h1-benign-seg035",
      "atlasv2/h2-benign-seg035",
      "atlasv2/h1-benign-seg035",
      "atlasv2/h2-benign-seg035",
      "atlasv2/h1-benign-seg035",
      "atlasv2/h1-s4",
      "atlasv2/h1-s4",
      "atlasv2/h1-s4",
      "atlasv2/h1-s4",
      "atlasv2/h1-s4",
      "atlasv2/h1-s4",
      "atlasv2/h1-s4",
      "atlasv2/h1-s4",
      "atlasv2/h1-s4",
      "atlasv2/h1-s4"
    ],