{
  "display_name": "DLinear-Forecaster",
  "base_experiment_name": "r020_dlinear_forecaster_atlasv2_public_event_disjoint",
  "seed": 377,
  "split": "test_event_disjoint",
  "metrics": {
    "AUPRC": 0.6904761904761904,
    "AUROC": 0.9523809523809523,
    "Brier": 0.057105537424360635,
    "LogLoss": 0.1764163028114027,
    "ECE@10": 0.045119455375593615,
    "BestF1": 0.6666666666666666,
    "LeadTime@P80": 10.0,
    "Precision@P80": 1.0,
    "Recall@P80": 0.5,
    "LeadTimeDetail": {
      "threshold": 0.147116,
      "precision": 1.0,
      "recall": 0.5,
      "lead_time": 10.0
    }
  },
  "threshold": 0.5,
  "policy_info": null,
  "predictions": {
    "y_true": [
      0,
      0,
      0,
      0,
      0,
      0,
      0,
      0,
      0,
      0,
      0,
      0,
      0,
      0,
      0,
      0,
      0,
      0,
      0,
      0,
      0,
      0,
      0,
      0,
      0,
      0,
      0,
      0,
      0,
      0,
      0,
      0,
      0,
      0,
      0,
      0,
      0,
      0,
      0,
      0,
      0,
      0,
      0,
      0,
      0,
      0,
      0,
      0,
      0,
      0,
      0,
      0,
      0,
      0,
      0,
      0,
      0,
      0,
      0,
      0,
      0,
      0,
      0,
      0,
      0,
      0,
      0,
      0,
      0,
      0,
      0,
      0,
      0,
      0,
      0,
      0,
      1,
      1,
      1,
      1,
      1,
      1,
      0
    ],
    "y_score": [
      0.0030900121200829744,
      0.0017363736405968666,
      0.0004301521403249353,
      0.00043220940278843045,
      0.0010334147373214364,
      0.0005347565747797489,
      0.0006172468420118093,
      0.0010123660322278738,
      0.00181791209615767,
      0.0010751073714345694,
      0.0006132737034931779,
      0.00043220940278843045,
      0.0010334147373214364,
      0.0010334147373214364,
      0.0010334147373214364,
      0.0010334147373214364,
      0.0010334147373214364,
      0.0010334147373214364,
      0.0010334147373214364,
      0.0010334147373214364,
      0.0010334147373214364,
      0.0010334147373214364,
      0.0010334147373214364,
      0.0010334147373214364,
      0.0010334147373214364,
      0.0010334147373214364,
      0.0010334147373214364,
      0.0010334147373214364,
      0.0010334147373214364,
      0.0010334147373214364,
      0.0010334147373214364,
      0.011321431957185268,
      0.05741112679243088,
      0.0568833164870739,
      0.057800885289907455,
      0.013710301369428635,
      0.0007305196486413479,
      0.0006021222216077149,
      0.0010334147373214364,
      0.0010334147373214364,
      0.0010334147373214364,
      0.011321431957185268,
      0.011781206354498863,
      0.011146494187414646,
      0.01190053578466177,
      0.12828753888607025,
      0.0010334147373214364,
      0.06300131231546402,
      0.0010334147373214364,
      0.06300131231546402,
      0.0010334147373214364,
      0.06300131231546402,
      0.0010334147373214364,
      0.06300131231546402,
      0.0007734542014077306,
      0.0010334147373214364,
      0.0010334147373214364,
      0.0010334147373214364,
      0.011891120113432407,
      0.012417263351380825,
      0.013950737193226814,
      0.014863447286188602,
      0.12828753888607025,
      0.0007594302296638489,
      0.06300131231546402,
      0.0007734542014077306,
      0.06300131231546402,
      0.0010334147373214364,
      0.06300131231546402,
      0.0010334147373214364,
      0.06300131231546402,
      0.0010334147373214364,
      0.06300131231546402,
      0.12828753888607025,
      0.06300131231546402,
      0.06300131231546402,
      0.06300131231546402,
      0.06300131231546402,
      0.1277942955493927,
      0.17624258995056152,
      0.1610105186700821,
      0.14711634814739227,
      0.09310919046401978
    ],
    "incident_id": [
      "atlasv2/h2-benign-seg033",
      "atlasv2/h2-benign-seg033",
      "atlasv2/h2-benign-seg033",
      "atlasv2/h2-benign-seg033",
      "atlasv2/h2-benign-seg033",
      "atlasv2/h2-benign-seg033",
      "atlasv2/h2-benign-seg033",
      "atlasv2/h2-benign-seg033",
      "atlasv2/h2-benign-seg033",
      "atlasv2/h2-benign-seg033",
      "atlasv2/h2-benign-seg033",
      "atlasv2/h2-benign-seg033",
      "atlasv2/h2-benign-seg033",
      "atlasv2/h2-benign-seg033",
      "atlasv2/h2-benign-seg033",
      "atlasv2/h2-benign-seg033",
      "atlasv2/h2-benign-seg033",
      "atlasv2/h2-benign-seg033",
      "atlasv2/h2-benign-seg033",
      "atlasv2/h2-benign-seg033",
      "atlasv2/h2-benign-seg033",
      "atlasv2/h2-benign-seg033",
      "atlasv2/h2-benign-seg033",
      "atlasv2/h2-benign-seg033",
      "atlasv2/h2-benign-seg033",
      "atlasv2/h2-benign-seg033",
      "atlasv2/h2-benign-seg033",
      "atlasv2/h2-benign-seg033",
      "atlasv2/h2-benign-seg033",
      "atlasv2/h2-benign-seg033",
      "atlasv2/h2-benign-seg033",
      "atlasv2/h2-benign-seg033",
      "atlasv2/h2-benign-seg034",
      "atlasv2/h2-benign-seg034",
      "atlasv2/h2-benign-seg034",
      "atlasv2/h2-benign-seg034",
      "atlasv2/h2-benign-seg034",
      "atlasv2/h2-benign-seg034",
      "atlasv2/h2-benign-seg034",
      "atlasv2/h2-benign-seg034",
      "atlasv2/h2-benign-seg034",
      "atlasv2/h2-benign-seg034",
      "atlasv2/h2-benign-seg034",
      "atlasv2/h2-benign-seg034",
      "atlasv2/h2-benign-seg034",
      "atlasv2/h1-benign-seg034",
      "atlasv2/h2-benign-seg034",
      "atlasv2/h1-benign-seg034",
      "atlasv2/h2-benign-seg034",
      "atlasv2/h1-benign-seg034",
      "atlasv2/h2-benign-seg034",
      "atlasv2/h1-benign-seg034",
      "atlasv2/h2-benign-seg034",
      "atlasv2/h1-benign-seg034",
      "atlasv2/h2-benign-seg035",
      "atlasv2/h2-benign-seg035",
      "atlasv2/h2-benign-seg035",
      "atlasv2/h2-benign-seg035",
      "atlasv2/h2-benign-seg035",
      "atlasv2/h2-benign-seg035",
      "atlasv2/h2-benign-seg035",
      "atlasv2/h2-benign-seg035",
      "atlasv2/h1-benign-seg035",
      "atlasv2/h2-benign-seg035",
      "atlasv2/h1-benign-seg035",
      "atlasv2/h2-benign-seg035",
      "atlasv2/h1-benign-seg035",
      "atlasv2/h2-benign-seg035",
      "atlasv2/h1-benign-seg035",
      "atlasv2/h2-benign-seg035",
      "atlasv2/h1-benign-seg035",
      "atlasv2/h2-benign-seg035",
      "atlasv2/h1-benign-seg035",
      "atlasv2/h1-s4",
      "atlasv2/h1-s4",
      "atlasv2/h1-s4",
      "atlasv2/h1-s4",
      "atlasv2/h1-s4",
      "atlasv2/h1-s4",
      "atlasv2/h1-s4",
      "atlasv2/h1-s4",
      "atlasv2/h1-s4",
      "atlasv2/h1-s4"
    ],