{
  "display_name": "DLinear-Forecaster",
  "base_experiment_name": "r020_dlinear_forecaster_atlasv2_public_event_disjoint",
  "seed": 89,
  "metrics": {
    "AUPRC": 0.6785714285714285,
    "AUROC": 0.9502164502164502,
    "Brier": 0.05880273049148025,
    "LogLoss": 0.18536928763012556,
    "ECE@10": 0.04067060995723558,
    "BestF1": 0.6666666666666666,
    "LeadTime@P80": 10.0,
    "Precision@P80": 1.0,
    "Recall@P80": 0.5,
    "LeadTimeDetail": {
      "threshold": 0.128282,
      "precision": 1.0,
      "recall": 0.5,
      "lead_time": 10.0
    }
  },
  "threshold": 0.5,
  "policy_info": null,
  "predictions": {
    "y_true": [
      0,
      0,
      0,
      0,
      0,
      0,
      0,
      0,
      0,
      0,
      0,
      0,
      0,
      0,
      0,
      0,
      0,
      0,
      0,
      0,
      0,
      0,
      0,
      0,
      0,
      0,
      0,
      0,
      0,
      0,
      0,
      0,
      0,
      0,
      0,
      0,
      0,
      0,
      0,
      0,
      0,
      0,
      0,
      0,
      0,
      0,
      0,
      0,
      0,
      0,
      0,
      0,
      0,
      0,
      0,
      0,
      0,
      0,
      0,
      0,
      0,
      0,
      0,
      0,
      0,
      0,
      0,
      0,
      0,
      0,
      0,
      0,
      0,
      0,
      0,
      0,
      1,
      1,
      1,
      1,
      1,
      1,
      0
    ],
    "y_score": [
      0.008848549798130989,
      0.005368207581341267,
      0.0021778324153274298,
      0.0021698372438549995,
      0.005169859156012535,
      0.0028467485681176186,
      0.002754698507487774,
      0.003677395638078451,
      0.00525365024805069,
      0.0036112882662564516,
      0.0025097965262830257,
      0.0021698372438549995,
      0.005169859156012535,
      0.005169859156012535,
      0.005169859156012535,
      0.005169859156012535,
      0.005169859156012535,
      0.005169859156012535,
      0.005169859156012535,
      0.005169859156012535,
      0.005169859156012535,
      0.005169859156012535,
      0.005169859156012535,
      0.005169859156012535,
      0.005169859156012535,
      0.005169859156012535,
      0.005169859156012535,
      0.005169859156012535,
      0.005169859156012535,
      0.005169859156012535,
      0.005169859156012535,
      0.0204680897295475,
      0.07200537621974945,
      0.07160753756761551,
      0.06993699818849564,
      0.024274837225675583,
      0.003255796618759632,
      0.003142595523968339,
      0.005169859156012535,
      0.005169859156012535,
      0.005169859156012535,
      0.0204680897295475,
      0.021343916654586792,
      0.020290745422244072,
      0.021195538341999054,
      0.09863799065351486,
      0.005169859156012535,
      0.08139247447252274,
      0.005169859156012535,
      0.08139247447252274,
      0.005169859156012535,
      0.08139247447252274,
      0.005169859156012535,
      0.08139247447252274,
      0.004298804327845573,
      0.005169859156012535,
      0.005169859156012535,
      0.005169859156012535,
      0.021125266328454018,
      0.022059638053178787,
      0.025982368737459183,
      0.027168530970811844,
      0.09863799065351486,
      0.004242853727191687,
      0.08139247447252274,
      0.004298804327845573,
      0.08139247447252274,
      0.005169859156012535,
      0.08139247447252274,
      0.005169859156012535,
      0.08139247447252274,
      0.005169859156012535,
      0.08139247447252274,
      0.09863799065351486,
      0.08139247447252274,
      0.08139247447252274,
      0.08139247447252274,
      0.08139247447252274,
      0.09770941734313965,
      0.14140033721923828,
      0.13487336039543152,
      0.12828238308429718,
      0.0988987535238266
    ],
    "incident_id": [
      "atlasv2/h2-benign-seg033",
      "atlasv2/h2-benign-seg033",
      "atlasv2/h2-benign-seg033",
      "atlasv2/h2-benign-seg033",
      "atlasv2/h2-benign-seg033",
      "atlasv2/h2-benign-seg033",
      "atlasv2/h2-benign-seg033",
      "atlasv2/h2-benign-seg033",
      "atlasv2/h2-benign-seg033",
      "atlasv2/h2-benign-seg033",
      "atlasv2/h2-benign-seg033",
      "atlasv2/h2-benign-seg033",
      "atlasv2/h2-benign-seg033",
      "atlasv2/h2-benign-seg033",
      "atlasv2/h2-benign-seg033",
      "atlasv2/h2-benign-seg033",
      "atlasv2/h2-benign-seg033",
      "atlasv2/h2-benign-seg033",
      "atlasv2/h2-benign-seg033",
      "atlasv2/h2-benign-seg033",
      "atlasv2/h2-benign-seg033",
      "atlasv2/h2-benign-seg033",
      "atlasv2/h2-benign-seg033",
      "atlasv2/h2-benign-seg033",
      "atlasv2/h2-benign-seg033",
      "atlasv2/h2-benign-seg033",
      "atlasv2/h2-benign-seg033",
      "atlasv2/h2-benign-seg033",
      "atlasv2/h2-benign-seg033",
      "atlasv2/h2-benign-seg033",
      "atlasv2/h2-benign-seg033",
      "atlasv2/h2-benign-seg033",
      "atlasv2/h2-benign-seg034",
      "atlasv2/h2-benign-seg034",
      "atlasv2/h2-benign-seg034",
      "atlasv2/h2-benign-seg034",
      "atlasv2/h2-benign-seg034",
      "atlasv2/h2-benign-seg034",
      "atlasv2/h2-benign-seg034",
      "atlasv2/h2-benign-seg034",
      "atlasv2/h2-benign-seg034",
      "atlasv2/h2-benign-seg034",
      "atlasv2/h2-benign-seg034",
      "atlasv2/h2-benign-seg034",
      "atlasv2/h2-benign-seg034",
      "atlasv2/h1-benign-seg034",
      "atlasv2/h2-benign-seg034",
      "atlasv2/h1-benign-seg034",
      "atlasv2/h2-benign-seg034",
      "atlasv2/h1-benign-seg034",
      "atlasv2/h2-benign-seg034",
      "atlasv2/h1-benign-seg034",
      "atlasv2/h2-benign-seg034",
      "atlasv2/h1-benign-seg034",
      "atlasv2/h2-benign-seg035",
      "atlasv2/h2-benign-seg035",
      "atlasv2/h2-benign-seg035",
      "atlasv2/h2-benign-seg035",
      "atlasv2/h2-benign-seg035",
      "atlasv2/h2-benign-seg035",
      "atlasv2/h2-benign-seg035",
      "atlasv2/h2-benign-seg035",
      "atlasv2/h1-benign-seg035",
      "atlasv2/h2-benign-seg035",
      "atlasv2/h1-benign-seg035",
      "atlasv2/h2-benign-seg035",
      "atlasv2/h1-benign-seg035",
      "atlasv2/h2-benign-seg035",
      "atlasv2/h1-benign-seg035",
      "atlasv2/h2-benign-seg035",
      "atlasv2/h1-benign-seg035",
      "atlasv2/h2-benign-seg035",
      "atlasv2/h1-benign-seg035",
      "atlasv2/h1-s4",
      "atlasv2/h1-s4",
      "atlasv2/h1-s4",
      "atlasv2/h1-s4",
      "atlasv2/h1-s4",
      "atlasv2/h1-s4",
      "atlasv2/h1-s4",
      "atlasv2/h1-s4",
      "atlasv2/h1-s4",
      "atlasv2/h1-s4"
    ],