{
  "display_name": "DLinear-Forecaster",
  "base_experiment_name": "r020_dlinear_forecaster_atlasv2_public_event_disjoint",
  "seed": 46368,
  "metrics": {
    "AUPRC": 0.6785714285714285,
    "AUROC": 0.9393939393939394,
    "Brier": 0.059888561087354734,
    "LogLoss": 0.19313891618591336,
    "ECE@10": 0.05270414567427675,
    "BestF1": 0.6666666666666666,
    "LeadTime@P80": 12.5,
    "Precision@P80": 1.0,
    "Recall@P80": 0.3333333333333333,
    "LeadTimeDetail": {
      "threshold": 0.135267,
      "precision": 1.0,
      "recall": 0.3333333333333333,
      "lead_time": 12.5
    }
  },
  "threshold": 0.5,
  "policy_info": null,
  "predictions": {
    "y_true": [
      0,
      0,
      0,
      0,
      0,
      0,
      0,
      0,
      0,
      0,
      0,
      0,
      0,
      0,
      0,
      0,
      0,
      0,
      0,
      0,
      0,
      0,
      0,
      0,
      0,
      0,
      0,
      0,
      0,
      0,
      0,
      0,
      0,
      0,
      0,
      0,
      0,
      0,
      0,
      0,
      0,
      0,
      0,
      0,
      0,
      0,
      0,
      0,
      0,
      0,
      0,
      0,
      0,
      0,
      0,
      0,
      0,
      0,
      0,
      0,
      0,
      0,
      0,
      0,
      0,
      0,
      0,
      0,
      0,
      0,
      0,
      0,
      0,
      0,
      0,
      0,
      1,
      1,
      1,
      1,
      1,
      1,
      0
    ],
    "y_score": [
      0.00113777129445225,
      0.0006896897684782743,
      0.00024252032744698226,
      0.0002421427780063823,
      0.0010339036816731095,
      0.0003755289944820106,
      0.00031427430803887546,
      0.000425069680204615,
      0.0006509682280011475,
      0.0004186537698842585,
      0.00027085747569799423,
      0.0002421427780063823,
      0.0010339036816731095,
      0.0010339036816731095,
      0.0010339036816731095,
      0.0010339036816731095,
      0.0010339036816731095,
      0.0010339036816731095,
      0.0010339036816731095,
      0.0010339036816731095,
      0.0010339036816731095,
      0.0010339036816731095,
      0.0010339036816731095,
      0.0010339036816731095,
      0.0010339036816731095,
      0.0010339036816731095,
      0.0010339036816731095,
      0.0010339036816731095,
      0.0010339036816731095,
      0.0010339036816731095,
      0.0010339036816731095,
      0.009235306642949581,
      0.045011986047029495,
      0.044880449771881104,
      0.04626258462667465,
      0.009988868609070778,
      0.00043584551895037293,
      0.0004590787284541875,
      0.0010339036816731095,
      0.0010339036816731095,
      0.0010339036816731095,
      0.009235306642949581,
      0.010080855339765549,
      0.009475167840719223,
      0.00961346086114645,
      0.1002020314335823,
      0.0010339036816731095,
      0.036583833396434784,
      0.0010339036816731095,
      0.036583833396434784,
      0.0010339036816731095,
      0.036583833396434784,
      0.0010339036816731095,
      0.036583833396434784,
      0.000532295263838023,
      0.0010339036816731095,
      0.0010339036816731095,
      0.0010339036816731095,
      0.010329117998480797,
      0.01125875674188137,
      0.011099683120846748,
      0.011358008719980717,
      0.1002020314335823,
      0.0005321915377862751,
      0.036583833396434784,
      0.000532295263838023,
      0.036583833396434784,
      0.0010339036816731095,
      0.036583833396434784,
      0.0010339036816731095,
      0.036583833396434784,
      0.0010339036816731095,
      0.036583833396434784,
      0.1002020314335823,
      0.036583833396434784,
      0.036583833396434784,
      0.036583833396434784,
      0.036583833396434784,
      0.09843803942203522,
      0.14798563718795776,
      0.13526736199855804,
      0.12171851098537445,
      0.06650073081254959
    ],
    "incident_id": [
      "atlasv2/h2-benign-seg033",
      "atlasv2/h2-benign-seg033",
      "atlasv2/h2-benign-seg033",
      "atlasv2/h2-benign-seg033",
      "atlasv2/h2-benign-seg033",
      "atlasv2/h2-benign-seg033",
      "atlasv2/h2-benign-seg033",
      "atlasv2/h2-benign-seg033",
      "atlasv2/h2-benign-seg033",
      "atlasv2/h2-benign-seg033",
      "atlasv2/h2-benign-seg033",
      "atlasv2/h2-benign-seg033",
      "atlasv2/h2-benign-seg033",
      "atlasv2/h2-benign-seg033",
      "atlasv2/h2-benign-seg033",
      "atlasv2/h2-benign-seg033",
      "atlasv2/h2-benign-seg033",
      "atlasv2/h2-benign-seg033",
      "atlasv2/h2-benign-seg033",
      "atlasv2/h2-benign-seg033",
      "atlasv2/h2-benign-seg033",
      "atlasv2/h2-benign-seg033",
      "atlasv2/h2-benign-seg033",
      "atlasv2/h2-benign-seg033",
      "atlasv2/h2-benign-seg033",
      "atlasv2/h2-benign-seg033",
      "atlasv2/h2-benign-seg033",
      "atlasv2/h2-benign-seg033",
      "atlasv2/h2-benign-seg033",
      "atlasv2/h2-benign-seg033",
      "atlasv2/h2-benign-seg033",
      "atlasv2/h2-benign-seg033",
      "atlasv2/h2-benign-seg034",
      "atlasv2/h2-benign-seg034",
      "atlasv2/h2-benign-seg034",
      "atlasv2/h2-benign-seg034",
      "atlasv2/h2-benign-seg034",
      "atlasv2/h2-benign-seg034",
      "atlasv2/h2-benign-seg034",
      "atlasv2/h2-benign-seg034",
      "atlasv2/h2-benign-seg034",
      "atlasv2/h2-benign-seg034",
      "atlasv2/h2-benign-seg034",
      "atlasv2/h2-benign-seg034",
      "atlasv2/h2-benign-seg034",
      "atlasv2/h1-benign-seg034",
      "atlasv2/h2-benign-seg034",
      "atlasv2/h1-benign-seg034",
      "atlasv2/h2-benign-seg034",
      "atlasv2/h1-benign-seg034",
      "atlasv2/h2-benign-seg034",
      "atlasv2/h1-benign-seg034",
      "atlasv2/h2-benign-seg034",
      "atlasv2/h1-benign-seg034",
      "atlasv2/h2-benign-seg035",
      "atlasv2/h2-benign-seg035",
      "atlasv2/h2-benign-seg035",
      "atlasv2/h2-benign-seg035",
      "atlasv2/h2-benign-seg035",
      "atlasv2/h2-benign-seg035",
      "atlasv2/h2-benign-seg035",
      "atlasv2/h2-benign-seg035",
      "atlasv2/h1-benign-seg035",
      "atlasv2/h2-benign-seg035",
      "atlasv2/h1-benign-seg035",
      "atlasv2/h2-benign-seg035",
      "atlasv2/h1-benign-seg035",
      "atlasv2/h2-benign-seg035",
      "atlasv2/h1-benign-seg035",
      "atlasv2/h2-benign-seg035",
      "atlasv2/h1-benign-seg035",
      "atlasv2/h2-benign-seg035",
      "atlasv2/h1-benign-seg035",
      "atlasv2/h1-s4",
      "atlasv2/h1-s4",
      "atlasv2/h1-s4",
      "atlasv2/h1-s4",
      "atlasv2/h1-s4",
      "atlasv2/h1-s4",
      "atlasv2/h1-s4",
      "atlasv2/h1-s4",
      "atlasv2/h1-s4",
      "atlasv2/h1-s4"
    ],