{
  "display_name": "DLinear-Forecaster",
  "base_experiment_name": "r020_dlinear_forecaster_atlasv2_public_event_disjoint",
  "seed": 17711,
  "metrics": {
    "AUPRC": 0.6904761904761904,
    "AUROC": 0.9523809523809524,
    "Brier": 0.06140828668451249,
    "LogLoss": 0.19781548162525459,
    "ECE@10": 0.053671742969680664,
    "BestF1": 0.6666666666666666,
    "LeadTime@P80": 10.0,
    "Precision@P80": 1.0,
    "Recall@P80": 0.5,
    "LeadTimeDetail": {
      "threshold": 0.097537,
      "precision": 1.0,
      "recall": 0.5,
      "lead_time": 10.0
    }
  },
  "threshold": 0.5,
  "policy_info": null,
  "predictions": {
    "y_true": [
      0,
      0,
      0,
      0,
      0,
      0,
      0,
      0,
      0,
      0,
      0,
      0,
      0,
      0,
      0,
      0,
      0,
      0,
      0,
      0,
      0,
      0,
      0,
      0,
      0,
      0,
      0,
      0,
      0,
      0,
      0,
      0,
      0,
      0,
      0,
      0,
      0,
      0,
      0,
      0,
      0,
      0,
      0,
      0,
      0,
      0,
      0,
      0,
      0,
      0,
      0,
      0,
      0,
      0,
      0,
      0,
      0,
      0,
      0,
      0,
      0,
      0,
      0,
      0,
      0,
      0,
      0,
      0,
      0,
      0,
      0,
      0,
      0,
      0,
      0,
      0,
      1,
      1,
      1,
      1,
      1,
      1,
      0
    ],
    "y_score": [
      0.0018305585253983736,
      0.0010497046168893576,
      0.0003713403129950166,
      0.0003683167160488665,
      0.0011693487176671624,
      0.0005774733726866543,
      0.0006085052154958248,
      0.0009357428643852472,
      0.0014328074175864458,
      0.0008556066895835102,
      0.0005023560952395201,
      0.0003683167160488665,
      0.0011693487176671624,
      0.0011693487176671624,
      0.0011693487176671624,
      0.0011693487176671624,
      0.0011693487176671624,
      0.0011693487176671624,
      0.0011693487176671624,
      0.0011693487176671624,
      0.0011693487176671624,
      0.0011693487176671624,
      0.0011693487176671624,
      0.0011693487176671624,
      0.0011693487176671624,
      0.0011693487176671624,
      0.0011693487176671624,
      0.0011693487176671624,
      0.0011693487176671624,
      0.0011693487176671624,
      0.0011693487176671624,
      0.006978838238865137,
      0.033985111862421036,
      0.033508073538541794,
      0.03502586483955383,
      0.008222829550504684,
      0.0005229261587373912,
      0.000532034260686487,
      0.0011693487176671624,
      0.0011693487176671624,
      0.0011693487176671624,
      0.006978838238865137,
      0.007426952477544546,
      0.00678664306178689,
      0.007315758615732193,
      0.08888692408800125,
      0.0011693487176671624,
      0.044039443135261536,
      0.0011693487176671624,
      0.044039443135261536,
      0.0011693487176671624,
      0.044039443135261536,
      0.0011693487176671624,
      0.044039443135261536,
      0.0006486321799457073,
      0.0011693487176671624,
      0.0011693487176671624,
      0.0011693487176671624,
      0.007730045821517706,
      0.008270248770713806,
      0.00826490018516779,
      0.008844783529639244,
      0.08888692408800125,
      0.0006471650558523834,
      0.044039443135261536,
      0.0006486321799457073,
      0.044039443135261536,
      0.0011693487176671624,
      0.044039443135261536,
      0.0011693487176671624,
      0.044039443135261536,
      0.0011693487176671624,
      0.044039443135261536,
      0.08888692408800125,
      0.044039443135261536,
      0.044039443135261536,
      0.044039443135261536,
      0.044039443135261536,
      0.08836399018764496,
      0.11988455057144165,
      0.10784980654716492,
      0.09753721952438354,
      0.06260871887207031
    ],
    "incident_id": [
      "atlasv2/h2-benign-seg033",
      "atlasv2/h2-benign-seg033",
      "atlasv2/h2-benign-seg033",
      "atlasv2/h2-benign-seg033",
      "atlasv2/h2-benign-seg033",
      "atlasv2/h2-benign-seg033",
      "atlasv2/h2-benign-seg033",
      "atlasv2/h2-benign-seg033",
      "atlasv2/h2-benign-seg033",
      "atlasv2/h2-benign-seg033",
      "atlasv2/h2-benign-seg033",
      "atlasv2/h2-benign-seg033",
      "atlasv2/h2-benign-seg033",
      "atlasv2/h2-benign-seg033",
      "atlasv2/h2-benign-seg033",
      "atlasv2/h2-benign-seg033",
      "atlasv2/h2-benign-seg033",
      "atlasv2/h2-benign-seg033",
      "atlasv2/h2-benign-seg033",
      "atlasv2/h2-benign-seg033",
      "atlasv2/h2-benign-seg033",
      "atlasv2/h2-benign-seg033",
      "atlasv2/h2-benign-seg033",
      "atlasv2/h2-benign-seg033",
      "atlasv2/h2-benign-seg033",
      "atlasv2/h2-benign-seg033",
      "atlasv2/h2-benign-seg033",
      "atlasv2/h2-benign-seg033",
      "atlasv2/h2-benign-seg033",
      "atlasv2/h2-benign-seg033",
      "atlasv2/h2-benign-seg033",
      "atlasv2/h2-benign-seg033",
      "atlasv2/h2-benign-seg034",
      "atlasv2/h2-benign-seg034",
      "atlasv2/h2-benign-seg034",
      "atlasv2/h2-benign-seg034",
      "atlasv2/h2-benign-seg034",
      "atlasv2/h2-benign-seg034",
      "atlasv2/h2-benign-seg034",
      "atlasv2/h2-benign-seg034",
      "atlasv2/h2-benign-seg034",
      "atlasv2/h2-benign-seg034",
      "atlasv2/h2-benign-seg034",
      "atlasv2/h2-benign-seg034",
      "atlasv2/h2-benign-seg034",
      "atlasv2/h1-benign-seg034",
      "atlasv2/h2-benign-seg034",
      "atlasv2/h1-benign-seg034",
      "atlasv2/h2-benign-seg034",
      "atlasv2/h1-benign-seg034",
      "atlasv2/h2-benign-seg034",
      "atlasv2/h1-benign-seg034",
      "atlasv2/h2-benign-seg034",
      "atlasv2/h1-benign-seg034",
      "atlasv2/h2-benign-seg035",
      "atlasv2/h2-benign-seg035",
      "atlasv2/h2-benign-seg035",
      "atlasv2/h2-benign-seg035",
      "atlasv2/h2-benign-seg035",
      "atlasv2/h2-benign-seg035",
      "atlasv2/h2-benign-seg035",
      "atlasv2/h2-benign-seg035",
      "atlasv2/h1-benign-seg035",
      "atlasv2/h2-benign-seg035",
      "atlasv2/h1-benign-seg035",
      "atlasv2/h2-benign-seg035",
      "atlasv2/h1-benign-seg035",
      "atlasv2/h2-benign-seg035",
      "atlasv2/h1-benign-seg035",
      "atlasv2/h2-benign-seg035",
      "atlasv2/h1-benign-seg035",
      "atlasv2/h2-benign-seg035",
      "atlasv2/h1-benign-seg035",
      "atlasv2/h1-s4",
      "atlasv2/h1-s4",
      "atlasv2/h1-s4",
      "atlasv2/h1-s4",
      "atlasv2/h1-s4",
      "atlasv2/h1-s4",
      "atlasv2/h1-s4",
      "atlasv2/h1-s4",
      "atlasv2/h1-s4",
      "atlasv2/h1-s4"
    ],