{
  "display_name": "DLinear-Forecaster",
  "base_experiment_name": "r020_dlinear_forecaster_atlasv2_public_event_disjoint",
  "seed": 2584,
  "split": "test_event_disjoint",
  "metrics": {
    "AUPRC": 0.6785714285714285,
    "AUROC": 0.9393939393939394,
    "Brier": 0.05855125813718836,
    "LogLoss": 0.18581892138788825,
    "ECE@10": 0.05038767632276537,
    "BestF1": 0.6666666666666666,
    "LeadTime@P80": 10.0,
    "Precision@P80": 1.0,
    "Recall@P80": 0.5,
    "LeadTimeDetail": {
      "threshold": 0.122863,
      "precision": 1.0,
      "recall": 0.5,
      "lead_time": 10.0
    }
  },
  "threshold": 0.5,
  "policy_info": null,
  "predictions": {
    "y_true": [
      0,
      0,
      0,
      0,
      0,
      0,
      0,
      0,
      0,
      0,
      0,
      0,
      0,
      0,
      0,
      0,
      0,
      0,
      0,
      0,
      0,
      0,
      0,
      0,
      0,
      0,
      0,
      0,
      0,
      0,
      0,
      0,
      0,
      0,
      0,
      0,
      0,
      0,
      0,
      0,
      0,
      0,
      0,
      0,
      0,
      0,
      0,
      0,
      0,
      0,
      0,
      0,
      0,
      0,
      0,
      0,
      0,
      0,
      0,
      0,
      0,
      0,
      0,
      0,
      0,
      0,
      0,
      0,
      0,
      0,
      0,
      0,
      0,
      0,
      0,
      0,
      1,
      1,
      1,
      1,
      1,
      1,
      0
    ],
    "y_score": [
      0.0013748921919614077,
      0.0007366485660895705,
      0.0002246861404273659,
      0.00022342658485285938,
      0.0006859818240627646,
      0.0003106578951701522,
      0.00031615467742085457,
      0.0004883480141870677,
      0.000811312987934798,
      0.00048784594400785863,
      0.0002915862714871764,
      0.00022342658485285938,
      0.0006859818240627646,
      0.0006859818240627646,
      0.0006859818240627646,
      0.0006859818240627646,
      0.0006859818240627646,
      0.0006859818240627646,
      0.0006859818240627646,
      0.0006859818240627646,
      0.0006859818240627646,
      0.0006859818240627646,
      0.0006859818240627646,
      0.0006859818240627646,
      0.0006859818240627646,
      0.0006859818240627646,
      0.0006859818240627646,
      0.0006859818240627646,
      0.0006859818240627646,
      0.0006859818240627646,
      0.0006859818240627646,
      0.008191225118935108,
      0.04386775195598602,
      0.04396046698093414,
      0.04396580532193184,
      0.009007016196846962,
      0.00039030532934702933,
      0.0003582622448448092,
      0.0006859818240627646,
      0.0006859818240627646,
      0.0006859818240627646,
      0.008191225118935108,
      0.008838544599711895,
      0.008485532365739346,
      0.00906276423484087,
      0.12286294251680374,
      0.0006859818240627646,
      0.04085376858711243,
      0.0006859818240627646,
      0.04085376858711243,
      0.0006859818240627646,
      0.04085376858711243,
      0.0006859818240627646,
      0.04085376858711243,
      0.000597301812376827,
      0.0006859818240627646,
      0.0006859818240627646,
      0.0006859818240627646,
      0.009620659053325653,
      0.010448911227285862,
      0.012165791355073452,
      0.013069136068224907,
      0.12286294251680374,
      0.0005877956282347441,
      0.04085376858711243,
      0.000597301812376827,
      0.04085376858711243,
      0.0006859818240627646,
      0.04085376858711243,
      0.0006859818240627646,
      0.04085376858711243,
      0.0006859818240627646,
      0.04085376858711243,
      0.12286294251680374,
      0.04085376858711243,
      0.04085376858711243,
      0.04085376858711243,
      0.04085376858711243,
      0.12091945111751556,
      0.16700316965579987,
      0.14967915415763855,
      0.13286271691322327,
      0.08813837170600891
    ],
    "incident_id": [
      "atlasv2/h2-benign-seg033",
      "atlasv2/h2-benign-seg033",
      "atlasv2/h2-benign-seg033",
      "atlasv2/h2-benign-seg033",
      "atlasv2/h2-benign-seg033",
      "atlasv2/h2-benign-seg033",
      "atlasv2/h2-benign-seg033",
      "atlasv2/h2-benign-seg033",
      "atlasv2/h2-benign-seg033",
      "atlasv2/h2-benign-seg033",
      "atlasv2/h2-benign-seg033",
      "atlasv2/h2-benign-seg033",
      "atlasv2/h2-benign-seg033",
      "atlasv2/h2-benign-seg033",
      "atlasv2/h2-benign-seg033",
      "atlasv2/h2-benign-seg033",
      "atlasv2/h2-benign-seg033",
      "atlasv2/h2-benign-seg033",
      "atlasv2/h2-benign-seg033",
      "atlasv2/h2-benign-seg033",
      "atlasv2/h2-benign-seg033",
      "atlasv2/h2-benign-seg033",
      "atlasv2/h2-benign-seg033",
      "atlasv2/h2-benign-seg033",
      "atlasv2/h2-benign-seg033",
      "atlasv2/h2-benign-seg033",
      "atlasv2/h2-benign-seg033",
      "atlasv2/h2-benign-seg033",
      "atlasv2/h2-benign-seg033",
      "atlasv2/h2-benign-seg033",
      "atlasv2/h2-benign-seg033",
      "atlasv2/h2-benign-seg033",
      "atlasv2/h2-benign-seg034",
      "atlasv2/h2-benign-seg034",
      "atlasv2/h2-benign-seg034",
      "atlasv2/h2-benign-seg034",
      "atlasv2/h2-benign-seg034",
      "atlasv2/h2-benign-seg034",
      "atlasv2/h2-benign-seg034",
      "atlasv2/h2-benign-seg034",
      "atlasv2/h2-benign-seg034",
      "atlasv2/h2-benign-seg034",
      "atlasv2/h2-benign-seg034",
      "atlasv2/h2-benign-seg034",
      "atlasv2/h2-benign-seg034",
      "atlasv2/h1-benign-seg034",
      "atlasv2/h2-benign-seg034",
      "atlasv2/h1-benign-seg034",
      "atlasv2/h2-benign-seg034",
      "atlasv2/h1-benign-seg034",
      "atlasv2/h2-benign-seg034",
      "atlasv2/h1-benign-seg034",
      "atlasv2/h2-benign-seg034",
      "atlasv2/h1-benign-seg034",
      "atlasv2/h2-benign-seg035",
      "atlasv2/h2-benign-seg035",
      "atlasv2/h2-benign-seg035",
      "atlasv2/h2-benign-seg035",
      "atlasv2/h2-benign-seg035",
      "atlasv2/h2-benign-seg035",
      "atlasv2/h2-benign-seg035",
      "atlasv2/h2-benign-seg035",
      "atlasv2/h1-benign-seg035",
      "atlasv2/h2-benign-seg035",
      "atlasv2/h1-benign-seg035",
      "atlasv2/h2-benign-seg035",
      "atlasv2/h1-benign-seg035",
      "atlasv2/h2-benign-seg035",
      "atlasv2/h1-benign-seg035",
      "atlasv2/h2-benign-seg035",
      "atlasv2/h1-benign-seg035",
      "atlasv2/h2-benign-seg035",
      "atlasv2/h1-benign-seg035",
      "atlasv2/h1-s4",
      "atlasv2/h1-s4",
      "atlasv2/h1-s4",
      "atlasv2/h1-s4",
      "atlasv2/h1-s4",
      "atlasv2/h1-s4",
      "atlasv2/h1-s4",
      "atlasv2/h1-s4",
      "atlasv2/h1-s4",
      "atlasv2/h1-s4"
    ],