{
  "display_name": "DLinear-Forecaster",
  "base_experiment_name": "r020_dlinear_forecaster_atlasv2_public_event_disjoint",
  "seed": 13,
  "metrics": {
    "AUPRC": 0.6904761904761904,
    "AUROC": 0.9523809523809523,
    "Brier": 0.061427964004377084,
    "LogLoss": 0.1964212578853376,
    "ECE@10": 0.051996467388880224,
    "BestF1": 0.6666666666666666,
    "LeadTime@P80": 10.0,
    "Precision@P80": 1.0,
    "Recall@P80": 0.5,
    "LeadTimeDetail": {
      "threshold": 0.096235,
      "precision": 1.0,
      "recall": 0.5,
      "lead_time": 10.0
    }
  },
  "threshold": 0.5,
  "policy_info": null,
  "predictions": {
    "y_true": [
      0,
      0,
      0,
      0,
      0,
      0,
      0,
      0,
      0,
      0,
      0,
      0,
      0,
      0,
      0,
      0,
      0,
      0,
      0,
      0,
      0,
      0,
      0,
      0,
      0,
      0,
      0,
      0,
      0,
      0,
      0,
      0,
      0,
      0,
      0,
      0,
      0,
      0,
      0,
      0,
      0,
      0,
      0,
      0,
      0,
      0,
      0,
      0,
      0,
      0,
      0,
      0,
      0,
      0,
      0,
      0,
      0,
      0,
      0,
      0,
      0,
      0,
      0,
      0,
      0,
      0,
      0,
      0,
      0,
      0,
      0,
      0,
      0,
      0,
      0,
      0,
      1,
      1,
      1,
      1,
      1,
      1,
      0
    ],
    "y_score": [
      0.002840545028448105,
      0.001679717912338674,
      0.0004894424346275628,
      0.00048787964624352753,
      0.001385186449624598,
      0.0006882252055220306,
      0.0007320891600102186,
      0.0011330556590110064,
      0.0018317489884793758,
      0.001109190285205841,
      0.0006544505013152957,
      0.00048787964624352753,
      0.001385186449624598,
      0.001385186449624598,
      0.001385186449624598,
      0.001385186449624598,
      0.001385186449624598,
      0.001385186449624598,
      0.001385186449624598,
      0.001385186449624598,
      0.001385186449624598,
      0.001385186449624598,
      0.001385186449624598,
      0.001385186449624598,
      0.001385186449624598,
      0.001385186449624598,
      0.001385186449624598,
      0.001385186449624598,
      0.001385186449624598,
      0.001385186449624598,
      0.001385186449624598,
      0.0072808638215065,
      0.03937503695487976,
      0.039348676800727844,
      0.03813234716653824,
      0.009226999245584011,
      0.0007300788420252502,
      0.0006889871438033879,
      0.001385186449624598,
      0.001385186449624598,
      0.001385186449624598,
      0.0072808638215065,
      0.007956852205097675,
      0.007458040956407785,
      0.007620156742632389,
      0.08168555796146393,
      0.001385186449624598,
      0.054902493953704834,
      0.001385186449624598,
      0.054902493953704834,
      0.001385186449624598,
      0.054902493953704834,
      0.001385186449624598,
      0.054902493953704834,
      0.0010078897466883063,
      0.001385186449624598,
      0.001385186449624598,
      0.001385186449624598,
      0.007433461491018534,
      0.008173320442438126,
      0.00993958581238985,
      0.010238580405712128,
      0.08168555796146393,
      0.0010017219465225935,
      0.054902493953704834,
      0.0010078897466883063,
      0.054902493953704834,
      0.001385186449624598,
      0.054902493953704834,
      0.001385186449624598,
      0.054902493953704834,
      0.001385186449624598,
      0.054902493953704834,
      0.08168555796146393,
      0.054902493953704834,
      0.054902493953704834,
      0.054902493953704834,
      0.054902493953704834,
      0.08130247890949249,
      0.11303171515464783,
      0.10478634387254715,
      0.09623528271913528,
      0.06840156018733978
    ],
    "incident_id": [
      "atlasv2/h2-benign-seg033",
      "atlasv2/h2-benign-seg033",
      "atlasv2/h2-benign-seg033",
      "atlasv2/h2-benign-seg033",
      "atlasv2/h2-benign-seg033",
      "atlasv2/h2-benign-seg033",
      "atlasv2/h2-benign-seg033",
      "atlasv2/h2-benign-seg033",
      "atlasv2/h2-benign-seg033",
      "atlasv2/h2-benign-seg033",
      "atlasv2/h2-benign-seg033",
      "atlasv2/h2-benign-seg033",
      "atlasv2/h2-benign-seg033",
      "atlasv2/h2-benign-seg033",
      "atlasv2/h2-benign-seg033",
      "atlasv2/h2-benign-seg033",
      "atlasv2/h2-benign-seg033",
      "atlasv2/h2-benign-seg033",
      "atlasv2/h2-benign-seg033",
      "atlasv2/h2-benign-seg033",
      "atlasv2/h2-benign-seg033",
      "atlasv2/h2-benign-seg033",
      "atlasv2/h2-benign-seg033",
      "atlasv2/h2-benign-seg033",
      "atlasv2/h2-benign-seg033",
      "atlasv2/h2-benign-seg033",
      "atlasv2/h2-benign-seg033",
      "atlasv2/h2-benign-seg033",
      "atlasv2/h2-benign-seg033",
      "atlasv2/h2-benign-seg033",
      "atlasv2/h2-benign-seg033",
      "atlasv2/h2-benign-seg033",
      "atlasv2/h2-benign-seg034",
      "atlasv2/h2-benign-seg034",
      "atlasv2/h2-benign-seg034",
      "atlasv2/h2-benign-seg034",
      "atlasv2/h2-benign-seg034",
      "atlasv2/h2-benign-seg034",
      "atlasv2/h2-benign-seg034",
      "atlasv2/h2-benign-seg034",
      "atlasv2/h2-benign-seg034",
      "atlasv2/h2-benign-seg034",
      "atlasv2/h2-benign-seg034",
      "atlasv2/h2-benign-seg034",
      "atlasv2/h2-benign-seg034",
      "atlasv2/h1-benign-seg034",
      "atlasv2/h2-benign-seg034",
      "atlasv2/h1-benign-seg034",
      "atlasv2/h2-benign-seg034",
      "atlasv2/h1-benign-seg034",
      "atlasv2/h2-benign-seg034",
      "atlasv2/h1-benign-seg034",
      "atlasv2/h2-benign-seg034",
      "atlasv2/h1-benign-seg034",
      "atlasv2/h2-benign-seg035",
      "atlasv2/h2-benign-seg035",
      "atlasv2/h2-benign-seg035",
      "atlasv2/h2-benign-seg035",
      "atlasv2/h2-benign-seg035",
      "atlasv2/h2-benign-seg035",
      "atlasv2/h2-benign-seg035",
      "atlasv2/h2-benign-seg035",
      "atlasv2/h1-benign-seg035",
      "atlasv2/h2-benign-seg035",
      "atlasv2/h1-benign-seg035",
      "atlasv2/h2-benign-seg035",
      "atlasv2/h1-benign-seg035",
      "atlasv2/h2-benign-seg035",
      "atlasv2/h1-benign-seg035",
      "atlasv2/h2-benign-seg035",
      "atlasv2/h1-benign-seg035",
      "atlasv2/h2-benign-seg035",
      "atlasv2/h1-benign-seg035",
      "atlasv2/h1-s4",
      "atlasv2/h1-s4",
      "atlasv2/h1-s4",
      "atlasv2/h1-s4",
      "atlasv2/h1-s4",
      "atlasv2/h1-s4",
      "atlasv2/h1-s4",
      "atlasv2/h1-s4",
      "atlasv2/h1-s4",
      "atlasv2/h1-s4"
    ],