{
  "display_name": "DLinear-Forecaster",
  "base_experiment_name": "r020_dlinear_forecaster_atlasv2_public_event_disjoint",
  "seed": 34,
  "metrics": {
    "AUPRC": 0.6904761904761904,
    "AUROC": 0.9523809523809524,
    "Brier": 0.060191982631552614,
    "LogLoss": 0.19003228212392764,
    "ECE@10": 0.047830335498529386,
    "BestF1": 0.6666666666666666,
    "LeadTime@P80": 10.0,
    "Precision@P80": 1.0,
    "Recall@P80": 0.5,
    "LeadTimeDetail": {
      "threshold": 0.111336,
      "precision": 1.0,
      "recall": 0.5,
      "lead_time": 10.0
    }
  },
  "threshold": 0.5,
  "policy_info": null,
  "predictions": {
    "y_true": [
      0,
      0,
      0,
      0,
      0,
      0,
      0,
      0,
      0,
      0,
      0,
      0,
      0,
      0,
      0,
      0,
      0,
      0,
      0,
      0,
      0,
      0,
      0,
      0,
      0,
      0,
      0,
      0,
      0,
      0,
      0,
      0,
      0,
      0,
      0,
      0,
      0,
      0,
      0,
      0,
      0,
      0,
      0,
      0,
      0,
      0,
      0,
      0,
      0,
      0,
      0,
      0,
      0,
      0,
      0,
      0,
      0,
      0,
      0,
      0,
      0,
      0,
      0,
      0,
      0,
      0,
      0,
      0,
      0,
      0,
      0,
      0,
      0,
      0,
      0,
      0,
      1,
      1,
      1,
      1,
      1,
      1,
      0
    ],
    "y_score": [
      0.005640892311930656,
      0.0032526352442801,
      0.0009525809437036514,
      0.0009228007402271032,
      0.0016624381532892585,
      0.001024872064590454,
      0.001188538153655827,
      0.0018653220031410456,
      0.0032029019203037024,
      0.0020533213391900063,
      0.0013004972133785486,
      0.0009228007402271032,
      0.0016624381532892585,
      0.0016624381532892585,
      0.0016624381532892585,
      0.0016624381532892585,
      0.0016624381532892585,
      0.0016624381532892585,
      0.0016624381532892585,
      0.0016624381532892585,
      0.0016624381532892585,
      0.0016624381532892585,
      0.0016624381532892585,
      0.0016624381532892585,
      0.0016624381532892585,
      0.0016624381532892585,
      0.0016624381532892585,
      0.0016624381532892585,
      0.0016624381532892585,
      0.0016624381532892585,
      0.0016624381532892585,
      0.01278174389153719,
      0.054443180561065674,
      0.054455723613500595,
      0.05338190868496895,
      0.016681237146258354,
      0.0015574294375255704,
      0.0011712873820215464,
      0.0016624381532892585,
      0.0016624381532892585,
      0.0016624381532892585,
      0.01278174389153719,
      0.013218965381383896,
      0.013153517618775368,
      0.01285142544656992,
      0.09620082378387451,
      0.0016624381532892585,
      0.06385882198810577,
      0.0016624381532892585,
      0.06385882198810577,
      0.0016624381532892585,
      0.06385882198810577,
      0.0016624381532892585,
      0.06385882198810577,
      0.0014526559971272945,
      0.0016624381532892585,
      0.0016624381532892585,
      0.0016624381532892585,
      0.012286570854485035,
      0.012755794450640678,
      0.01574697345495224,
      0.015533575788140297,
      0.09620082378387451,
      0.0015009272610768676,
      0.06385882198810577,
      0.0014526559971272945,
      0.06385882198810577,
      0.0016624381532892585,
      0.06385882198810577,
      0.0016624381532892585,
      0.06385882198810577,
      0.0016624381532892585,
      0.06385882198810577,
      0.09620082378387451,
      0.06385882198810577,
      0.06385882198810577,
      0.06385882198810577,
      0.06385882198810577,
      0.09601172059774399,
      0.1239628866314888,
      0.11726190149784088,
      0.11133614182472229,
      0.07834740728139877
    ],
    "incident_id": [
      "atlasv2/h2-benign-seg033",
      "atlasv2/h2-benign-seg033",
      "atlasv2/h2-benign-seg033",
      "atlasv2/h2-benign-seg033",
      "atlasv2/h2-benign-seg033",
      "atlasv2/h2-benign-seg033",
      "atlasv2/h2-benign-seg033",
      "atlasv2/h2-benign-seg033",
      "atlasv2/h2-benign-seg033",
      "atlasv2/h2-benign-seg033",
      "atlasv2/h2-benign-seg033",
      "atlasv2/h2-benign-seg033",
      "atlasv2/h2-benign-seg033",
      "atlasv2/h2-benign-seg033",
      "atlasv2/h2-benign-seg033",
      "atlasv2/h2-benign-seg033",
      "atlasv2/h2-benign-seg033",
      "atlasv2/h2-benign-seg033",
      "atlasv2/h2-benign-seg033",
      "atlasv2/h2-benign-seg033",
      "atlasv2/h2-benign-seg033",
      "atlasv2/h2-benign-seg033",
      "atlasv2/h2-benign-seg033",
      "atlasv2/h2-benign-seg033",
      "atlasv2/h2-benign-seg033",
      "atlasv2/h2-benign-seg033",
      "atlasv2/h2-benign-seg033",
      "atlasv2/h2-benign-seg033",
      "atlasv2/h2-benign-seg033",
      "atlasv2/h2-benign-seg033",
      "atlasv2/h2-benign-seg033",
      "atlasv2/h2-benign-seg033",
      "atlasv2/h2-benign-seg034",
      "atlasv2/h2-benign-seg034",
      "atlasv2/h2-benign-seg034",
      "atlasv2/h2-benign-seg034",
      "atlasv2/h2-benign-seg034",
      "atlasv2/h2-benign-seg034",
      "atlasv2/h2-benign-seg034",
      "atlasv2/h2-benign-seg034",
      "atlasv2/h2-benign-seg034",
      "atlasv2/h2-benign-seg034",
      "atlasv2/h2-benign-seg034",
      "atlasv2/h2-benign-seg034",
      "atlasv2/h2-benign-seg034",
      "atlasv2/h1-benign-seg034",
      "atlasv2/h2-benign-seg034",
      "atlasv2/h1-benign-seg034",
      "atlasv2/h2-benign-seg034",
      "atlasv2/h1-benign-seg034",
      "atlasv2/h2-benign-seg034",
      "atlasv2/h1-benign-seg034",
      "atlasv2/h2-benign-seg034",
      "atlasv2/h1-benign-seg034",
      "atlasv2/h2-benign-seg035",
      "atlasv2/h2-benign-seg035",
      "atlasv2/h2-benign-seg035",
      "atlasv2/h2-benign-seg035",
      "atlasv2/h2-benign-seg035",
      "atlasv2/h2-benign-seg035",
      "atlasv2/h2-benign-seg035",
      "atlasv2/h2-benign-seg035",
      "atlasv2/h1-benign-seg035",
      "atlasv2/h2-benign-seg035",
      "atlasv2/h1-benign-seg035",
      "atlasv2/h2-benign-seg035",
      "atlasv2/h1-benign-seg035",
      "atlasv2/h2-benign-seg035",
      "atlasv2/h1-benign-seg035",
      "atlasv2/h2-benign-seg035",
      "atlasv2/h1-benign-seg035",
      "atlasv2/h2-benign-seg035",
      "atlasv2/h1-benign-seg035",
      "atlasv2/h1-s4",
      "atlasv2/h1-s4",
      "atlasv2/h1-s4",
      "atlasv2/h1-s4",
      "atlasv2/h1-s4",
      "atlasv2/h1-s4",
      "atlasv2/h1-s4",
      "atlasv2/h1-s4",
      "atlasv2/h1-s4",
      "atlasv2/h1-s4"
    ],