{
  "display_name": "DLinear-Forecaster",
  "base_experiment_name": "r020_dlinear_forecaster_atlasv2_public_event_disjoint",
  "seed": 10946,
  "split": "test_event_disjoint",
  "metrics": {
    "AUPRC": 0.7619047619047619,
    "AUROC": 0.9588744588744588,
    "Brier": 0.059480576629678594,
    "LogLoss": 0.18834774438534788,
    "ECE@10": 0.05071235431361023,
    "BestF1": 0.8,
    "LeadTime@P80": 12.5,
    "Precision@P80": 1.0,
    "Recall@P80": 0.6666666666666666,
    "LeadTimeDetail": {
      "threshold": 0.102485,
      "precision": 1.0,
      "recall": 0.6666666666666666,
      "lead_time": 12.5
    }
  },
  "threshold": 0.5,
  "policy_info": null,
  "predictions": {
    "y_true": [
      0,
      0,
      0,
      0,
      0,
      0,
      0,
      0,
      0,
      0,
      0,
      0,
      0,
      0,
      0,
      0,
      0,
      0,
      0,
      0,
      0,
      0,
      0,
      0,
      0,
      0,
      0,
      0,
      0,
      0,
      0,
      0,
      0,
      0,
      0,
      0,
      0,
      0,
      0,
      0,
      0,
      0,
      0,
      0,
      0,
      0,
      0,
      0,
      0,
      0,
      0,
      0,
      0,
      0,
      0,
      0,
      0,
      0,
      0,
      0,
      0,
      0,
      0,
      0,
      0,
      0,
      0,
      0,
      0,
      0,
      0,
      0,
      0,
      0,
      0,
      0,
      1,
      1,
      1,
      1,
      1,
      1,
      0
    ],
    "y_score": [
      0.0020417016930878162,
      0.0010792448883876204,
      0.0003703800612129271,
      0.0003679883957374841,
      0.0012635936727747321,
      0.0006017160485498607,
      0.000616668548900634,
      0.0009233843302354217,
      0.0013700820272788405,
      0.0008267206721939147,
      0.000493729196023196,
      0.0003679883957374841,
      0.0012635936727747321,
      0.0012635936727747321,
      0.0012635936727747321,
      0.0012635936727747321,
      0.0012635936727747321,
      0.0012635936727747321,
      0.0012635936727747321,
      0.0012635936727747321,
      0.0012635936727747321,
      0.0012635936727747321,
      0.0012635936727747321,
      0.0012635936727747321,
      0.0012635936727747321,
      0.0012635936727747321,
      0.0012635936727747321,
      0.0012635936727747321,
      0.0012635936727747321,
      0.0012635936727747321,
      0.0012635936727747321,
      0.008601341396570206,
      0.044316962361335754,
      0.04408009350299835,
      0.04445638135075569,
      0.009287171065807343,
      0.0005063544376753271,
      0.0005345402751117945,
      0.0012635936727747321,
      0.0012635936727747321,
      0.0012635936727747321,
      0.008601341396570206,
      0.00888062547892332,
      0.008534088730812073,
      0.008794005028903484,
      0.10248491913080215,
      0.0012635936727747321,
      0.047254759818315506,
      0.0012635936727747321,
      0.047254759818315506,
      0.0012635936727747321,
      0.047254759818315506,
      0.0012635936727747321,
      0.047254759818315506,
      0.0008432728354819119,
      0.0012635936727747321,
      0.0012635936727747321,
      0.0012635936727747321,
      0.009662296622991562,
      0.009979470632970333,
      0.011325190775096416,
      0.011669657193124294,
      0.10248491913080215,
      0.0008409169968217611,
      0.047254759818315506,
      0.0008432728354819119,
      0.047254759818315506,
      0.0012635936727747321,
      0.047254759818315506,
      0.0012635936727747321,
      0.047254759818315506,
      0.0012635936727747321,
      0.047254759818315506,
      0.10248491913080215,
      0.047254759818315506,
      0.047254759818315506,
      0.047254759818315506,
      0.047254759818315506,
      0.10254450142383575,
      0.14863377809524536,
      0.13412903249263763,
      0.1212979182600975,
      0.0799875482916832
    ],
    "incident_id": [
      "atlasv2/h2-benign-seg033",
      "atlasv2/h2-benign-seg033",
      "atlasv2/h2-benign-seg033",
      "atlasv2/h2-benign-seg033",
      "atlasv2/h2-benign-seg033",
      "atlasv2/h2-benign-seg033",
      "atlasv2/h2-benign-seg033",
      "atlasv2/h2-benign-seg033",
      "atlasv2/h2-benign-seg033",
      "atlasv2/h2-benign-seg033",
      "atlasv2/h2-benign-seg033",
      "atlasv2/h2-benign-seg033",
      "atlasv2/h2-benign-seg033",
      "atlasv2/h2-benign-seg033",
      "atlasv2/h2-benign-seg033",
      "atlasv2/h2-benign-seg033",
      "atlasv2/h2-benign-seg033",
      "atlasv2/h2-benign-seg033",
      "atlasv2/h2-benign-seg033",
      "atlasv2/h2-benign-seg033",
      "atlasv2/h2-benign-seg033",
      "atlasv2/h2-benign-seg033",
      "atlasv2/h2-benign-seg033",
      "atlasv2/h2-benign-seg033",
      "atlasv2/h2-benign-seg033",
      "atlasv2/h2-benign-seg033",
      "atlasv2/h2-benign-seg033",
      "atlasv2/h2-benign-seg033",
      "atlasv2/h2-benign-seg033",
      "atlasv2/h2-benign-seg033",
      "atlasv2/h2-benign-seg033",
      "atlasv2/h2-benign-seg033",
      "atlasv2/h2-benign-seg034",
      "atlasv2/h2-benign-seg034",
      "atlasv2/h2-benign-seg034",
      "atlasv2/h2-benign-seg034",
      "atlasv2/h2-benign-seg034",
      "atlasv2/h2-benign-seg034",
      "atlasv2/h2-benign-seg034",
      "atlasv2/h2-benign-seg034",
      "atlasv2/h2-benign-seg034",
      "atlasv2/h2-benign-seg034",
      "atlasv2/h2-benign-seg034",
      "atlasv2/h2-benign-seg034",
      "atlasv2/h2-benign-seg034",
      "atlasv2/h1-benign-seg034",
      "atlasv2/h2-benign-seg034",
      "atlasv2/h1-benign-seg034",
      "atlasv2/h2-benign-seg034",
      "atlasv2/h1-benign-seg034",
      "atlasv2/h2-benign-seg034",
      "atlasv2/h1-benign-seg034",
      "atlasv2/h2-benign-seg034",
      "atlasv2/h1-benign-seg034",
      "atlasv2/h2-benign-seg035",
      "atlasv2/h2-benign-seg035",
      "atlasv2/h2-benign-seg035",
      "atlasv2/h2-benign-seg035",
      "atlasv2/h2-benign-seg035",
      "atlasv2/h2-benign-seg035",
      "atlasv2/h2-benign-seg035",
      "atlasv2/h2-benign-seg035",
      "atlasv2/h1-benign-seg035",
      "atlasv2/h2-benign-seg035",
      "atlasv2/h1-benign-seg035",
      "atlasv2/h2-benign-seg035",
      "atlasv2/h1-benign-seg035",
      "atlasv2/h2-benign-seg035",
      "atlasv2/h1-benign-seg035",
      "atlasv2/h2-benign-seg035",
      "atlasv2/h1-benign-seg035",
      "atlasv2/h2-benign-seg035",
      "atlasv2/h1-benign-seg035",
      "atlasv2/h1-s4",
      "atlasv2/h1-s4",
      "atlasv2/h1-s4",
      "atlasv2/h1-s4",
      "atlasv2/h1-s4",
      "atlasv2/h1-s4",
      "atlasv2/h1-s4",
      "atlasv2/h1-s4",
      "atlasv2/h1-s4",
      "atlasv2/h1-s4"
    ],