{
  "display_name": "DLinear-Forecaster",
  "base_experiment_name": "r020_dlinear_forecaster_atlasv2_public_event_disjoint",
  "seed": 28657,
  "metrics": {
    "AUPRC": 0.7619047619047619,
    "AUROC": 0.9588744588744589,
    "Brier": 0.061084405188184344,
    "LogLoss": 0.19482306670296068,
    "ECE@10": 0.053776235209745685,
    "BestF1": 0.8,
    "LeadTime@P80": 12.5,
    "Precision@P80": 1.0,
    "Recall@P80": 0.6666666666666666,
    "LeadTimeDetail": {
      "threshold": 0.089534,
      "precision": 1.0,
      "recall": 0.6666666666666666,
      "lead_time": 12.5
    }
  },
  "threshold": 0.5,
  "policy_info": null,
  "predictions": {
    "y_true": [
      0,
      0,
      0,
      0,
      0,
      0,
      0,
      0,
      0,
      0,
      0,
      0,
      0,
      0,
      0,
      0,
      0,
      0,
      0,
      0,
      0,
      0,
      0,
      0,
      0,
      0,
      0,
      0,
      0,
      0,
      0,
      0,
      0,
      0,
      0,
      0,
      0,
      0,
      0,
      0,
      0,
      0,
      0,
      0,
      0,
      0,
      0,
      0,
      0,
      0,
      0,
      0,
      0,
      0,
      0,
      0,
      0,
      0,
      0,
      0,
      0,
      0,
      0,
      0,
      0,
      0,
      0,
      0,
      0,
      0,
      0,
      0,
      0,
      0,
      0,
      0,
      1,
      1,
      1,
      1,
      1,
      1,
      0
    ],
    "y_score": [
      0.0008393855532631278,
      0.00037597763002850115,
      0.00012039496505167335,
      0.00011703456402756274,
      0.0005545575986616313,
      0.00018741603707894683,
      0.00016143523680511862,
      0.0002344391541555524,
      0.00037995498860254884,
      0.000224481409532018,
      0.0001392047997796908,
      0.00011703456402756274,
      0.0005545575986616313,
      0.0005545575986616313,
      0.0005545575986616313,
      0.0005545575986616313,
      0.0005545575986616313,
      0.0005545575986616313,
      0.0005545575986616313,
      0.0005545575986616313,
      0.0005545575986616313,
      0.0005545575986616313,
      0.0005545575986616313,
      0.0005545575986616313,
      0.0005545575986616313,
      0.0005545575986616313,
      0.0005545575986616313,
      0.0005545575986616313,
      0.0005545575986616313,
      0.0005545575986616313,
      0.0005545575986616313,
      0.004846545401960611,
      0.030503233894705772,
      0.030432574450969696,
      0.030544942244887352,
      0.0057264771312475204,
      0.00023595690436195582,
      0.00023075408535078168,
      0.0005545575986616313,
      0.0005545575986616313,
      0.0005545575986616313,
      0.004846545401960611,
      0.00491729099303484,
      0.004786320962011814,
      0.005049759987741709,
      0.08937706798315048,
      0.0005545575986616313,
      0.047152794897556305,
      0.0005545575986616313,
      0.047152794897556305,
      0.0005545575986616313,
      0.047152794897556305,
      0.0005545575986616313,
      0.047152794897556305,
      0.00037354129017330706,
      0.0005545575986616313,
      0.0005545575986616313,
      0.0005545575986616313,
      0.0054549602791666985,
      0.0055387853644788265,
      0.0067747123539447784,
      0.007138803601264954,
      0.08937706798315048,
      0.000371311791241169,
      0.047152794897556305,
      0.00037354129017330706,
      0.047152794897556305,
      0.0005545575986616313,
      0.047152794897556305,
      0.0005545575986616313,
      0.047152794897556305,
      0.0005545575986616313,
      0.047152794897556305,
      0.08937706798315048,
      0.047152794897556305,
      0.047152794897556305,
      0.047152794897556305,
      0.047152794897556305,
      0.08953404426574707,
      0.12474235147237778,
      0.11043845117092133,
      0.09868945181369781,
      0.06270742416381836
    ],
    "incident_id": [
      "atlasv2/h2-benign-seg033",
      "atlasv2/h2-benign-seg033",
      "atlasv2/h2-benign-seg033",
      "atlasv2/h2-benign-seg033",
      "atlasv2/h2-benign-seg033",
      "atlasv2/h2-benign-seg033",
      "atlasv2/h2-benign-seg033",
      "atlasv2/h2-benign-seg033",
      "atlasv2/h2-benign-seg033",
      "atlasv2/h2-benign-seg033",
      "atlasv2/h2-benign-seg033",
      "atlasv2/h2-benign-seg033",
      "atlasv2/h2-benign-seg033",
      "atlasv2/h2-benign-seg033",
      "atlasv2/h2-benign-seg033",
      "atlasv2/h2-benign-seg033",
      "atlasv2/h2-benign-seg033",
      "atlasv2/h2-benign-seg033",
      "atlasv2/h2-benign-seg033",
      "atlasv2/h2-benign-seg033",
      "atlasv2/h2-benign-seg033",
      "atlasv2/h2-benign-seg033",
      "atlasv2/h2-benign-seg033",
      "atlasv2/h2-benign-seg033",
      "atlasv2/h2-benign-seg033",
      "atlasv2/h2-benign-seg033",
      "atlasv2/h2-benign-seg033",
      "atlasv2/h2-benign-seg033",
      "atlasv2/h2-benign-seg033",
      "atlasv2/h2-benign-seg033",
      "atlasv2/h2-benign-seg033",
      "atlasv2/h2-benign-seg033",
      "atlasv2/h2-benign-seg034",
      "atlasv2/h2-benign-seg034",
      "atlasv2/h2-benign-seg034",
      "atlasv2/h2-benign-seg034",
      "atlasv2/h2-benign-seg034",
      "atlasv2/h2-benign-seg034",
      "atlasv2/h2-benign-seg034",
      "atlasv2/h2-benign-seg034",
      "atlasv2/h2-benign-seg034",
      "atlasv2/h2-benign-seg034",
      "atlasv2/h2-benign-seg034",
      "atlasv2/h2-benign-seg034",
      "atlasv2/h2-benign-seg034",
      "atlasv2/h1-benign-seg034",
      "atlasv2/h2-benign-seg034",
      "atlasv2/h1-benign-seg034",
      "atlasv2/h2-benign-seg034",
      "atlasv2/h1-benign-seg034",
      "atlasv2/h2-benign-seg034",
      "atlasv2/h1-benign-seg034",
      "atlasv2/h2-benign-seg034",
      "atlasv2/h1-benign-seg034",
      "atlasv2/h2-benign-seg035",
      "atlasv2/h2-benign-seg035",
      "atlasv2/h2-benign-seg035",
      "atlasv2/h2-benign-seg035",
      "atlasv2/h2-benign-seg035",
      "atlasv2/h2-benign-seg035",
      "atlasv2/h2-benign-seg035",
      "atlasv2/h2-benign-seg035",
      "atlasv2/h1-benign-seg035",
      "atlasv2/h2-benign-seg035",
      "atlasv2/h1-benign-seg035",
      "atlasv2/h2-benign-seg035",
      "atlasv2/h1-benign-seg035",
      "atlasv2/h2-benign-seg035",
      "atlasv2/h1-benign-seg035",
      "atlasv2/h2-benign-seg035",
      "atlasv2/h1-benign-seg035",
      "atlasv2/h2-benign-seg035",
      "atlasv2/h1-benign-seg035",
      "atlasv2/h1-s4",
      "atlasv2/h1-s4",
      "atlasv2/h1-s4",
      "atlasv2/h1-s4",
      "atlasv2/h1-s4",
      "atlasv2/h1-s4",
      "atlasv2/h1-s4",
      "atlasv2/h1-s4",
      "atlasv2/h1-s4",
      "atlasv2/h1-s4"
    ],