{
  "display_name": "DLinear-Forecaster",
  "base_experiment_name": "r020_dlinear_forecaster_atlasv2_public_event_disjoint",
  "seed": 75025,
  "split": "test_event_disjoint",
  "metrics": {
    "AUPRC": 0.6904761904761904,
    "AUROC": 0.9523809523809523,
    "Brier": 0.0547005805156441,
    "LogLoss": 0.1678931502855441,
    "ECE@10": 0.034647063625673484,
    "BestF1": 0.6666666666666666,
    "LeadTime@P80": 10.0,
    "Precision@P80": 1.0,
    "Recall@P80": 0.5,
    "LeadTimeDetail": {
      "threshold": 0.178934,
      "precision": 1.0,
      "recall": 0.5,
      "lead_time": 10.0
    }
  },
  "threshold": 0.5,
  "policy_info": null,
  "predictions": {
    "y_true": [
      0,
      0,
      0,
      0,
      0,
      0,
      0,
      0,
      0,
      0,
      0,
      0,
      0,
      0,
      0,
      0,
      0,
      0,
      0,
      0,
      0,
      0,
      0,
      0,
      0,
      0,
      0,
      0,
      0,
      0,
      0,
      0,
      0,
      0,
      0,
      0,
      0,
      0,
      0,
      0,
      0,
      0,
      0,
      0,
      0,
      0,
      0,
      0,
      0,
      0,
      0,
      0,
      0,
      0,
      0,
      0,
      0,
      0,
      0,
      0,
      0,
      0,
      0,
      0,
      0,
      0,
      0,
      0,
      0,
      0,
      0,
      0,
      0,
      0,
      0,
      0,
      1,
      1,
      1,
      1,
      1,
      1,
      0
    ],
    "y_score": [
      0.005379704758524895,
      0.0032199581619352102,
      0.001198158715851605,
      0.0012001695577055216,
      0.0028773259837180376,
      0.0017529407050460577,
      0.0019677248783409595,
      0.002954390598461032,
      0.004398718010634184,
      0.0027629565447568893,
      0.0016708560287952423,
      0.0012001695577055216,
      0.0028773259837180376,
      0.0028773259837180376,
      0.0028773259837180376,
      0.0028773259837180376,
      0.0028773259837180376,
      0.0028773259837180376,
      0.0028773259837180376,
      0.0028773259837180376,
      0.0028773259837180376,
      0.0028773259837180376,
      0.0028773259837180376,
      0.0028773259837180376,
      0.0028773259837180376,
      0.0028773259837180376,
      0.0028773259837180376,
      0.0028773259837180376,
      0.0028773259837180376,
      0.0028773259837180376,
      0.0028773259837180376,
      0.020281843841075897,
      0.0832323431968689,
      0.08267058432102203,
      0.08457972854375839,
      0.02373787946999073,
      0.001609580940566957,
      0.0015377383679151535,
      0.0028773259837180376,
      0.0028773259837180376,
      0.0028773259837180376,
      0.020281843841075897,
      0.021040054038167,
      0.01998259872198105,
      0.02098863758146763,
      0.1540738195180893,
      0.0028773259837180376,
      0.09373766928911209,
      0.0028773259837180376,
      0.09373766928911209,
      0.0028773259837180376,
      0.09373766928911209,
      0.0028773259837180376,
      0.09373766928911209,
      0.0019185853889212012,
      0.0028773259837180376,
      0.0028773259837180376,
      0.0028773259837180376,
      0.021773213520646095,
      0.02263045869767666,
      0.02395406924188137,
      0.02515180967748165,
      0.1540738195180893,
      0.0018937088316306472,
      0.09373766928911209,
      0.0019185853889212012,
      0.09373766928911209,
      0.0028773259837180376,
      0.09373766928911209,
      0.0028773259837180376,
      0.09373766928911209,
      0.0028773259837180376,
      0.09373766928911209,
      0.1540738195180893,
      0.09373766928911209,
      0.09373766928911209,
      0.09373766928911209,
      0.09373766928911209,
      0.1535286158323288,
      0.19987475872039795,
      0.18876269459724426,
      0.17893414199352264,
      0.12054158002138138
    ],
    "incident_id": [
      "atlasv2/h2-benign-seg033",
      "atlasv2/h2-benign-seg033",
      "atlasv2/h2-benign-seg033",
      "atlasv2/h2-benign-seg033",
      "atlasv2/h2-benign-seg033",
      "atlasv2/h2-benign-seg033",
      "atlasv2/h2-benign-seg033",
      "atlasv2/h2-benign-seg033",
      "atlasv2/h2-benign-seg033",
      "atlasv2/h2-benign-seg033",
      "atlasv2/h2-benign-seg033",
      "atlasv2/h2-benign-seg033",
      "atlasv2/h2-benign-seg033",
      "atlasv2/h2-benign-seg033",
      "atlasv2/h2-benign-seg033",
      "atlasv2/h2-benign-seg033",
      "atlasv2/h2-benign-seg033",
      "atlasv2/h2-benign-seg033",
      "atlasv2/h2-benign-seg033",
      "atlasv2/h2-benign-seg033",
      "atlasv2/h2-benign-seg033",
      "atlasv2/h2-benign-seg033",
      "atlasv2/h2-benign-seg033",
      "atlasv2/h2-benign-seg033",
      "atlasv2/h2-benign-seg033",
      "atlasv2/h2-benign-seg033",
      "atlasv2/h2-benign-seg033",
      "atlasv2/h2-benign-seg033",
      "atlasv2/h2-benign-seg033",
      "atlasv2/h2-benign-seg033",
      "atlasv2/h2-benign-seg033",
      "atlasv2/h2-benign-seg033",
      "atlasv2/h2-benign-seg034",
      "atlasv2/h2-benign-seg034",
      "atlasv2/h2-benign-seg034",
      "atlasv2/h2-benign-seg034",
      "atlasv2/h2-benign-seg034",
      "atlasv2/h2-benign-seg034",
      "atlasv2/h2-benign-seg034",
      "atlasv2/h2-benign-seg034",
      "atlasv2/h2-benign-seg034",
      "atlasv2/h2-benign-seg034",
      "atlasv2/h2-benign-seg034",
      "atlasv2/h2-benign-seg034",
      "atlasv2/h2-benign-seg034",
      "atlasv2/h1-benign-seg034",
      "atlasv2/h2-benign-seg034",
      "atlasv2/h1-benign-seg034",
      "atlasv2/h2-benign-seg034",
      "atlasv2/h1-benign-seg034",
      "atlasv2/h2-benign-seg034",
      "atlasv2/h1-benign-seg034",
      "atlasv2/h2-benign-seg034",
      "atlasv2/h1-benign-seg034",
      "atlasv2/h2-benign-seg035",
      "atlasv2/h2-benign-seg035",
      "atlasv2/h2-benign-seg035",
      "atlasv2/h2-benign-seg035",
      "atlasv2/h2-benign-seg035",
      "atlasv2/h2-benign-seg035",
      "atlasv2/h2-benign-seg035",
      "atlasv2/h2-benign-seg035",
      "atlasv2/h1-benign-seg035",
      "atlasv2/h2-benign-seg035",
      "atlasv2/h1-benign-seg035",
      "atlasv2/h2-benign-seg035",
      "atlasv2/h1-benign-seg035",
      "atlasv2/h2-benign-seg035",
      "atlasv2/h1-benign-seg035",
      "atlasv2/h2-benign-seg035",
      "atlasv2/h1-benign-seg035",
      "atlasv2/h2-benign-seg035",
      "atlasv2/h1-benign-seg035",
      "atlasv2/h1-s4",
      "atlasv2/h1-s4",
      "atlasv2/h1-s4",
      "atlasv2/h1-s4",
      "atlasv2/h1-s4",
      "atlasv2/h1-s4",
      "atlasv2/h1-s4",
      "atlasv2/h1-s4",
      "atlasv2/h1-s4",
      "atlasv2/h1-s4"
    ],