{
  "experiment_name": "r400_splunk_attack_data_probe_pure_knn_seed7",
  "dataset_dir": "data/splunk_attack_data_public_probe",
  "model": {
    "type": "pure_knn",
    "top_k": 5
  },
  "dev": {
    "AUPRC": 0.4629907436411477,
    "AUROC": 0.8666530944625408,
    "Brier": 0.09279539008820782,
    "LogLoss": 0.4416805109926917,
    "ECE@10": 0.08818365828868362,
    "BestF1": 0.5645161290322581,
    "LeadTime@P80": 4.0,
    "Precision@P80": 0.875,
    "Recall@P80": 0.175,
    "LeadTimeDetail": {
      "threshold": 1.0,
      "precision": 0.875,
      "recall": 0.175,
      "lead_time": 4.0
    },
    "Analog-Fidelity@5": 85.70605187319885,
    "TTE-Err@1": 5.949999809265137
  },
  "test": {
    "AUPRC": 0.550230145331197,
    "AUROC": 0.7627975003324025,
    "Brier": 0.1523344952428798,
    "LogLoss": 1.3078829531002951,
    "ECE@10": 0.1261317394132282,
    "BestF1": 0.5935483870967742,
    "LeadTime@P80": 3.4000000953674316,
    "Precision@P80": 1.0,
    "Recall@P80": 0.14492753623188406,
    "LeadTimeDetail": {
      "threshold": 1.0,
      "precision": 1.0,
      "recall": 0.14492753623188406,
      "lead_time": 3.4000000953674316
    },
    "Analog-Fidelity@5": 84.39024390243902,
    "TTE-Err@1": 6.768115997314453
  },
  "test_event_disjoint": {
    "AUPRC": 0.550230145331197,
    "AUROC": 0.7627975003324025,
    "Brier": 0.1523344952428798,
    "LogLoss": 1.3078829531002951,
    "ECE@10": 0.1261317394132282,
    "BestF1": 0.5935483870967742,
    "LeadTime@P80": 3.4000000953674316,
    "Precision@P80": 1.0,
    "Recall@P80": 0.14492753623188406,
    "LeadTimeDetail": {
      "threshold": 1.0,
      "precision": 1.0,
      "recall": 0.14492753623188406,
      "lead_time": 3.4000000953674316
    },
    "Analog-Fidelity@5": 84.39024390243902,
    "TTE-Err@1": 6.768115997314453
  }
}